model,,gid,obs_peak,same_day,matched_peak,volume5,timing_hit
tree,0,6007,17.67,0.9443029,0.9443029,0.86658704,False
tree,1,6007,22.34,0.97412896,0.97412896,0.91304445,True
tree,2,6007,14.89,1.0260051,1.0260051,0.9913657,True
tree,3,6007,17.66,0.8291375,1.139846,1.0135697,False
tree,4,6007,31.27,0.7159959,0.7159959,0.7113287,False
tree,5,6007,22.12,0.99533087,0.99533087,0.90090424,True
tree,6,6007,14.31,0.7630284,0.7854399,0.82933336,True
tree,7,6007,14.16,0.95286936,0.95286936,0.84453595,True
tree,8,6007,14.83,0.8004334,1.0130838,0.96830285,True
tree,9,6007,18.12,1.0511304,1.2573419,1.1748068,True
tree,10,6007,16.2,0.79344004,0.9296541,0.82736826,True
tree,11,6007,13.44,0.88455284,1.0897255,1.145381,True
tree,12,7001,33.31,0.12690625,0.1474549,0.27406797,False
tree,13,7001,34.07,0.23524036,0.38300508,0.48982295,False
tree,14,7001,28.19,0.60369134,0.60369134,0.8713219,True
tree,15,7001,43.06,0.7695396,0.7695396,0.80830216,True
tree,16,7001,42.89,0.3130243,0.3130243,0.45699555,False
tree,17,7001,32.89,0.59819037,0.6637227,0.86579967,True
tree,18,7001,32.83,0.7344642,0.7344642,0.92886335,True
tree,19,7001,21.81,0.48367685,0.48367685,0.74765533,False
tree,20,7001,21.21,0.79935706,0.79935706,1.1452321,True
tree,21,7001,26.99,0.49587902,0.49587902,0.7437647,False
tree,22,7001,28.21,0.5975109,0.5975109,0.6671516,False
tree,23,7001,20.55,0.3543386,0.42656884,0.6210796,False
tree,24,7002,27.02,0.10249233,0.11635361,0.21875645,False
tree,25,7002,26.82,0.47458318,0.49502224,0.66462433,True
tree,26,7002,19.1,0.6813138,0.6813138,0.97959083,True
tree,27,7002,43.3,0.589516,0.589516,0.81149393,True
tree,28,7002,22.48,0.56181353,0.56181353,0.8281818,False
tree,29,7002,26.57,0.5105674,0.5105674,0.7543815,False
tree,30,7002,30.55,0.74570686,0.74570686,0.85520434,True
tree,31,7002,15.13,0.34710044,0.46176147,0.61146003,False
tree,32,7002,17.94,0.8420872,0.8420872,1.1439977,True
tree,33,7002,14.37,0.3307074,0.3307074,0.6332855,False
tree,34,7002,19.77,0.93035203,0.93035203,0.85330087,True
tree,35,7002,17.97,0.4625575,0.4625575,0.6414054,False
tree,36,7003,8.73,0.24665302,0.24665302,0.33517385,False
tree,37,7003,14.23,0.74870795,0.74870795,0.9118878,True
tree,38,7003,5.37,0.40238357,0.40238357,0.40015477,False
tree,39,7003,28.82,0.56950533,0.56950533,0.8890117,True
tree,40,7003,11.71,1.0703462,1.0703462,1.2066276,True
tree,41,7003,6.32,0.3306237,0.3306237,0.50141567,False
tree,42,7003,26.02,0.48436582,0.48436582,0.70190465,True
tree,43,7003,6.77,0.7038437,0.8448726,1.0201983,True
tree,44,7003,9.93,1.0648808,1.0648808,1.1930956,True
tree,45,7003,9.27,0.7013155,0.7013155,0.85616237,True
tree,46,7003,17.1,0.88190204,0.88190204,1.1053363,True
tree,47,7003,5.53,0.70139956,0.70139956,0.8874382,False
tree,48,8004,17.26,0.22252,0.25439176,0.44365406,False
tree,49,8004,20.84,0.4247141,0.6564509,0.7622096,True
tree,50,8004,15.33,0.4073544,0.4073544,0.59380865,False
tree,51,8004,22.45,0.6704723,0.6704723,0.76359075,True
tree,52,8004,21.3,0.91508394,0.91508394,1.0591947,True
tree,53,8004,24.4,0.5994259,0.5994259,0.9287738,True
tree,54,8004,21.49,0.660347,0.660347,0.7801094,True
tree,55,8004,13.73,0.3787794,0.4326091,0.5619047,False
tree,56,8004,12.32,1.0531071,1.0531071,1.1535091,True
tree,57,8004,11.76,0.2577547,0.31030813,0.66093427,False
tree,58,8004,25.26,0.4814564,0.4814564,0.5984327,False
tree,59,8004,15.56,0.3671391,0.3671391,0.4429222,False
tree,60,8005,14.66,0.83308136,0.83308136,0.7322917,True
tree,61,8005,12.43,0.26179793,0.5243595,0.6041329,False
tree,62,8005,8.26,0.67023975,0.79919094,0.7758376,False
tree,63,8005,13.79,0.63717216,0.9161126,0.77556443,True
tree,64,8005,18.94,0.2654312,0.39826655,0.46626413,False
tree,65,8005,21.15,0.5167599,0.7626163,0.70143867,False
tree,66,8005,7.17,0.6954011,0.833908,0.92746705,True
tree,67,8005,8.17,0.5361454,0.6132302,0.77455014,False
tree,68,8005,6.88,0.7058337,0.7058337,0.9949117,False
tree,69,8005,13.03,0.5788792,0.9389871,0.851487,False
tree,70,8005,16.73,0.508193,0.6042603,0.63522416,True
tree,71,8005,9.66,0.7762536,0.7762536,0.85132676,True
tree,72,8006,10.77,0.9433415,0.9433415,0.84738004,True
tree,73,8006,12.86,0.5934292,0.5934292,0.8096509,False
tree,74,8006,6.57,0.9447122,0.9447122,1.2146684,True
tree,75,8006,15.39,0.8738453,0.8738453,0.8835345,True
tree,76,8006,10.85,0.97449213,1.0268996,1.0854074,True
tree,77,8006,12.77,1.006155,1.006155,1.0109874,True
tree,78,8006,9.51,0.68428886,0.68428886,0.8581605,True
tree,79,8006,6.76,0.56316245,0.78524554,0.8189988,False
tree,80,8006,9.68,0.908146,0.908146,1.0797784,True
tree,81,8006,8.8,0.82715374,1.1072541,1.0433046,False
tree,82,8006,11.76,0.7012422,0.74561685,0.7243978,False
tree,83,8006,10.42,0.7753304,0.7753304,0.87743706,True
tree,84,8009,22.57,0.1294804,0.15262252,0.3020456,False
tree,85,8009,24.81,0.2014694,0.28398815,0.44163173,False
tree,86,8009,17.8,0.4539848,0.4539848,0.7346025,True
tree,87,8009,26.17,0.56955945,0.56955945,0.809498,True
tree,88,8009,23.62,0.27773926,0.27773926,0.44703138,False
tree,89,8009,22.49,0.6725141,0.6725141,1.0047818,True
tree,90,8009,18.93,0.94130427,0.94130427,1.068412,True
tree,91,8009,14.43,0.3952239,0.48564136,0.71470183,False
tree,92,8009,18.45,0.67587674,0.69433856,0.9509839,True
tree,93,8009,18.33,0.59766024,0.59766024,0.86856914,False
tree,94,8009,17.9,0.6068696,0.6068696,0.7045848,False
tree,95,8009,14.49,0.50608313,0.60470885,0.8285226,True
tree,96,9002,21.87,0.54339194,0.54339194,0.8412918,True
tree,97,9002,13.5,0.66673255,0.66673255,0.87711966,True
tree,98,9002,11.98,0.71694905,0.71694905,0.9262818,False
tree,99,9002,24.29,0.48823592,0.48823592,0.80689,True
tree,100,9002,19.41,1.0780759,1.0780759,1.0611799,True
tree,101,9002,27.92,0.48076168,0.68342733,0.9180962,True
tree,102,9002,17.6,0.44559422,0.63419175,0.90315753,True
tree,103,9002,12.0,0.56281143,0.56281143,0.9014239,False
tree,104,9002,10.98,0.9371086,0.9371086,1.0052934,True
tree,105,9002,15.25,0.45844176,0.45844176,0.70167357,True
tree,106,9002,20.85,0.5905687,0.669553,0.91805595,True
tree,107,9002,10.18,0.6313396,0.6313396,1.0041094,False
tree,108,9003,30.52,0.435109,0.4862188,0.7035354,False
tree,109,9003,15.17,0.68288857,0.7121901,0.9233836,True
tree,110,9003,9.84,0.4292663,0.4292663,0.47859964,False
tree,111,9003,30.88,0.65871406,0.65871406,0.87501127,True
tree,112,9003,27.14,1.1015395,1.1015395,1.0563467,True
tree,113,9003,21.13,0.7289774,0.7289774,1.0387706,True
tree,114,9003,25.92,0.34633642,0.5372498,0.67178893,True
tree,115,9003,11.74,0.5069425,0.53330415,0.85352415,False
tree,116,9003,17.21,0.96420413,0.96420413,1.0610731,False
tree,117,9003,12.86,0.65296584,0.65296584,0.71605885,True
tree,118,9003,21.24,0.54286325,0.54286325,0.73516536,False
tree,119,9003,15.31,0.50507426,0.50507426,0.7535291,False
tree,120,9005,26.34,0.21221992,0.21221992,0.32870454,False
tree,121,9005,20.63,0.568118,0.568118,0.690512,True
tree,122,9005,21.05,0.29707465,0.29707465,0.4709101,False
tree,123,9005,20.25,0.40340126,0.40340126,0.6163893,False
tree,124,9005,28.42,0.810143,0.810143,1.058433,True
tree,125,9005,32.05,0.4529871,0.7048626,0.75482416,False
tree,126,9005,17.01,0.657856,0.657856,0.7609268,True
tree,127,9005,17.96,0.58726203,0.58726203,0.7873927,True
tree,128,9005,15.16,0.6637635,0.6637635,0.97914016,False
tree,129,9005,20.66,0.1818821,0.2557552,0.45552185,False
tree,130,9005,34.93,0.66535765,0.66535765,0.7740285,True
tree,131,9005,15.94,0.46421698,0.46421698,0.5307601,False
tree,132,10002,24.28,0.13084777,0.23773652,0.4000715,False
tree,133,10002,5.61,0.58984727,0.69787115,0.80407697,False
tree,134,10002,25.04,0.5708123,0.5708123,0.86320937,True
tree,135,10002,6.97,1.0542355,1.0542355,1.2071015,False
tree,136,10002,10.12,0.55408293,0.9606603,0.9123334,True
tree,137,10002,34.75,0.46169803,0.46169803,0.77083826,True
tree,138,10002,9.25,0.8227421,0.8914332,1.0552306,True
tree,139,10002,11.33,0.6317707,0.6317707,0.74322826,False
tree,140,10002,9.23,0.54075193,1.115732,1.1840731,True
tree,141,10002,6.94,0.62903863,0.9752514,1.0347335,True
tree,142,10002,16.22,0.49170288,0.5341821,0.6980003,False
tree,143,10002,6.81,1.0798621,1.0798621,1.1398668,True
tree,144,11001,14.45,0.25360575,0.35038432,0.51503515,False
tree,145,11001,8.37,0.8347928,0.8347928,0.97306854,True
tree,146,11001,17.05,0.68282986,0.68282986,0.80413103,True
tree,147,11001,10.9,0.8752943,0.8752943,0.98918736,True
tree,148,11001,8.93,0.912514,0.9259011,1.0525558,True
tree,149,11001,22.43,0.64383954,0.815792,0.7728145,True
tree,150,11001,5.38,0.74384815,0.74384815,0.9682151,False
tree,151,11001,6.7,0.5691384,0.9028463,0.9676491,True
tree,152,11001,4.09,1.3465608,1.3465608,1.2965622,True
tree,153,11001,9.46,0.6596923,0.6596923,0.7254561,True
tree,154,11001,16.41,0.7288133,0.7288133,0.98903215,True
tree,155,11001,8.09,0.8260067,0.8260067,0.950864,True
tree,156,11003,12.03,0.26248896,0.3757459,0.42930692,False
tree,157,11003,12.91,0.8022448,0.8105323,0.9800533,True
tree,158,11003,13.81,0.7629852,1.0315336,0.9507807,True
tree,159,11003,14.24,0.52842975,0.52842975,0.7793015,False
tree,160,11003,11.51,1.0193021,1.0193021,1.1896353,True
tree,161,11003,33.07,0.331583,0.5645192,0.6434207,True
tree,162,11003,7.83,0.7083276,0.7083276,1.1212518,False
tree,163,11003,9.28,0.72106576,0.72106576,0.7722203,True
tree,164,11003,4.85,0.7892584,0.92229253,1.3037989,False
tree,165,11003,11.55,0.5176664,0.5176664,0.6991606,True
tree,166,11003,19.35,0.460351,0.460351,0.5345506,False
tree,167,11003,8.42,0.70883113,0.83669055,0.8993173,True
tree,168,12001,19.16,0.49306196,0.5991055,0.630139,False
tree,169,12001,14.76,0.31361294,0.362512,0.5843132,False
tree,170,12001,24.74,0.4057221,0.4057221,0.5387413,False
tree,171,12001,24.48,0.5341106,0.5341106,0.8281498,True
tree,172,12001,18.8,0.60127574,0.61450976,0.84567696,False
tree,173,12001,53.89,0.46397337,0.46397337,0.7689004,True
tree,174,12001,8.1,0.72650844,0.7548533,1.0277876,True
tree,175,12001,10.86,0.6349268,0.6349268,0.75252473,True
tree,176,12001,17.59,0.35664275,0.35664275,0.7920796,False
tree,177,12001,15.34,0.58440334,0.58440334,0.74252737,False
tree,178,12001,33.61,0.4091434,0.4091434,0.4867933,False
tree,179,12001,14.39,0.64142054,0.65061975,0.7249131,False
tree,180,12002,17.43,0.6290719,0.6290719,0.6672501,True
tree,181,12002,11.54,0.34616023,0.40530667,0.65823287,False
tree,182,12002,20.86,0.4031161,0.4031161,0.524513,False
tree,183,12002,21.84,0.5505361,0.5505361,0.80820155,True
tree,184,12002,17.48,0.6029617,0.67181194,0.83829856,False
tree,185,12002,37.88,0.60494536,0.60494536,0.8623227,False
tree,186,12002,9.77,0.6296343,0.6308457,0.89577013,True
tree,187,12002,9.94,0.67857593,0.67857593,0.80189717,True
tree,188,12002,15.84,0.38001254,0.4469472,0.8135331,False
tree,189,12002,16.24,0.5462508,0.5462508,0.70554423,False
tree,190,12002,27.61,0.46450377,0.46450377,0.53704315,False
tree,191,12002,14.06,0.6553459,0.67952496,0.728647,True
tree,192,14001,11.62,0.68749255,0.68749255,0.71510905,False
tree,193,14001,8.23,0.67417336,0.8187101,0.9443213,True
tree,194,14001,16.37,0.8079783,0.84491354,0.90993714,True
tree,195,14001,6.44,0.851257,0.851257,1.0838017,True
tree,196,14001,5.56,0.58828515,0.7653435,0.8790215,False
tree,197,14001,10.97,0.901158,0.901158,1.0535055,True
tree,198,14001,4.67,1.1664243,1.6854203,1.3351817,True
tree,199,14001,9.77,0.56168455,0.56168455,0.8795999,False
tree,200,14001,4.41,0.9124128,1.0494877,1.120216,False
tree,201,14001,11.24,0.61294156,0.6171273,0.8865988,False
tree,202,14001,15.69,0.7773889,0.7773889,0.7489265,False
tree,203,14001,4.49,1.1708971,1.1708971,1.1787053,True
tree,204,14002,15.98,0.5734966,0.5734966,0.81827855,False
tree,205,14002,7.3,0.73704255,0.73704255,0.7993214,True
tree,206,14002,18.52,0.8803587,0.8803587,0.79130316,True
tree,207,14002,8.39,0.79556143,0.79556143,0.7588855,False
tree,208,14002,7.93,0.6660988,0.6940733,0.7800661,True
tree,209,14002,21.24,0.5913499,0.7266157,0.7377074,True
tree,210,14002,4.47,1.089804,1.089804,1.0489562,False
tree,211,14002,9.15,0.81239563,0.81239563,1.1148653,True
tree,212,14002,9.76,1.4800423,1.4800423,1.3157041,True
tree,213,14002,8.37,0.6369178,0.732665,0.93485475,False
tree,214,14002,18.18,1.1213356,1.1213356,1.0541086,True
tree,215,14002,6.84,0.7243672,0.7243672,0.79137903,True
tree,216,15006,21.59,0.80513066,0.80513066,0.81133324,True
tree,217,15006,16.37,0.78289056,0.81913453,0.82291555,False
tree,218,15006,17.53,0.89587075,0.89587075,0.9041274,True
tree,219,15006,18.3,0.67957145,0.67957145,0.8311825,False
tree,220,15006,16.11,0.52610433,0.52610433,0.64386576,False
tree,221,15006,31.68,0.7607954,0.7607954,0.86503166,True
tree,222,15006,9.94,0.6756776,0.9090404,0.92974234,True
tree,223,15006,13.13,0.59269917,0.59269917,0.8147695,False
tree,224,15006,16.94,0.558892,0.558892,0.905183,False
tree,225,15006,16.01,0.7752063,1.0352683,0.97457755,False
tree,226,15006,22.83,0.70183295,0.70183295,0.72743607,True
tree,227,15006,13.2,0.5873609,0.7393398,0.78769785,False
tree,228,15007,25.01,0.91231227,0.91231227,0.9432303,True
tree,229,15007,22.5,0.69508487,0.87648666,0.88061446,True
tree,230,15007,19.81,0.7115792,0.7115792,0.88381565,False
tree,231,15007,28.66,0.68032837,0.68032837,0.8235911,False
tree,232,15007,26.47,0.6651016,0.6651016,0.7238559,False
tree,233,15007,40.63,0.5611067,0.5659707,0.7805175,False
tree,234,15007,12.13,0.7603118,1.0297164,0.96376693,True
tree,235,15007,16.89,0.54402035,0.64184564,0.7605217,False
tree,236,15007,19.25,0.6461224,0.6461224,0.9118645,False
tree,237,15007,23.47,0.9388278,0.9388278,1.0963244,True
tree,238,15007,28.08,0.7571117,0.7571117,0.7871938,True
tree,239,15007,16.31,0.6302464,0.93534875,0.890224,True
tree,240,15010,19.18,0.6279653,0.64310247,0.80473685,True
tree,241,15010,14.29,0.53157973,0.53157973,0.77594453,False
tree,242,15010,28.83,0.7497613,0.7497613,0.85287106,True
tree,243,15010,24.49,0.5836174,0.5997554,0.82313776,True
tree,244,15010,24.73,0.4951897,0.4951897,0.89634395,False
tree,245,15010,32.92,0.9611574,0.9611574,1.0047537,True
tree,246,15010,6.62,0.68118024,0.8245679,0.9966457,False
tree,247,15010,7.95,0.7155946,0.7338807,1.1178408,False
tree,248,15010,16.66,0.3996012,0.5585787,0.9663454,False
tree,249,15010,21.67,0.52851963,0.7049021,0.95480144,True
tree,250,15010,32.33,0.441539,0.441539,0.553859,False
tree,251,15010,19.03,0.5490318,0.5831398,0.89732504,True
tree,252,15011,38.07,0.6630492,0.6630492,0.8357095,True
tree,253,15011,24.16,0.6435916,0.6845557,1.0355394,False
tree,254,15011,26.39,0.36089042,0.7540054,0.6838997,True
tree,255,15011,33.04,0.4352631,0.4352631,0.6963284,False
tree,256,15011,37.22,0.42618197,0.42618197,0.5562922,False
tree,257,15011,50.77,0.356181,0.5097741,0.6154207,True
tree,258,15011,17.5,0.3951436,0.5377983,0.7708643,True
tree,259,15011,25.36,0.40316355,0.40316355,0.52629626,False
tree,260,15011,24.05,0.44082525,0.44082525,0.7198008,False
tree,261,15011,29.7,0.5972587,0.5972587,0.87042516,True
tree,262,15011,31.08,0.71086025,0.71086025,0.827517,False
tree,263,15011,15.88,0.5853011,0.72110975,0.98719513,False
tree,264,15012,28.21,0.6799414,0.6799414,0.776712,True
tree,265,15012,21.25,0.3691815,0.47166443,0.6111536,False
tree,266,15012,17.67,0.68968385,0.68968385,0.93261826,False
tree,267,15012,20.47,0.6680428,0.6680428,0.8310709,False
tree,268,15012,26.52,0.43766648,0.43766648,0.5634013,False
tree,269,15012,31.15,0.7184015,0.7184015,0.7390656,True
tree,270,15012,12.46,0.62016934,0.7585328,0.89555895,True
tree,271,15012,12.49,0.68746084,0.68746084,0.8396566,False
tree,272,15012,18.33,0.54081005,0.54081005,0.9142577,False
tree,273,15012,21.65,0.87601805,0.87601805,0.99023044,True
tree,274,15012,21.22,0.82206935,0.82206935,0.8528068,True
tree,275,15012,16.56,0.49270743,0.6338465,0.7484076,False
tree,276,15013,47.13,0.5203086,0.5203086,0.7419535,True
tree,277,15013,24.99,0.7965594,0.7965594,0.89244074,True
tree,278,15013,35.57,0.22739068,0.4135172,0.46608925,False
tree,279,15013,47.39,0.37720984,0.37720984,0.59953654,False
tree,280,15013,30.2,0.44710276,0.44710276,0.6395192,True
tree,281,15013,42.31,0.7148256,0.7148256,0.78199756,True
tree,282,15013,17.94,0.34078065,0.34078065,0.55855906,False
tree,283,15013,21.34,0.5193902,0.5592366,0.69935465,True
tree,284,15013,29.35,0.25459823,0.25459823,0.65581596,False
tree,285,15013,43.96,0.4220202,0.4220202,0.72856647,False
tree,286,15013,43.57,0.5816562,0.5816562,0.60739666,True
tree,287,15013,35.49,0.41308567,0.41308567,0.5916265,True
tree,288,16001,30.35,0.71456045,0.71456045,0.8545204,True
tree,289,16001,30.72,0.82250184,0.82250184,0.9604426,True
tree,290,16001,24.59,0.8071842,0.8991032,0.99990684,True
tree,291,16001,32.02,0.57893366,0.57893366,0.7537414,False
tree,292,16001,18.47,0.65979075,0.65979075,0.735555,False
tree,293,16001,38.72,0.8576754,0.8576754,0.9724386,True
tree,294,16001,13.41,0.7242976,0.8497262,1.01432,True
tree,295,16001,16.45,0.87272453,0.87272453,0.96116596,True
tree,296,16001,15.46,0.7192637,0.7192637,1.0944816,False
tree,297,16001,27.86,0.7029545,0.7029545,1.0070704,False
tree,298,16001,27.78,0.7257313,0.7257313,0.8158668,False
tree,299,16001,18.27,0.80766356,0.80766356,1.1005689,True
tree,300,16003,71.78,0.7660184,0.7660184,0.7971283,True
tree,301,16003,45.31,0.6802025,0.6802025,0.84532773,False
tree,302,16003,63.63,0.63131547,0.6573604,0.8031126,False
tree,303,16003,51.64,0.64314157,0.64314157,0.58587676,False
tree,304,16003,62.7,0.726173,0.726173,0.8727029,False
tree,305,16003,75.74,0.6589408,0.6954443,0.75398636,False
tree,306,16003,35.02,0.6664123,0.6664123,0.9369569,True
tree,307,16003,53.19,0.7220924,0.7220924,0.82920086,True
tree,308,16003,47.58,0.56415194,0.56415194,0.8362977,False
tree,309,16003,64.55,0.73299265,0.73299265,0.8866082,True
tree,310,16003,76.37,0.64534265,0.64534265,0.7566827,True
tree,311,16003,31.19,0.73873067,0.9695173,1.0936671,False
tree,312,16004,27.44,0.7192629,0.7962462,0.82957286,True
tree,313,16004,29.31,0.7768447,0.7768447,0.9275925,True
tree,314,16004,22.43,0.6489312,0.6489312,0.7783165,False
tree,315,16004,28.06,0.6421758,0.6421758,0.77835464,False
tree,316,16004,19.53,0.72835284,0.72835284,0.87718385,False
tree,317,16004,39.28,0.72654444,0.72654444,0.860499,True
tree,318,16004,12.75,0.7662254,0.8314786,0.9547736,True
tree,319,16004,17.16,0.81302905,0.81302905,0.9169955,True
tree,320,16004,14.71,1.0565641,1.0565641,0.98065126,True
tree,321,16004,22.04,0.8878678,0.8878678,1.0198687,False
tree,322,16004,24.99,0.7798126,0.7798126,0.78244764,True
tree,323,16004,16.98,0.9017685,0.9017685,1.0922949,True
tree,324,17001,31.82,0.8103996,0.8103996,0.90765995,False
tree,325,17001,31.45,1.0147675,1.0147675,1.0135927,True
tree,326,17001,19.11,0.8641709,1.0371822,0.96968746,False
tree,327,17001,19.31,1.1621827,1.1621827,1.3697878,True
tree,328,17001,21.62,1.044336,1.044336,0.88973486,False
tree,329,17001,55.41,0.63005793,0.63005793,0.77741635,True
tree,330,17001,27.29,0.41519356,0.61395776,0.6383024,True
tree,331,17001,28.53,0.5594136,0.5594136,0.7181263,True
tree,332,17001,17.87,0.66167194,0.8759268,0.87279564,True
tree,333,17001,68.13,0.446919,0.446919,0.6751733,True
tree,334,17001,21.82,0.77092445,0.77092445,0.6827439,True
tree,335,17001,28.04,0.76891375,0.85975385,1.0178131,True
tree,336,17003,23.86,0.813817,0.813817,1.1910386,False
tree,337,17003,19.08,0.8849084,0.8849084,0.9735062,False
tree,338,17003,12.72,1.0534124,1.0827383,1.1610676,False
tree,339,17003,13.38,0.94422615,1.1723411,1.5292137,False
tree,340,17003,16.44,1.071701,1.071701,1.1706457,False
tree,341,17003,16.28,1.0189697,1.0189697,1.2275875,False
tree,342,17003,11.76,1.3034337,1.3034337,1.1380101,True
tree,343,17003,14.21,1.1726032,1.1726032,1.2076406,True
tree,344,17003,9.29,1.4793019,1.4793019,1.2599446,False
tree,345,17003,21.16,0.7086538,0.7086538,0.98416084,True
tree,346,17003,18.37,0.8117151,0.8117151,0.94738245,True
tree,347,17003,20.07,0.70127815,0.70127815,0.9458888,False
tree,348,17005,25.96,0.8338656,0.8338656,1.0425063,True
tree,349,17005,19.17,0.81110585,0.81110585,0.9789172,False
tree,350,17005,15.43,0.6051103,0.634306,1.0125893,False
tree,351,17005,20.49,0.63339525,0.69269514,1.0793048,True
tree,352,17005,21.15,0.78902596,0.78902596,0.9425665,False
tree,353,17005,20.14,0.6640746,0.6640746,0.8426919,False
tree,354,17005,17.28,0.560374,0.7949047,0.80336195,True
tree,355,17005,21.63,0.7125748,0.7125748,0.7807875,True
tree,356,17005,11.43,1.0230068,1.0230068,1.0590628,True
tree,357,17005,21.98,0.6985004,0.6985004,0.9809319,False
tree,358,17005,21.69,0.71282274,0.71282274,0.8064061,True
tree,359,17005,19.38,0.75828284,0.75828284,0.9559963,False
tree,360,18001,41.75,0.54173887,0.54173887,0.68293196,True
tree,361,18001,35.06,0.7463643,0.7463643,0.9100569,True
tree,362,18001,28.39,0.5369395,0.6112122,0.8061728,False
tree,363,18001,21.69,0.8393789,0.8393789,1.0840077,False
tree,364,18001,22.41,0.61379075,0.7043491,0.83627856,False
tree,365,18001,40.99,1.0304512,1.0304512,1.2596872,True
tree,366,18001,20.59,0.569867,0.569867,0.6991695,False
tree,367,18001,23.5,0.7310205,0.7310205,0.92503005,True
tree,368,18001,18.24,0.4124861,0.4135656,0.6604799,False
tree,369,18001,40.65,0.5622227,0.5622227,0.7992484,False
tree,370,18001,22.88,0.74291664,0.74291664,0.9942953,False
tree,371,18001,27.35,0.679693,0.679693,1.039034,True
tree,372,18002,41.68,0.45227578,0.45227578,0.5677093,False
tree,373,18002,33.85,0.5945361,0.5945361,0.66276544,True
tree,374,18002,31.76,0.64569545,0.64569545,0.71696967,True
tree,375,18002,18.94,0.8140152,0.8140152,1.0217512,False
tree,376,18002,18.81,0.3042153,0.4412883,0.6102979,False
tree,377,18002,33.54,0.8258087,0.8258087,0.8778533,True
tree,378,18002,21.46,0.40819368,0.41344833,0.6704625,False
tree,379,18002,30.02,0.45783967,0.45783967,0.56184274,True
tree,380,18002,14.87,0.608127,0.70451295,0.8499667,False
tree,381,18002,36.82,0.46348634,0.47685722,0.6186812,True
tree,382,18002,24.66,0.537522,0.64411193,0.7404831,False
tree,383,18003,29.49,0.8637302,0.8637302,0.9246133,True
tree,384,18003,35.89,0.71550065,0.71550065,0.8319304,True
tree,385,18003,25.84,0.7094544,0.7094544,0.78368855,False
tree,386,18003,34.64,0.80909616,0.80909616,0.81494457,True
tree,387,18003,31.3,0.66773516,0.66773516,0.67956805,False
tree,388,18003,52.88,0.4970504,0.4970504,0.66960377,False
tree,389,18003,19.42,0.67376524,0.70029646,0.8394285,True
tree,390,18003,26.21,0.5051069,0.5051069,0.62249815,True
tree,391,18003,20.23,0.83554995,0.8993645,0.8533668,True
tree,392,18003,36.13,0.8392555,0.8392555,1.0323325,True
tree,393,18003,39.48,0.55863506,0.55863506,0.569011,False
tree,394,18003,20.79,1.065568,1.065568,1.1404661,True
tree,395,19001,23.95,0.7802936,0.7802936,0.92077196,True
tree,396,19001,19.17,0.5714979,0.5714979,0.9066505,False
tree,397,19001,13.27,0.5941513,0.6510529,0.96604294,False
tree,398,19001,19.78,0.58564794,0.58564794,1.0555236,True
tree,399,19001,16.28,0.74533,0.74533,0.8662358,True
tree,400,19001,19.17,0.6327296,0.6327296,0.79118496,False
tree,401,19001,13.51,0.49376377,0.5908743,0.7587486,False
tree,402,19001,15.17,0.73779196,0.73779196,0.73147184,True
tree,403,19001,12.14,0.7922381,0.7922381,0.9252073,True
tree,404,19001,18.42,0.52211434,0.52211434,0.83285457,False
tree,405,19001,24.22,0.639997,0.639997,0.6840598,True
tree,406,19001,16.35,1.0662204,1.0662204,0.9409709,True
tree,407,19006,16.14,1.0349497,1.0349497,0.9492525,True
tree,408,19006,16.08,0.63558924,0.63558924,0.7563015,True
tree,409,19006,9.58,0.71472627,0.8668222,0.8448085,False
tree,410,19006,13.35,0.6833481,0.6833481,0.9021823,True
tree,411,19006,9.02,0.72615606,0.72615606,0.8477206,False
tree,412,19006,17.99,0.9557509,0.9557509,0.9240951,True
tree,413,19006,13.72,0.6866066,0.6866066,0.83671486,False
tree,414,19006,10.58,0.7233811,0.7233811,0.78560346,False
tree,415,19006,12.11,1.052251,1.052251,0.97246534,True
tree,416,19006,12.3,0.7207922,0.7207922,0.85859823,False
tree,417,19006,20.04,0.62258655,0.62258655,0.65153366,True
tree,418,19006,10.77,0.63953435,0.63953435,0.75616086,False
tree,419,19010,20.23,0.6591164,0.6591164,0.74574196,True
tree,420,19010,11.93,0.8970683,0.8970683,0.9927871,False
tree,421,19010,6.51,1.0068749,1.109623,0.8815951,False
tree,422,19010,5.87,0.97692436,0.97692436,1.1045573,True
tree,423,19010,3.81,1.1279123,1.2472845,1.3162475,True
tree,424,19010,8.87,1.3884104,1.3884104,1.4605391,True
tree,425,19010,7.25,1.9862884,1.9862884,2.064848,True
tree,426,19010,4.54,1.7479572,1.8573587,1.9120295,True
tree,427,19010,6.05,2.6517801,2.6517801,2.053497,True
tree,428,19010,6.5,1.4042064,1.4042064,1.3927237,True
tree,429,19010,7.4,1.1720871,1.1720871,1.2000155,True
tree,430,19010,5.21,1.376097,1.376097,1.3943112,True
tree,431,20002,12.41,0.78409076,0.78409076,0.91094184,True
tree,432,20002,8.18,0.5332787,0.5332787,0.7121516,True
tree,433,20002,7.31,0.57777995,0.57777995,0.67146814,False
tree,434,20002,2.41,0.5858825,0.5858825,0.72517645,False
tree,435,20002,2.54,0.53829575,0.53829575,0.6605748,True
tree,436,20002,8.88,0.7998194,0.7998194,0.9028166,True
tree,437,20002,6.45,0.7810626,1.0638095,1.1023477,True
tree,438,20002,9.34,0.5607389,0.5930471,0.68851393,True
tree,439,20002,5.92,0.63355875,0.72246355,0.83642536,True
tree,440,20002,10.65,0.34188306,0.34188306,0.36902,False
tree,441,20002,10.24,0.84931517,0.84931517,0.8483725,True
tree,442,20002,6.41,0.53639024,0.53639024,0.7091605,True
tree,443,20003,15.3,0.1842143,0.1842143,0.3548219,False
tree,444,20003,16.26,0.5117292,0.5117292,0.6503464,True
tree,445,20003,10.12,0.46299362,0.54400563,0.7813558,False
tree,446,20003,8.02,0.34711385,0.36495197,0.50389355,False
tree,447,20003,4.85,0.3044753,0.46436754,0.65552044,False
tree,448,20003,14.6,0.6216955,0.6216955,0.93047285,True
tree,449,20003,11.22,0.40940404,0.40940404,0.5700408,False
tree,450,20003,6.97,0.8647908,0.8647908,0.7629702,True
tree,451,20003,7.38,0.5371167,0.5371167,0.593904,False
tree,452,20003,11.94,0.68794566,0.68794566,1.038312,True
tree,453,20003,11.24,0.5129806,0.5977153,0.70171577,False
tree,454,20003,7.34,0.8379843,0.8379843,1.0485214,True
tree,455,20007,14.52,0.8709328,0.8709328,1.0023181,True
tree,456,20007,19.67,0.70663536,0.70663536,0.749956,False
tree,457,20007,13.83,0.61738724,0.61738724,0.77911955,True
tree,458,20007,8.49,0.6871389,0.6871389,0.87864584,True
tree,459,20007,4.94,1.0044909,1.0044909,1.3449467,True
tree,460,20007,13.78,0.66091913,0.66091913,0.7142698,True
tree,461,20007,19.67,0.7174483,0.7174483,1.0414371,True
tree,462,20007,8.43,0.4808416,0.50506085,0.7550623,False
tree,463,20007,14.64,0.8757845,0.8953616,0.99567604,True
tree,464,20007,12.38,0.6071836,0.6071836,1.0275137,False
tree,465,20007,12.12,0.6295978,0.717296,0.9462371,False
tree,466,20007,6.08,0.61552054,0.61552054,0.95459527,False
tree,467,21003,14.83,0.80767494,0.91484886,1.1009688,True
tree,468,21003,17.0,0.5221748,0.87638336,0.82182413,True
tree,469,21003,12.61,0.5081461,0.6483373,0.8403933,False
tree,470,21003,25.8,0.68522125,0.68522125,1.0121791,True
tree,471,21003,16.72,0.7605472,0.7605472,0.83873856,True
tree,472,21003,37.96,0.8315951,0.8315951,0.914904,True
tree,473,21003,12.1,0.623439,0.623439,0.876412,False
tree,474,21003,17.86,0.5354174,0.5354174,0.6321411,True
tree,475,21003,13.03,0.83242863,0.89140505,1.0247214,True
tree,476,21003,18.63,0.48428634,0.5607101,0.6941388,False
tree,477,21003,18.44,0.50158507,0.50158507,0.6747807,False
tree,478,21003,25.72,0.76002055,0.76002055,1.0496012,True
tree,479,21006,15.59,0.79237586,0.89519066,0.8873246,False
tree,480,21006,18.03,0.5029313,0.8349243,0.7946547,True
tree,481,21006,14.71,0.80301976,0.93357056,1.0837079,True
tree,482,21006,24.56,0.7308554,0.7308554,1.1040982,True
tree,483,21006,13.89,0.9237028,0.9237028,1.03275,True
tree,484,21006,36.29,0.81192946,0.81192946,0.97558594,True
tree,485,21006,12.64,0.5780142,0.5815706,0.8270322,False
tree,486,21006,21.95,0.43802756,0.50721246,0.5814091,True
tree,487,21006,14.09,0.8805391,0.8805391,1.0371392,True
tree,488,21006,26.12,0.76142627,0.76142627,0.96657664,True
tree,489,21006,19.77,0.60369104,0.60369104,0.6573116,False
tree,490,21006,25.54,0.76193756,0.76193756,1.0483611,True
tree,491,21008,18.06,0.6751439,0.85182583,0.9386856,False
tree,492,21008,15.31,0.64907706,0.64907706,0.8478175,False
tree,493,21008,15.14,0.6177285,0.6177285,0.85252154,False
tree,494,21008,18.27,0.8970461,0.8970461,0.8459121,True
tree,495,21008,14.16,0.712225,0.712225,0.82176024,True
tree,496,21008,42.74,0.5892042,0.6460886,0.81988513,True
tree,497,21008,13.87,0.53499436,0.53499436,0.7181946,False
tree,498,21008,20.99,0.47244358,0.47244358,0.5895967,True
tree,499,21008,14.3,0.7766937,0.7766937,0.93775123,False
tree,500,21008,29.24,0.7061507,0.7061507,0.93514776,True
tree,501,21008,14.96,0.7674859,0.77304405,0.9402336,True
tree,502,21008,22.02,0.75135344,0.75135344,0.8832601,True
tree,503,21009,13.21,0.76467055,0.76467055,0.917855,False
tree,504,21009,12.35,0.80454034,0.80454034,0.8564472,True
tree,505,21009,11.12,0.92485183,0.92485183,0.9275835,True
tree,506,21009,13.9,0.8096743,0.8096743,0.99047583,True
tree,507,21009,9.7,0.8045408,0.8045408,0.9434828,False
tree,508,21009,21.55,0.6625555,0.76430535,0.8709984,False
tree,509,21009,10.7,0.71122015,0.71122015,0.7340545,False
tree,510,21009,16.29,0.47289437,0.47289437,0.60375184,False
tree,511,21009,9.14,0.88255084,0.88255084,0.97732097,True
tree,512,21009,18.81,0.77987754,0.77987754,0.99578273,True
tree,513,21009,12.1,0.8159665,0.8159665,0.9097873,False
tree,514,21009,14.11,0.7935595,0.7935595,0.9344586,True
tree,515,21011,21.53,0.76299584,0.76299584,0.86935174,False
tree,516,21011,24.73,0.48869023,0.70053786,0.67683303,True
tree,517,21011,20.74,0.8784282,0.91148025,1.1095048,True
tree,518,21011,25.03,0.721621,0.721621,0.910502,False
tree,519,21011,11.99,0.8994497,1.1204667,1.1700188,False
tree,520,21011,39.51,0.52308726,0.52308726,0.7384706,False
tree,521,21011,13.38,0.5946465,0.5946465,0.8159003,False
tree,522,21011,29.29,0.5215237,0.5215237,0.61894774,True
tree,523,21011,17.88,0.85939854,0.85939854,0.97667474,False
tree,524,21011,39.4,0.53670466,0.53670466,0.7582021,True
tree,525,21011,35.41,0.50525415,0.50525415,0.5482729,True
tree,526,21011,23.78,0.9339335,1.1667901,1.2826506,True
tree,527,21012,35.47,0.70772487,0.70772487,0.9507882,False
tree,528,21012,22.51,0.49431884,0.5105207,0.8391833,False
tree,529,21012,20.75,0.5738994,0.5738994,0.8637055,False
tree,530,21012,29.8,0.61188155,0.80211943,0.9306198,True
tree,531,21012,18.46,0.3912929,0.5207014,0.70541686,False
tree,532,21012,70.18,0.68073916,0.68073916,0.9067489,True
tree,533,21012,17.69,0.7009795,0.7009795,0.8563701,True
tree,534,21012,36.17,0.51590484,0.51590484,0.6287027,True
tree,535,21012,20.74,1.289532,1.289532,1.2515723,True
tree,536,21012,38.46,0.56948686,0.56948686,0.68843704,False
tree,537,21012,30.84,0.6955626,0.6955626,0.990034,True
tree,538,21012,44.18,0.7428711,0.7428711,0.9145998,True
tree,539,21013,18.88,0.6602003,0.6602003,0.7656965,True
tree,540,21013,13.58,0.6618374,0.6618374,0.86395174,True
tree,541,21013,20.96,0.47698197,0.47698197,0.674537,True
tree,542,21013,13.34,0.6120165,0.6254447,0.80827814,True
tree,543,21013,10.76,0.8651103,0.8651103,0.8840364,True
tree,544,21013,21.41,0.8528249,0.8528249,0.9655558,True
tree,545,21013,15.45,0.3517127,0.44732597,0.74117005,True
tree,546,21013,9.52,0.64742416,0.9672559,0.86096793,True
tree,547,21013,8.32,0.74084395,0.74084395,0.8320025,False
tree,548,21013,17.34,0.40271884,0.4120669,0.6350484,False
tree,549,21013,16.53,0.51333547,0.51333547,0.78433895,False
tree,550,21013,21.87,0.46217167,0.46217167,0.751835,False
tree,551,21015,16.18,0.2760619,0.2760619,0.40280542,False
tree,552,21015,19.12,0.629145,0.629145,0.90492666,True
tree,553,21015,20.0,0.7452234,0.7452234,0.9929659,True
tree,554,21015,8.64,0.612436,0.70890343,1.0212907,False
tree,555,21015,7.68,0.48779216,0.53537637,0.81011933,False
tree,556,21015,20.24,0.9643152,0.9643152,1.3541794,True
tree,557,21015,20.51,0.4124421,0.4124421,0.5731449,True
tree,558,21015,10.42,0.61080813,0.61080813,0.6940871,False
tree,559,21015,8.48,0.97088426,0.97088426,1.0393864,True
tree,560,21015,8.54,1.3459811,1.3459811,1.5470048,True
tree,561,21015,17.22,0.7194197,0.7194197,0.9546316,False
tree,562,21015,15.29,0.5813139,0.5813139,0.88150156,False
tree,563,21016,15.9,0.18322061,0.18322061,0.28282636,False
tree,564,21016,16.2,0.6483344,0.6483344,0.8973009,True
tree,565,21016,11.94,0.25614232,0.32556784,0.35743865,False
tree,566,21016,6.82,0.81194293,0.81194293,0.94770205,False
tree,567,21016,6.56,0.4780777,0.6271197,0.8053726,False
tree,568,21016,23.47,0.7046986,0.7046986,0.9486797,False
tree,569,21016,13.48,0.6088272,0.6088272,0.6899774,False
tree,570,21016,21.22,0.3577213,0.3577213,0.5790191,False
tree,571,21016,17.46,0.5169274,0.5169274,0.9100296,True
tree,572,21016,10.73,0.62048674,0.62048674,0.77151334,False
tree,573,21016,36.15,0.5154392,0.5154392,0.62778974,True
tree,574,21016,18.09,0.38830563,0.48020422,0.7981506,False
tree,575,21017,65.59,0.9117597,0.9117597,1.0049847,True
tree,576,21017,44.89,0.93712676,0.93712676,0.96221644,True
tree,577,21017,66.74,0.69972026,0.69972026,0.9630718,True
tree,578,21017,56.21,0.5453304,0.67735124,0.96687955,False
tree,579,21017,41.44,0.6537561,0.6537561,0.9931998,False
tree,580,21017,64.05,0.84226924,0.84226924,0.9493455,False
tree,581,21017,35.53,0.8729775,0.8729775,1.0573921,False
tree,582,21017,86.06,0.57425916,0.57425916,0.7048384,True
tree,583,21017,35.66,1.0098562,1.0098562,1.1610125,True
tree,584,21017,66.45,0.8053989,0.8053989,0.99840283,True
tree,585,21017,67.25,0.6332031,0.6332031,0.8126275,False
tree,586,21017,74.1,0.8617673,0.8617673,0.9882367,True
tree,587,21018,16.61,0.9580655,0.9580655,1.0969263,True
tree,588,21018,16.78,0.62928647,0.62928647,0.7138118,False
tree,589,21018,11.44,0.781141,0.781141,0.94771075,False
tree,590,21018,14.11,0.9514979,0.9514979,1.3046988,True
tree,591,21018,16.51,0.6985046,0.6985046,0.8440906,True
tree,592,21018,25.74,1.0569,1.0569,1.1725144,True
tree,593,21018,10.67,0.5736056,0.6238215,0.87792015,False
tree,594,21018,11.67,0.56359047,0.69897413,0.7024428,True
tree,595,21018,8.39,0.6485246,0.7090014,0.83514786,False
tree,596,21018,11.56,0.5209765,0.6043907,0.7507893,False
tree,597,21018,10.18,0.8502831,0.8502831,0.94906116,True
tree,598,21018,21.38,0.72228014,0.72228014,0.8723654,True
tree,599,21022,16.7,0.7704898,0.7704898,1.0069414,True
tree,600,21022,29.4,0.4731818,0.4731818,0.65617263,True
tree,601,21022,19.42,0.4145626,0.4279402,0.6851086,False
tree,602,21022,7.5,0.7985129,0.7985129,0.9546756,True
tree,603,21022,5.93,0.73683196,0.73683196,0.8953508,False
tree,604,21022,24.45,0.58629644,0.58629644,0.89037716,True
tree,605,21022,28.4,0.40187743,0.40187743,0.6114566,True
tree,606,21022,10.78,0.42390165,0.51672465,0.56728065,False
tree,607,21022,18.1,0.72158766,0.72158766,0.9867548,True
tree,608,21022,13.94,0.5725897,0.5725897,0.7303232,False
tree,609,21022,25.24,0.6547631,0.6547631,0.7923035,True
tree,610,21022,16.88,0.5095171,0.5095171,0.87866867,True
tree,611,21023,19.69,0.42824534,0.42824534,0.55022085,False
tree,612,21023,24.26,0.5050097,0.5050097,0.69075394,True
tree,613,21023,18.72,0.547201,0.547201,0.8190803,True
tree,614,21023,19.09,0.10407826,0.14932428,0.29415926,False
tree,615,21023,12.18,0.37489063,0.37489063,0.6970238,True
tree,616,21023,43.15,0.15039776,0.18647614,0.23343985,False
tree,617,21023,22.59,0.506603,0.506603,0.74121654,True
tree,618,21023,25.99,0.08616581,0.08646823,0.17408718,False
tree,619,21023,10.33,0.5302811,0.5302811,0.8150697,False
tree,620,21023,34.67,0.15408234,0.15408234,0.31918484,False
tree,621,21023,17.54,0.82638353,0.83896464,1.0720382,True
tree,622,21023,24.48,0.12218592,0.25231078,0.28918016,False
tree,623,21024,26.86,0.72484523,0.72484523,0.9656561,True
tree,624,21024,14.79,0.5515582,0.5515582,0.76375,False
tree,625,21024,20.0,0.63690084,0.63690084,0.88646185,False
tree,626,21024,21.32,0.96058697,0.96058697,0.88191533,True
tree,627,21024,12.98,0.7083967,0.7083967,0.78494793,True
tree,628,21024,41.01,0.66889876,0.67862296,0.9490018,True
tree,629,21024,14.72,0.6154718,0.6154718,0.7862807,False
tree,630,21024,16.97,0.6003261,0.6823402,0.7691274,True
tree,631,21024,15.63,1.1899129,1.1899129,1.3962332,True
tree,632,21024,30.63,0.5754737,0.5754737,0.7029131,False
tree,633,21024,19.76,0.51125854,0.51125854,0.95741636,False
tree,634,21024,15.04,0.91288704,0.91288704,1.2395393,True
tree,635,22001,13.82,0.20828599,0.2651975,0.36202177,False
tree,636,22001,37.06,0.6587605,0.6587605,0.8563919,True
tree,637,22001,18.08,0.4000719,0.4000719,0.44397366,False
tree,638,22001,17.63,0.5483699,0.5483699,0.7745807,True
tree,639,22001,6.08,0.61942816,0.61942816,0.8045704,False
tree,640,22001,34.96,0.6948648,0.72773594,0.88758457,True
tree,641,22001,23.31,0.5910972,0.5910972,0.7424163,True
tree,642,22001,18.83,0.4034082,0.4034082,0.61107713,True
tree,643,22001,20.17,0.7002061,0.7258674,0.9553842,True
tree,644,22001,11.06,0.7423027,0.7423027,0.9071911,True
tree,645,22001,27.64,0.6430208,0.6430208,0.7918156,True
tree,646,22001,17.18,0.80343455,0.80343455,0.87238127,True
tree,647,22006,11.49,0.1703066,0.1703066,0.24285525,False
tree,648,22006,27.59,0.6434083,0.6434083,0.7972248,True
tree,649,22006,14.4,0.23726141,0.35219815,0.4371362,False
tree,650,22006,9.76,0.4624429,0.4624429,0.52189314,True
tree,651,22006,2.84,0.5974033,0.5974033,0.7825869,False
tree,652,22006,31.48,1.1036438,1.1036438,1.1556251,True
tree,653,22006,9.16,0.77082956,0.77082956,0.9011937,True
tree,654,22006,13.69,0.31563348,0.31563348,0.46870965,False
tree,655,22006,9.42,0.8399323,0.8399323,0.8898669,True
tree,656,22006,12.22,0.65731484,0.65731484,0.88822186,True
tree,657,22006,18.91,0.71314675,0.71314675,0.923842,True
tree,658,22006,8.3,0.8368145,0.8368145,0.993563,True
tree,659,22007,13.33,0.24192505,0.24192505,0.26776657,False
tree,660,22007,31.25,0.65540916,0.66491705,0.82293934,True
tree,661,22007,20.07,0.16290341,0.28130773,0.39087328,False
tree,662,22007,13.42,0.6249429,0.6249429,0.8483318,True
tree,663,22007,4.66,0.6359961,0.6359961,0.8756075,False
tree,664,22007,39.22,0.99113953,0.99113953,1.0245891,True
tree,665,22007,10.42,1.0155228,1.0155228,1.0137073,True
tree,666,22007,22.57,0.38160127,0.38160127,0.57334334,True
tree,667,22007,28.79,0.5054865,0.5179702,0.8453062,True
tree,668,22007,15.87,0.44252917,0.44252917,0.6830351,False
tree,669,22007,25.92,0.7010347,0.7010347,0.7740245,True
tree,670,22007,15.26,0.8336416,0.8336416,0.87228537,True
tree,671,22009,12.24,0.89239174,0.89239174,1.0178705,True
tree,672,22009,38.21,0.6260811,0.6260811,0.9239313,True
tree,673,22009,22.13,0.42251104,0.42251104,0.4908735,False
tree,674,22009,18.25,0.4275103,0.4275103,0.70648605,False
tree,675,22009,8.42,0.6201817,0.6201817,0.88108695,True
tree,676,22009,41.2,0.8606669,0.8606669,0.91875446,True
tree,677,22009,27.72,0.49231407,0.49231407,0.6900594,True
tree,678,22009,18.91,0.35508338,0.35508338,0.5519938,False
tree,679,22009,23.34,0.6736171,0.79010725,1.0355396,True
tree,680,22009,16.61,0.58895296,0.58895296,0.96174955,True
tree,681,22009,30.47,0.53585625,0.53585625,0.75084805,True
tree,682,22009,16.48,0.8345354,0.8345354,0.9718194,True
tree,683,23001,22.87,0.9591674,0.9591674,1.1544081,True
tree,684,23001,18.26,0.953936,0.953936,1.1336752,True
tree,685,23001,15.87,0.3364348,0.5708749,0.6292079,False
tree,686,23001,12.81,1.2553102,1.2553102,1.1015391,True
tree,687,23001,14.08,0.7922666,0.887314,0.98941594,True
tree,688,23001,57.67,0.7494282,0.7494282,1.0031183,True
tree,689,23001,10.1,0.6995873,1.0063585,1.047071,True
tree,690,23001,13.93,0.7373379,0.7373379,0.8893431,False
tree,691,23001,20.9,0.7936792,0.89277965,1.1418469,True
tree,692,23001,25.69,0.6536931,0.6536931,1.0865517,True
tree,693,23001,15.75,1.0751834,1.1160083,1.143868,True
tree,694,23001,17.86,0.84587747,0.84587747,1.1278526,True
tree,695,23004,31.68,0.70115954,0.70115954,1.0094492,False
tree,696,23004,27.19,0.9588647,0.9588647,0.97481036,True
tree,697,23004,28.34,0.5738187,0.5738187,0.95397395,False
tree,698,23004,19.36,0.8446354,0.92153597,1.0756955,True
tree,699,23004,23.16,0.9587965,0.9587965,1.0210029,True
tree,700,23004,79.85,0.6053495,0.6053495,0.89143777,True
tree,701,23004,19.59,0.5740875,0.73240125,0.9558241,True
tree,702,23004,18.43,0.8585925,0.8585925,0.87197334,True
tree,703,23004,25.92,0.58159035,0.58159035,0.90562785,False
tree,704,23004,30.19,0.6275252,0.6275252,0.9345142,False
tree,705,23004,25.23,1.1317177,1.1317177,1.212572,True
tree,706,23004,25.0,0.7203239,0.7203239,0.9728546,True
tree,707,23006,37.71,0.7517257,0.7517257,1.0501988,False
tree,708,23006,48.41,0.65174645,0.65174645,0.84670913,True
tree,709,23006,34.77,0.5845344,0.5845344,0.953776,False
tree,710,23006,27.28,0.7518603,0.9236967,1.0020999,True
tree,711,23006,26.75,0.98765427,0.98765427,1.0256592,True
tree,712,23006,74.89,0.609173,0.609173,0.8225852,True
tree,713,23006,25.25,0.51294875,0.92331177,0.93792003,True
tree,714,23006,29.02,0.74371964,0.74371964,0.8370404,True
tree,715,23006,32.68,0.86278176,0.86278176,1.0272583,True
tree,716,23006,38.25,0.76703215,0.76703215,0.88973844,True
tree,717,23006,35.04,1.0668306,1.0668306,1.1440871,True
tree,718,23006,31.29,0.85462916,0.85462916,0.99432194,True
tree,719,23007,8.29,0.36182132,0.36182132,0.49507627,False
tree,720,23007,16.75,0.99421406,0.99421406,1.011485,True
tree,721,23007,17.85,0.88732195,0.88732195,0.95925987,True
tree,722,23007,10.62,0.68007296,0.68007296,0.76512766,True
tree,723,23007,2.89,1.3444346,1.3444346,1.2046651,True
tree,724,23007,28.33,0.6307841,0.6307841,0.75718844,True
tree,725,23007,5.59,0.9193789,1.3205671,1.1980847,True
tree,726,23007,7.93,0.4194035,0.44065234,0.68984693,False
tree,727,23007,9.07,0.6772376,0.7104018,0.9877993,False
tree,728,23007,13.14,0.6695784,0.6695784,0.70041424,True
tree,729,23007,19.83,0.508068,0.508068,0.61070323,True
tree,730,23007,6.87,0.7555502,0.7555502,0.94812363,False
tree,731,23008,26.78,0.8291592,0.8291592,0.9810024,True
tree,732,23008,27.53,0.8278425,0.8278425,1.1022545,True
tree,733,23008,21.83,0.51637006,0.51637006,0.49988407,False
tree,734,23008,18.35,1.144521,1.144521,1.0653571,True
tree,735,23008,14.19,0.26555145,0.39538586,0.62845093,False
tree,736,23008,54.56,0.5460214,0.5460214,0.85057324,False
tree,737,23008,14.74,0.7379543,0.7379543,0.8210721,False
tree,738,23008,22.56,0.48626295,0.48626295,0.6491454,True
tree,739,23008,45.25,0.47971243,0.47971243,0.8621226,True
tree,740,23008,36.04,0.4763438,0.4763438,0.88561225,True
tree,741,23008,24.7,0.6224341,0.6224341,0.7370213,True
tree,742,23008,21.3,0.6913474,0.6913474,0.91718125,False
tree,743,23011,65.32,0.77350634,0.77350634,0.9287246,True
tree,744,23011,24.18,0.4756475,0.5913336,0.9925791,False
tree,745,23011,35.24,1.1832571,1.1832571,1.378782,True
tree,746,23011,26.84,1.0528125,1.4092588,1.27453,True
tree,747,23011,27.72,0.30715922,0.30715922,0.5416774,False
tree,748,23011,67.83,0.70315796,0.7040571,1.0210838,True
tree,749,23011,27.87,0.96285194,0.96285194,1.0793113,True
tree,750,23011,48.07,0.7866543,0.7866543,0.8484948,True
tree,751,23011,32.26,0.9858563,0.9858563,1.0686381,True
tree,752,23011,52.64,0.74528605,0.74528605,0.7240692,False
tree,753,23011,29.93,1.005937,1.005937,1.3384134,True
tree,754,23011,47.19,0.7262421,0.7262421,0.9519529,True
tree,755,24001,15.03,0.83945405,0.83945405,0.8610066,True
tree,756,24001,29.53,0.72523147,0.72523147,0.8906749,True
tree,757,24001,32.15,0.6529948,0.6529948,0.8831418,True
tree,758,24001,12.88,0.6731165,0.7870299,0.92192435,False
tree,759,24001,8.02,0.8260985,0.8260985,0.9230414,True
tree,760,24001,33.71,0.62682706,0.62682706,0.8798205,False
tree,761,24001,10.08,0.92084455,0.92084455,0.98641384,True
tree,762,24001,12.78,0.5683843,0.6034796,0.76795167,False
tree,763,24001,13.98,0.55209994,0.55209994,0.7913412,False
tree,764,24001,23.78,0.5734767,0.5734767,0.96207815,False
tree,765,24001,14.9,0.6592541,0.7769956,0.7935388,False
tree,766,24001,23.13,0.5639607,0.5639607,0.87922096,True
tree,767,24003,37.5,0.87140036,0.87140036,0.8790837,True
tree,768,24003,31.72,0.8059371,0.8059371,0.8744623,True
tree,769,24003,33.76,0.79038846,0.79038846,0.98132783,True
tree,770,24003,27.34,0.56076956,0.56076956,0.9351458,False
tree,771,24003,17.23,0.66946,0.66946,0.8871426,False
tree,772,24003,69.22,0.665896,0.665896,0.82455426,True
tree,773,24003,14.49,0.6804373,0.6804373,0.8329463,False
tree,774,24003,26.69,0.44829184,0.44829184,0.6876314,False
tree,775,24003,43.52,0.6183725,0.6183725,0.74249655,True
tree,776,24003,27.39,0.11897375,0.17056327,0.3113681,False
tree,777,24003,39.29,0.5989626,0.5989626,0.75004953,True
tree,778,24004,15.5,0.93169415,0.93169415,1.0012728,True
tree,779,24004,21.91,0.9691648,0.9691648,1.097612,True
tree,780,24004,22.38,0.799804,0.799804,0.9694455,True
tree,781,24004,15.04,0.87177026,0.87177026,0.89646846,True
tree,782,24004,7.13,0.69526315,0.69526315,1.0635566,False
tree,783,24004,22.03,0.5363196,0.5363196,0.7435795,False
tree,784,24004,10.44,0.86061317,0.86061317,1.0548025,True
tree,785,24004,12.36,0.34737712,0.62964916,0.70382065,False
tree,786,24004,12.96,0.5582872,0.5582872,0.9475228,False
tree,787,24004,13.64,1.1341014,1.1341014,1.1129909,True
tree,788,24004,16.67,0.87431294,0.87431294,1.0920829,False
tree,789,24004,19.35,0.742416,0.742416,0.98185414,True
tree,790,24005,11.39,0.16869923,0.16869923,0.32608646,False
tree,791,24005,21.77,0.80970865,0.80970865,0.9899609,True
tree,792,24005,30.31,0.55705434,0.57155854,0.9201839,True
tree,793,24005,8.74,0.8641281,0.9198858,1.145627,True
tree,794,24005,2.46,1.1885929,1.1885929,1.4786875,True
tree,795,24005,15.88,1.0846707,1.0846707,1.4156457,True
tree,796,24005,6.71,0.55468506,0.90424484,0.9664019,True
tree,797,24005,12.99,0.42926663,0.42926663,0.6590686,False
tree,798,24005,8.59,0.60529816,0.60529816,0.837212,True
tree,799,24005,10.52,0.60188705,0.60188705,0.83803815,False
tree,800,24005,15.54,0.8475298,0.8475298,0.91953206,False
tree,801,24005,7.53,0.82109195,0.82109195,1.1504095,False
tree,802,25001,24.16,0.7131472,0.7131472,1.0406206,False
tree,803,25001,26.4,0.8202835,0.90270746,0.9986522,True
tree,804,25001,23.03,0.83346826,0.83346826,1.0372555,True
tree,805,25001,15.59,0.5628414,0.7914762,0.8962242,False
tree,806,25001,11.93,0.65997404,0.65997404,0.78555846,True
tree,807,25001,44.74,0.95690423,0.95690423,1.0959859,True
tree,808,25001,14.47,0.43717223,0.95627207,0.71513134,True
tree,809,25001,15.92,0.62534004,0.6610112,0.815447,True
tree,810,25001,22.39,0.5340196,0.5340196,0.7937617,False
tree,811,25001,34.04,0.53662425,0.53662425,0.88498056,False
tree,812,25001,17.23,0.92804855,1.114507,1.0917963,True
tree,813,25001,32.92,0.5733836,0.5733836,0.9469071,True
tree,814,25006,37.92,0.80758876,0.80758876,1.0073751,False
tree,815,25006,55.53,0.6751279,0.6751279,0.7266333,True
tree,816,25006,26.67,0.9044579,0.9130632,1.0591224,True
tree,817,25006,27.37,0.4369083,0.7713782,0.7095387,False
tree,818,25006,16.82,0.5959531,0.7122256,0.70878476,True
tree,819,25006,58.92,0.709579,0.709579,0.8150727,True
tree,820,25006,21.5,1.1723409,1.1723409,1.0712659,True
tree,821,25006,29.61,0.6663953,0.6663953,0.8361803,True
tree,822,25006,36.81,0.69597286,0.69597286,0.9546897,True
tree,823,25006,40.31,0.5234378,0.5234378,0.7731764,False
tree,824,25006,27.97,0.6612589,0.6612589,0.79003406,False
tree,825,25006,30.26,0.7370869,0.7370869,0.96336037,True
tree,826,25012,45.35,1.0829389,1.0829389,1.2051344,False
tree,827,25012,42.19,0.9584941,0.9584941,1.0770711,True
tree,828,25012,33.47,1.0877343,1.0877343,0.95545703,True
tree,829,25012,32.66,0.95871717,0.95871717,1.1557788,True
tree,830,25012,24.99,1.0399643,1.0399643,0.9577794,True
tree,831,25012,57.3,0.8285346,0.8748382,0.8799716,True
tree,832,25012,21.69,0.6159741,1.3921628,1.0103139,True
tree,833,25012,31.09,0.6524839,0.6524839,0.694891,False
tree,834,25012,36.98,0.5318526,0.5318526,0.84368455,False
tree,835,25012,50.97,0.94907266,0.94907266,0.9384923,True
tree,836,25012,35.15,0.7172563,0.7172563,0.88949096,False
tree,837,25012,48.86,0.5926686,0.60478854,0.8134196,True
tree,838,25020,4.34,0.20114607,0.2689607,0.33238822,False
tree,839,25020,8.43,1.778406,1.778406,1.225156,True
tree,840,25020,11.71,1.1578631,1.3027469,1.1427932,True
tree,841,25020,4.92,0.9125438,0.9125438,0.67841876,True
tree,842,25020,2.09,0.6824553,0.6824553,0.71605283,False
tree,843,25020,6.5,1.4357291,1.4357291,1.1860337,True
tree,844,25020,3.6,1.1310643,1.1310643,0.8276532,True
tree,845,25020,5.88,0.46864176,0.46864176,0.5422779,False
tree,846,25020,3.55,0.75984156,0.75984156,1.0346558,False
tree,847,25020,6.05,0.9330983,0.9330983,1.0172293,True
tree,848,25020,7.47,1.0205549,1.2895334,1.01414,True
tree,849,25020,4.21,0.66375345,0.66375345,0.6712278,True
tree,850,26003,2.19,0.94475764,0.94475764,0.819454,False
tree,851,26003,1.67,1.3209553,1.3331795,1.5605732,True
tree,852,26003,4.49,0.5388925,0.6549421,0.52434087,False
tree,853,26003,1.45,0.6924936,0.7486129,0.6923987,False
tree,854,26003,1.61,0.8019332,1.0784329,1.0993314,True
tree,855,26003,3.19,0.762607,0.918347,0.9783413,True
tree,856,26003,1.31,1.1174452,1.1757451,1.0357293,False
tree,857,26003,3.47,0.57766294,0.69387287,0.7363,True
tree,858,26003,1.46,1.3042567,1.3042567,1.2045135,False
tree,859,26003,3.6,0.61618155,0.6340068,0.65166044,False
tree,860,26003,4.28,0.6644742,0.73821265,0.6880062,True
tree,861,26003,2.31,1.122863,1.122863,1.1441759,True
tree,862,27001,13.05,0.70510125,0.71240187,1.012013,True
tree,863,27001,37.43,0.62228525,0.62228525,0.7125672,True
tree,864,27001,23.61,0.5616321,0.5616321,0.71024007,False
tree,865,27001,9.36,0.74913514,0.74913514,1.0123494,False
tree,866,27001,8.2,0.6554847,0.6554847,0.80412376,False
tree,867,27001,41.11,0.67878884,0.67878884,0.86656165,True
tree,868,27001,12.96,0.9408321,0.9408321,0.90510225,True
tree,869,27001,13.61,0.79086953,0.79086953,0.79627657,True
tree,870,27001,18.24,0.6241805,0.6241805,0.8411651,True
tree,871,27001,23.96,0.7850012,0.7850012,0.9791338,True
tree,872,27001,24.84,0.6951189,0.6951189,0.7663464,True
tree,873,27001,31.14,0.79127675,0.79127675,0.93240285,True
tree,874,27003,12.99,0.85576165,0.85576165,0.7834297,True
tree,875,27003,14.06,1.0938028,1.0938028,0.87238806,True
tree,876,27003,11.74,0.6657482,0.81109524,0.8389264,True
tree,877,27003,8.79,0.9087721,0.9087721,1.0159305,True
tree,878,27003,11.42,0.7323267,0.7323267,0.82476103,True
tree,879,27003,14.46,0.8764699,1.6070247,1.0974002,True
tree,880,27003,10.49,0.83575946,0.83575946,0.86072636,True
tree,881,27003,12.55,0.8535222,0.8535222,0.7963907,True
tree,882,27003,13.34,0.9417433,0.9417433,1.0027031,True
tree,883,27003,13.97,0.9372453,1.0004348,0.9199204,False
tree,884,27003,13.97,0.8717599,1.1924686,0.8891902,True
tree,885,27003,13.83,0.9944672,1.2909747,0.9936487,True
tree,886,27006,10.02,0.8700177,0.8700177,1.0282178,True
tree,887,27006,20.74,0.51838905,0.51838905,0.8612353,False
tree,888,27006,13.68,0.6595932,0.6595932,0.66167974,True
tree,889,27006,11.13,0.7136595,0.7136595,0.9930346,True
tree,890,27006,6.56,0.7726403,0.7726403,0.84263414,False
tree,891,27006,14.97,0.61689216,0.61689216,0.84219074,True
tree,892,27006,12.46,0.61920106,0.6486548,1.0591916,True
tree,893,27006,14.19,0.6240118,0.6401567,0.7506446,True
tree,894,27006,13.49,0.59710085,0.59710085,0.81893754,False
tree,895,27006,42.39,0.55796546,0.55796546,0.7999388,True
tree,896,27006,27.23,0.6191006,0.6191006,0.81611675,True
tree,897,27006,35.76,0.85932195,0.85932195,0.99494344,True
tree,898,27007,25.37,0.51127803,0.67415786,0.74230814,True
tree,899,27007,36.54,0.82405007,0.82405007,0.933393,True
tree,900,27007,30.96,0.52061623,0.52061623,0.7671184,False
tree,901,27007,18.08,0.6492411,0.7218422,0.8941544,False
tree,902,27007,13.25,0.5111661,0.5111661,0.6590427,False
tree,903,27007,46.39,0.47288114,0.6758682,0.81288415,False
tree,904,27007,11.93,1.1846601,1.1846601,1.0646628,True
tree,905,27007,14.01,0.41180286,0.41180286,0.5564566,False
tree,906,27007,20.83,0.5039962,0.7874525,0.8077809,True
tree,907,27007,36.17,0.47247759,0.47247759,0.67891526,False
tree,908,27007,36.64,0.57488024,0.57488024,0.7283337,False
tree,909,27007,30.01,0.52967113,0.71873605,0.82234347,True
tree,910,27009,8.98,0.88726336,0.88726336,0.88015294,True
tree,911,27009,12.07,0.915081,1.6410215,1.150356,True
tree,912,27009,11.05,0.9834581,0.9834581,0.9432254,True
tree,913,27009,7.43,0.7352186,1.0519457,0.8542276,True
tree,914,27009,5.86,0.49879274,0.54313314,0.6404788,False
tree,915,27009,13.61,0.93720746,1.6859449,1.19433,True
tree,916,27009,6.15,1.0796726,1.0796726,1.0115155,False
tree,917,27009,7.11,0.89001304,0.9724568,0.84911317,True
tree,918,27009,9.38,0.8247039,0.8247039,0.8301658,True
tree,919,27009,10.76,0.9026398,0.97080106,0.95973706,True
tree,920,27009,10.86,0.9385793,0.98700964,0.8807348,True
tree,921,27009,10.76,0.9928445,0.9928445,0.9798413,True
tree,922,27021,6.34,0.7867013,0.7867013,0.9391065,True
tree,923,27021,12.69,0.6016491,0.6417749,0.6764053,True
tree,924,27021,13.1,0.70781606,0.70781606,0.7371468,True
tree,925,27021,7.72,0.7974537,0.7974537,0.93303734,True
tree,926,27021,5.48,0.83076406,0.83076406,1.0721058,True
tree,927,27021,7.79,0.66692036,0.74770343,0.787116,True
tree,928,27021,9.1,0.9143967,0.9143967,0.8938666,True
tree,929,27021,11.86,0.6962937,0.6962937,0.77606785,True
tree,930,27021,10.15,0.61845577,0.68112236,0.8647338,True
tree,931,27021,24.62,0.65773535,0.65773535,0.697869,True
tree,932,27021,14.28,0.66579574,0.7580839,0.7920272,True
tree,933,27021,17.03,0.6382464,0.6581556,0.8126472,True
tree,934,27023,10.98,0.72641593,0.72641593,0.81797975,True
tree,935,27023,25.51,0.47956422,0.47956422,0.84746593,False
tree,936,27023,13.3,0.61563826,0.61563826,0.7119352,True
tree,937,27023,9.18,0.69618064,0.69618064,0.9663228,True
tree,938,27023,9.32,0.6247009,0.6247009,0.73486817,True
tree,939,27023,10.41,0.66782475,0.66782475,0.92475176,True
tree,940,27023,12.14,0.55196756,0.70439374,0.8565408,True
tree,941,27023,17.6,0.42704234,0.46025303,0.6836648,True
tree,942,27023,12.28,0.469005,0.53411263,0.7634611,False
tree,943,27023,31.29,0.5488368,0.5488368,0.8489975,True
tree,944,27023,18.79,0.497767,0.497767,0.7240837,False
tree,945,27023,20.23,0.6788494,0.6788494,0.93149555,True
tree,946,27025,6.65,0.10858024,0.12231818,0.20229158,False
tree,947,27025,9.4,0.9012141,0.9012141,0.82213396,True
tree,948,27025,16.36,0.5075266,0.5075266,0.61152244,False
tree,949,27025,7.23,0.5202354,0.7440035,0.82909584,True
tree,950,27025,6.18,0.23360087,0.27083346,0.46260294,False
tree,951,27025,10.15,0.6195857,0.6195857,0.91044354,True
tree,952,27025,9.49,0.57846206,0.57846206,0.61178136,True
tree,953,27025,12.57,0.44840857,0.44840857,0.6361504,False
tree,954,27025,12.52,0.44041353,0.56200844,0.62067705,True
tree,955,27025,25.07,0.5253417,0.62582517,0.70283085,True
tree,956,27025,11.73,0.6512884,0.6512884,0.85938215,False
tree,957,27025,14.65,0.7005719,0.7005719,0.74797016,True
tree,958,27026,9.36,0.10030893,0.10030893,0.20557262,False
tree,959,27026,14.12,0.39870504,0.60074955,0.75587684,False
tree,960,27026,17.54,0.5947326,0.5947326,0.8207339,True
tree,961,27026,9.57,0.5113771,0.6194849,0.8251669,False
tree,962,27026,7.55,0.21210885,0.24569605,0.42684615,False
tree,963,27026,10.03,0.52548885,0.53582627,0.7322523,False
tree,964,27026,14.69,0.5894027,0.5894027,0.82686335,True
tree,965,27026,13.44,0.60320807,0.60320807,0.8782572,True
tree,966,27026,12.48,0.4515907,0.6100006,0.7047373,True
tree,967,27026,35.07,0.5395448,0.5395448,0.8263121,True
tree,968,27026,14.95,0.9058903,0.9058903,1.057985,True
tree,969,27026,16.97,0.8094212,0.8094212,1.0291433,True
tree,970,27029,17.85,0.7026436,0.8201363,0.9589976,True
tree,971,27029,32.2,0.510081,0.510081,0.7754359,False
tree,972,27029,17.57,0.6928491,0.7924491,0.89648783,False
tree,973,27029,13.72,0.73284596,0.73284596,0.9849322,True
tree,974,27029,20.94,0.81583565,0.81583565,0.9826402,True
tree,975,27029,48.18,0.6889919,0.6889919,0.9596469,True
tree,976,27029,16.74,0.5160378,0.53749,0.77593803,True
tree,977,27029,17.52,0.5362722,0.6334916,0.74862295,True
tree,978,27029,34.99,0.5809849,0.5809849,0.80294865,False
tree,979,27029,41.08,0.60334074,0.60334074,0.84350276,True
tree,980,27029,32.71,0.89517885,0.89517885,0.92875123,True
tree,981,27029,38.03,0.7654239,0.7654239,0.91132337,True
tree,982,27030,5.67,0.78792816,0.78792816,0.8288443,True
tree,983,27030,12.78,0.59033686,0.6127706,0.7230996,True
tree,984,27030,12.17,0.6117196,0.6117196,0.671684,False
tree,985,27030,7.33,0.6269625,0.6269625,0.7493267,True
tree,986,27030,5.89,0.7654237,0.7654237,0.7940138,True
tree,987,27030,8.22,0.73656577,0.73656577,0.8879055,True
tree,988,27030,9.2,0.64575213,0.64575213,0.6368359,True
tree,989,27030,11.49,0.52856386,0.5365255,0.62982535,True
tree,990,27030,11.19,0.39201158,0.39201158,0.6301119,True
tree,991,27030,20.2,0.6756471,0.6756471,0.67604035,True
tree,992,27030,14.36,0.6260023,0.6260023,0.7105645,True
tree,993,27030,13.7,0.57770133,0.57770133,0.6606477,True
tree,994,27032,9.98,0.89318436,0.89318436,1.1855644,False
tree,995,27032,10.72,1.3175586,1.9271313,1.65659,True
tree,996,27032,6.29,1.9266101,1.9266101,1.2797065,True
tree,997,27032,3.75,1.1385599,1.162778,1.1504598,False
tree,998,27032,5.4,0.6959408,0.6959408,0.64012957,False
tree,999,27032,10.61,1.7586256,2.5970988,2.4485912,True
tree,1000,27032,7.46,1.511972,1.511972,1.263392,True
tree,1001,27032,4.29,0.858847,0.858847,1.1405439,False
tree,1002,27032,10.13,1.1180552,1.1180552,1.2304138,True
tree,1003,27032,10.1,1.7342002,1.7342002,2.0034208,False
tree,1004,27032,8.97,2.6120656,2.6120656,1.7569447,True
tree,1005,27032,11.97,1.7330626,1.7330626,1.667841,True
tree,1006,27034,34.84,0.7467575,0.7467575,0.9677756,False
tree,1007,27034,48.87,0.5846856,0.5846856,0.8244402,True
tree,1008,27034,31.45,0.6598297,0.8454616,0.9178468,True
tree,1009,27034,23.0,0.73745704,0.77964056,0.9648257,True
tree,1010,27034,25.53,0.506719,0.506719,0.6870834,False
tree,1011,27034,53.27,0.8718478,0.8718478,1.0238502,True
tree,1012,27034,19.79,0.5009465,0.87588286,0.8215236,True
tree,1013,27034,20.09,0.5874937,0.5874937,0.7425507,False
tree,1014,27034,37.56,0.63901144,0.63901144,0.87810683,True
tree,1015,27034,43.8,0.7115842,0.7115842,1.0908285,True
tree,1016,27034,37.2,0.7037837,0.732314,0.9313229,False
tree,1017,27034,40.58,0.8650884,0.8650884,1.1069599,True
tree,1018,27035,20.4,0.8066502,0.8066502,0.76372796,False
tree,1019,27035,28.51,0.9906878,0.9906878,0.8242753,True
tree,1020,27035,21.07,0.7070646,0.7631513,0.74214584,True
tree,1021,27035,13.35,0.72298515,0.7823616,0.9942021,True
tree,1022,27035,17.77,0.7079872,0.7079872,0.8015005,True
tree,1023,27035,41.77,0.95272267,0.95272267,1.0514665,True
tree,1024,27035,14.76,0.80713713,0.80713713,1.0250903,True
tree,1025,27035,11.16,0.52487093,0.52487093,0.7330413,False
tree,1026,27035,18.22,1.0684204,1.0684204,0.8986841,True
tree,1027,27035,24.21,1.1410656,1.1410656,0.99821573,True
tree,1028,27035,26.01,1.2764825,1.2764825,1.0695672,True
tree,1029,27035,24.36,1.0248191,1.0248191,0.973354,True
tree,1030,27038,8.89,0.598056,0.94365686,0.78694856,False
tree,1031,27038,23.43,0.73785967,0.73785967,1.0383122,False
tree,1032,27038,31.34,0.5342295,0.53990424,0.67970425,True
tree,1033,27038,7.87,0.86287534,0.9000683,0.882106,False
tree,1034,27038,8.65,0.71555793,0.71555793,0.9472546,False
tree,1035,27038,40.91,0.5491115,0.5491115,0.80510765,True
tree,1036,27038,7.93,0.8352206,0.8599831,0.9075186,False
tree,1037,27038,12.25,0.9255901,1.0818945,1.0282954,True
tree,1038,27038,19.33,0.24909581,0.2659763,0.2818812,False
tree,1039,27038,28.51,0.6036806,0.6036806,0.8988639,True
tree,1040,27038,13.67,1.323,1.323,1.1551008,True
tree,1041,27038,12.01,0.43885714,0.45165324,0.5067288,False
tree,1042,27042,16.32,0.5029959,0.5029959,0.71706486,True
tree,1043,27042,21.48,0.5375993,0.5375993,0.77828324,True
tree,1044,27042,20.62,0.935277,1.2234659,1.0519645,True
tree,1045,27042,7.32,0.7441341,0.7441341,0.8702404,False
tree,1046,27042,11.53,0.4299446,0.4299446,0.81705505,True
tree,1047,27042,17.18,0.7682829,0.7682829,0.95521814,True
tree,1048,27042,12.39,0.6454669,0.67523056,0.85282576,False
tree,1049,27042,11.1,0.75479263,0.75479263,0.893309,True
tree,1050,27042,8.62,0.647941,0.647941,0.94417703,True
tree,1051,27042,10.54,0.9711889,0.9711889,0.9725774,True
tree,1052,27042,24.77,0.62205815,0.62205815,0.73905003,True
tree,1053,27042,9.15,0.6026706,0.6223802,0.90877163,True
tree,1054,27047,76.17,0.802457,0.802457,1.0142043,True
tree,1055,27047,59.11,0.8463149,0.8463149,0.8308858,True
tree,1056,27047,47.6,1.0559239,1.0559239,0.9293654,True
tree,1057,27047,32.68,0.8593095,0.8593095,1.0336394,False
tree,1058,27047,57.13,0.95685095,0.95685095,1.1257504,True
tree,1059,27047,107.4,0.5386832,0.5386832,0.81201243,True
tree,1060,27047,37.09,0.64345115,0.64345115,0.8419748,False
tree,1061,27047,56.94,0.7245503,0.7245503,0.8434509,True
tree,1062,27047,61.17,0.6865506,0.6865506,1.0134207,False
tree,1063,27047,75.18,0.65251637,0.65251637,0.84271485,False
tree,1064,27047,64.97,0.9213326,0.9213326,1.0724245,True
tree,1065,27047,53.09,0.78872275,0.78872275,0.8707016,False
tree,1066,27051,11.31,0.44362706,0.44362706,0.6406226,False
tree,1067,27051,38.39,0.61890984,0.6345548,0.81735355,True
tree,1068,27051,25.17,0.8459259,0.8459259,0.975366,True
tree,1069,27051,9.82,0.35936716,0.35936716,0.49842125,False
tree,1070,27051,13.85,0.43784443,0.43784443,0.6627211,True
tree,1071,27051,32.36,0.9021052,0.95657486,1.1495662,True
tree,1072,27051,19.88,0.4889743,0.5097558,0.78226805,True
tree,1073,27051,20.29,0.79157937,0.79157937,0.96695715,True
tree,1074,27051,14.55,0.65138775,1.1889372,0.9927969,True
tree,1075,27051,26.96,0.6832211,0.6832211,0.99930185,True
tree,1076,27051,17.87,0.92586255,0.92586255,1.0731021,True
tree,1077,27051,22.95,0.99258024,0.99258024,0.97045666,True
tree,1078,27071,7.7,0.82013714,0.82013714,0.8965001,True
tree,1079,27071,14.57,0.82072353,1.3271005,0.99170417,True
tree,1080,27071,12.92,0.5927832,0.916378,0.7608736,True
tree,1081,27071,7.11,0.9326447,1.052899,0.9865243,True
tree,1082,27071,5.06,0.34590745,0.34590745,0.4513102,False
tree,1083,27071,13.51,0.82599974,1.314123,0.9778817,True
tree,1084,27071,6.05,0.68443656,1.2591538,0.99705344,True
tree,1085,27071,7.34,0.71465063,0.7765712,0.8240703,True
tree,1086,27071,9.15,0.5847732,0.6812283,0.8586534,False
tree,1087,27071,11.74,0.5244491,0.88787246,0.73582554,True
tree,1088,27071,12.89,0.7316333,0.8147337,0.7763704,True
tree,1089,27071,10.78,0.65322155,0.65322155,0.7825091,True
tree,1090,28001,26.46,0.44306806,0.44306806,0.68171066,True
tree,1091,28001,19.98,0.3093856,0.37956977,0.4354474,False
tree,1092,28001,18.14,0.5084573,0.5334922,0.84855896,False
tree,1093,28001,17.72,0.61143947,0.61143947,0.86586106,True
tree,1094,28001,11.87,0.42336053,0.5745796,0.75250256,False
tree,1095,28001,22.09,0.47912118,0.47912118,0.82365805,False
tree,1096,28001,9.68,0.29532963,0.39255038,0.4123437,False
tree,1097,28001,17.52,0.41717923,0.41717923,0.47760215,False
tree,1098,28001,24.86,0.55512273,0.55512273,0.72131985,False
tree,1099,28001,42.1,0.44326332,0.44326332,0.7348,True
tree,1100,28001,32.4,0.82910454,0.82910454,1.0515237,True
tree,1101,28001,50.45,0.63917947,0.63917947,0.8301301,True
tree,1102,28008,9.53,0.97147036,0.97147036,1.3483537,True
tree,1103,28008,13.37,0.8853923,0.8853923,0.948304,True
tree,1104,28008,12.27,0.47794476,0.50274104,0.76114506,False
tree,1105,28008,8.86,0.7729827,0.9186524,1.0298268,True
tree,1106,28008,7.82,0.92415845,0.92415845,1.0401624,True
tree,1107,28008,10.09,0.68155944,0.87511545,1.0857834,True
tree,1108,28008,9.6,0.58971226,0.89640415,1.0211416,True
tree,1109,28008,10.38,0.7544556,0.7544556,0.98126644,True
tree,1110,28008,9.49,0.7562705,0.7562705,0.9633758,False
tree,1111,28008,14.42,0.9102729,0.9102729,1.0694748,True
tree,1112,28008,17.0,1.127078,1.127078,1.3153642,True
tree,1113,28008,14.03,1.1333061,1.1333061,1.2850629,True
tree,1114,28009,3.0,0.926549,0.926549,0.98903275,True
tree,1115,28009,4.3,1.0991408,1.0991408,0.99169314,True
tree,1116,28009,7.79,0.65774643,1.0128983,0.7615611,True
tree,1117,28009,4.19,1.0763136,1.0763136,0.89296573,True
tree,1118,28009,2.64,0.88416535,1.1567221,1.0715505,False
tree,1119,28009,4.79,0.8839528,1.0006772,0.93055844,False
tree,1120,28009,3.86,1.439845,1.439845,1.2000551,True
tree,1121,28009,5.0,0.65180176,0.9834689,0.7870741,True
tree,1122,28009,3.51,0.8505497,1.136335,0.84651244,False
tree,1123,28009,7.99,0.49357733,0.9811741,0.7606654,True
tree,1124,28009,7.64,0.61154824,0.9173105,0.7960913,True
tree,1125,28009,5.81,1.0567559,1.0567559,0.9543709,True
tree,1126,28012,2.3,0.7231349,1.0856237,0.926909,False
tree,1127,28012,4.27,0.9234389,0.9234389,1.0431753,False
tree,1128,28012,6.32,0.68713087,0.9955813,0.86620057,True
tree,1129,28012,3.98,0.901059,0.96904075,0.9758226,False
tree,1130,28012,2.12,1.1803262,1.1803262,1.2196078,False
tree,1131,28012,4.53,0.7951507,1.2628645,1.1186339,True
tree,1132,28012,3.17,0.98145396,1.1872016,1.0495629,False
tree,1133,28012,3.56,0.7355438,1.1291537,0.95131916,True
tree,1134,28012,4.58,0.723247,1.0824124,0.82424885,True
tree,1135,28012,12.43,0.42734322,0.7358982,0.67030036,True
tree,1136,28012,9.44,0.6971909,0.73485285,0.81740284,True
tree,1137,28012,4.19,1.1046708,1.1350288,1.0350827,True
tree,1138,28018,8.01,0.9769456,0.9769456,1.1327599,True
tree,1139,28018,10.55,0.601267,0.72957915,0.91109365,False
tree,1140,28018,11.83,0.8860092,0.8860092,0.93256754,True
tree,1141,28018,7.26,0.71513337,0.71513337,0.8696213,False
tree,1142,28018,6.75,0.8792068,0.8792068,1.1379958,True
tree,1143,28018,7.96,0.9266088,0.9266088,1.0175284,False
tree,1144,28018,7.31,1.0461795,1.0461795,1.209515,True
tree,1145,28018,6.71,0.6730599,0.95213306,0.93784535,True
tree,1146,28018,7.69,1.1104932,1.1104932,1.0734675,True
tree,1147,28018,13.1,0.8701544,0.8701544,1.0713027,False
tree,1148,28018,14.56,0.7402219,1.0978829,1.0904268,True
tree,1149,28018,11.21,0.83326566,0.99633557,1.1325804,True
tree,1150,28022,2.58,0.84029007,0.98962444,1.0134912,True
tree,1151,28022,4.09,0.8398564,1.1094338,0.95206827,True
tree,1152,28022,6.74,0.7250763,1.0761913,0.8176895,True
tree,1153,28022,4.08,0.7738672,1.0560577,0.86604536,False
tree,1154,28022,2.46,0.78487164,1.161293,1.1087992,False
tree,1155,28022,4.38,0.5781528,1.0403234,0.8065988,True
tree,1156,28022,3.38,0.90416574,1.6055905,1.1701125,True
tree,1157,28022,4.7,0.6869298,1.0531073,0.78136724,True
tree,1158,28022,3.31,0.82194084,0.884687,1.0279208,False
tree,1159,28022,6.39,0.6194543,1.2099086,0.9068514,True
tree,1160,28022,5.97,0.52357507,1.117974,0.75202906,True
tree,1161,28022,4.82,0.70763296,1.2197421,0.93685055,True
tree,1162,28024,3.13,0.49144068,0.4976238,0.5324756,False
tree,1163,28024,4.48,1.1775473,1.1775473,1.0756793,True
tree,1164,28024,7.13,1.0115764,1.0115764,0.8284888,True
tree,1165,28024,6.76,0.67566526,0.67566526,0.77980554,False
tree,1166,28024,4.5,0.50305897,0.50305897,0.63941866,False
tree,1167,28024,6.24,0.9515178,0.9515178,0.8887607,True
tree,1168,28024,4.35,1.2838844,1.2838844,1.042629,True
tree,1169,28024,4.64,0.9014315,0.9132727,0.8190078,True
tree,1170,28024,3.4,0.7631517,2.4579015,1.4067937,True
tree,1171,28024,5.86,1.3781012,1.3781012,1.1667312,True
tree,1172,28024,5.49,1.2458857,1.2458857,1.012988,False
tree,1173,28024,4.39,0.91834474,0.91834474,0.9182695,True
tree,1174,28026,4.51,0.704375,0.704375,0.9070345,True
tree,1175,28026,10.39,0.47473675,0.47473675,0.68008274,True
tree,1176,28026,19.07,0.50806415,0.50806415,0.6748066,True
tree,1177,28026,9.02,0.49510047,0.49510047,0.6127574,False
tree,1178,28026,3.81,0.8075446,0.8075446,0.8948004,True
tree,1179,28026,10.86,0.6726894,0.6726894,0.75527847,True
tree,1180,28026,5.07,1.1374046,1.1374046,1.2582858,True
tree,1181,28026,8.28,0.67479646,0.6842263,0.8171255,True
tree,1182,28026,5.14,0.6148487,0.6148487,0.80578804,False
tree,1183,28026,17.22,0.45790216,0.45790216,0.6621772,True
tree,1184,28026,8.2,0.7116291,0.7116291,0.7585721,True
tree,1185,28026,5.07,0.4218262,0.4218262,0.60645366,False
tree,1186,28031,17.79,0.8220316,0.8220316,1.0903474,True
tree,1187,28031,31.67,0.62685883,0.62685883,0.7942607,True
tree,1188,28031,19.07,0.6790596,0.72505677,0.9662362,False
tree,1189,28031,13.41,0.71445143,0.71445143,0.9811374,False
tree,1190,28031,11.78,0.65921116,0.65921116,0.7371685,False
tree,1191,28031,17.38,0.6538655,0.6624586,0.94992137,True
tree,1192,28031,20.88,0.4742464,0.4742464,0.7844643,True
tree,1193,28031,17.11,0.5386106,0.5386106,0.79551536,False
tree,1194,28031,15.92,0.67239743,0.7351315,0.7779549,False
tree,1195,28031,22.9,0.5310147,0.5310147,0.6813284,False
tree,1196,28031,30.58,0.8372994,0.8372994,1.0274056,True
tree,1197,28031,23.95,0.55082315,0.56444263,0.7498092,False
tree,1198,28039,7.43,0.5618225,0.67782444,0.8711873,True
tree,1199,28039,16.44,0.4167701,0.4167701,0.7803315,False
tree,1200,28039,16.73,0.6621769,0.6621769,1.0502567,True
tree,1201,28039,7.95,0.68268114,0.9114689,1.2275807,False
tree,1202,28039,5.97,0.8374608,0.8374608,0.88566697,False
tree,1203,28039,23.57,0.5605899,0.5605899,0.9276665,True
tree,1204,28039,11.69,0.8653331,0.8653331,1.2149951,True
tree,1205,28039,18.77,0.13470043,0.16156805,0.35092205,False
tree,1206,28039,13.37,0.42169344,0.42169344,0.64058435,False
tree,1207,28039,15.28,0.7580252,0.7580252,1.098553,True
tree,1208,28039,9.34,0.85816944,0.85816944,0.9635814,True
tree,1209,28039,7.28,0.7921861,0.7921861,0.89785904,False
tree,1210,28040,10.76,0.7111809,0.7111809,0.8935608,True
tree,1211,28040,9.41,0.7858383,0.7858383,1.0383743,False
tree,1212,28040,11.25,0.8387747,0.8387747,1.1718465,True
tree,1213,28040,5.86,0.8052655,0.8052655,0.8869437,False
tree,1214,28040,4.59,0.5845679,0.59427965,0.90312797,False
tree,1215,28040,7.0,0.7562851,0.7711411,1.1658813,False
tree,1216,28040,10.28,0.55927306,0.55927306,0.73382545,True
tree,1217,28040,8.17,0.98788613,0.98788613,1.1625896,True
tree,1218,28040,9.51,0.9335345,1.4153315,1.2991182,True
tree,1219,28040,22.39,0.7843101,0.7843101,1.0273173,True
tree,1220,28040,17.2,1.1465886,1.1465886,1.1694129,True
tree,1221,28040,7.57,1.0554538,1.0554538,1.1067847,True
tree,1222,28043,17.89,0.53198063,0.644985,0.7708738,True
tree,1223,28043,15.25,0.4480122,0.70102364,0.7084033,False
tree,1224,28043,15.51,0.54354256,0.6014018,0.8016054,False
tree,1225,28043,13.15,0.70733064,0.70733064,0.92739403,True
tree,1226,28043,7.88,0.9988918,0.9988918,1.0041409,False
tree,1227,28043,15.98,0.5799795,0.5799795,0.8333093,False
tree,1228,28043,12.32,0.7787352,0.88171715,1.1714842,True
tree,1229,28043,12.97,0.67538553,0.67538553,0.9821914,False
tree,1230,28043,17.56,0.56945705,0.56945705,0.7266116,False
tree,1231,28043,36.66,0.60410106,0.60410106,0.8168308,True
tree,1232,28043,30.03,0.7076061,0.7076061,0.9382651,True
tree,1233,28043,39.42,0.78530663,0.78530663,0.92355853,True
tree,1234,28046,8.39,1.0124354,1.0124354,1.2136192,True
tree,1235,28046,10.9,0.912517,0.912517,0.9405897,False
tree,1236,28046,10.6,0.84942853,0.99153405,1.1619533,False
tree,1237,28046,8.1,0.8444329,0.95973957,0.9897344,False
tree,1238,28046,6.9,1.0803756,1.0803756,1.1595247,False
tree,1239,28046,8.47,0.8329043,1.0505216,1.145898,True
tree,1240,28046,8.93,0.7915168,0.8746345,1.1809912,True
tree,1241,28046,8.04,0.87884516,0.87884516,1.0038723,True
tree,1242,28046,9.68,0.9482196,0.9778601,0.907489,False
tree,1243,28046,12.69,1.0285678,1.0285678,1.1455896,False
tree,1244,28046,19.89,1.1010798,1.1010798,1.1708647,True
tree,1245,28046,17.07,1.0508242,1.0508242,1.1797502,True
tree,1246,28048,7.52,0.61510575,0.6286664,1.055269,True
tree,1247,28048,12.02,0.49462277,0.7661101,0.7686849,False
tree,1248,28048,21.56,0.58940434,0.58940434,0.6805322,True
tree,1249,28048,13.36,0.4570962,0.6185432,0.7200336,True
tree,1250,28048,6.62,0.77257746,0.8799092,1.0367246,True
tree,1251,28048,13.03,0.3953859,0.4920266,0.71291465,False
tree,1252,28048,12.56,0.5900319,0.6037538,0.853838,True
tree,1253,28048,15.58,0.55401015,0.55401015,0.93708766,True
tree,1254,28048,15.32,0.40638444,0.52792495,0.65153736,True
tree,1255,28048,23.33,0.49679655,0.49679655,0.70438176,False
tree,1256,28048,19.18,0.5767636,0.5767636,0.85819626,False
tree,1257,28048,18.38,0.72190076,0.72190076,0.95309085,True
tree,1258,28050,2.07,0.62440765,0.62440765,0.6905293,False
tree,1259,28050,6.43,0.4141572,0.51285076,0.5029084,False
tree,1260,28050,2.41,0.8446236,0.8446236,0.8315512,True
tree,1261,28050,2.25,0.39045942,0.45959616,0.5479516,False
tree,1262,28050,2.06,1.0838221,1.0838221,1.20603,True
tree,1263,28050,2.25,0.7889948,0.7889948,0.8810143,False
tree,1264,28050,3.4,0.6309671,0.6309671,0.785559,False
tree,1265,28050,1.56,1.1345036,1.1345036,1.3133998,True
tree,1266,28050,9.21,0.5098189,0.7432202,0.5805428,True
tree,1267,28050,6.02,0.55971324,0.55971324,0.56463844,True
tree,1268,28050,2.18,0.92274374,0.92274374,1.0256034,True
tree,1269,28052,3.05,0.76276547,0.76276547,0.9380582,False
tree,1270,28052,8.53,0.35699156,0.48392847,0.51773345,False
tree,1271,28052,2.7,0.7435574,0.7435574,0.7516945,False
tree,1272,28052,2.87,1.729295,1.729295,1.9489118,True
tree,1273,28052,2.41,0.9126632,1.2118392,1.0504777,False
tree,1274,28052,3.1,0.9837855,0.9923179,0.9974326,True
tree,1275,28052,4.52,0.7023611,0.7887739,0.98274636,False
tree,1276,28052,11.21,1.0856136,1.0856136,1.0938234,True
tree,1277,28052,9.75,0.75711024,0.94997257,0.8963009,True
tree,1278,28052,4.04,1.034721,1.034721,1.0404254,True
tree,1279,28067,12.0,0.6109324,0.6109324,0.88380796,False
tree,1280,28067,10.09,0.58841985,0.655091,0.8138095,False
tree,1281,28067,14.86,0.7195249,0.7195249,0.75783765,True
tree,1282,28067,9.86,0.6606943,0.6606943,0.7708391,False
tree,1283,28067,5.71,0.8557889,0.8557889,1.096749,False
tree,1284,28067,11.09,0.57789725,0.6220602,0.7883748,True
tree,1285,28067,10.43,0.8258579,0.8258579,0.9897118,True
tree,1286,28067,11.82,0.5557156,0.6098701,0.7401964,True
tree,1287,28067,11.95,0.61781013,0.6555182,0.7417235,True
tree,1288,28067,18.68,0.66577965,0.66577965,0.74008083,True
tree,1289,28067,17.2,0.66016376,0.9903334,0.86351573,True
tree,1290,28067,17.93,0.80683297,0.88534504,0.93816644,True
tree,1291,28080,5.98,0.5499507,0.6145167,0.7233911,True
tree,1292,28080,7.69,0.6943339,0.6943339,0.9337175,False
tree,1293,28080,14.67,0.5556589,0.5556589,0.79274654,True
tree,1294,28080,6.84,0.9079505,0.9079505,0.95951515,False
tree,1295,28080,5.0,0.73889357,0.73889357,0.90479326,True
tree,1296,28080,8.32,0.6655212,0.6655212,0.97582203,False
tree,1297,28080,5.34,1.1773978,1.1773978,1.2967399,True
tree,1298,28080,6.95,0.72230047,0.96533984,1.0178413,True
tree,1299,28080,7.98,0.42369825,0.42369825,0.61286783,False
tree,1300,28080,18.09,0.48452476,0.48452476,0.7289293,True
tree,1301,28080,7.66,0.752822,0.752822,0.7873005,True
tree,1302,28080,5.85,0.57356095,0.57356095,0.7888663,False
tree,1303,28082,3.05,0.5534172,0.5534172,0.71999234,False
tree,1304,28082,4.88,0.99682784,1.1220502,1.116229,True
tree,1305,28082,10.34,0.895538,0.895538,1.0078684,True
tree,1306,28082,6.7,0.8656301,0.8656301,0.984057,True
tree,1307,28082,4.55,0.73101354,0.73101354,0.84144557,True
tree,1308,28082,8.66,0.8234865,0.8234865,1.0256639,True
tree,1309,28082,3.96,1.5350835,1.5350835,1.8993585,True
tree,1310,28082,7.7,0.8047074,0.84445846,1.0696275,True
tree,1311,28082,4.47,1.1899029,1.1899029,1.3274884,True
tree,1312,28082,10.32,0.79889196,0.79889196,1.0945959,True
tree,1313,28082,7.21,0.8518563,0.8518563,1.0080172,True
tree,1314,28082,3.91,0.9721199,0.9721199,1.0644261,True
tree,1315,28085,11.34,0.63921845,0.63921845,0.87315845,True
tree,1316,28085,9.29,0.6874917,0.6874917,0.9613307,False
tree,1317,28085,11.59,0.74804413,0.74804413,0.8386206,False
tree,1318,28085,8.71,0.8164273,0.8164273,0.8982077,True
tree,1319,28085,5.89,0.8194877,0.8194877,1.0969628,False
tree,1320,28085,9.29,0.7221569,0.75421906,0.88227844,True
tree,1321,28085,6.98,1.0718715,1.0718715,1.0718889,True
tree,1322,28085,9.62,0.70292366,0.7156927,0.8075687,True
tree,1323,28085,9.4,0.7877943,0.84095556,0.82293075,False
tree,1324,28085,20.08,0.64012724,0.64855534,0.8841054,True
tree,1325,28085,15.9,0.7392257,1.0871643,1.0020436,True
tree,1326,28085,19.1,0.73654515,0.8650981,0.9866666,True
tree,1327,29002,1.47,0.5625963,0.5625963,0.7252795,False
tree,1328,29002,2.47,0.42459524,0.6000402,0.9542378,False
tree,1329,29002,4.34,0.41233024,0.4300063,0.698262,False
tree,1330,29002,1.79,0.6923389,0.6923389,0.7792529,False
tree,1331,29002,2.79,0.70105433,0.70105433,0.96118253,True
tree,1332,29002,2.86,0.40860257,0.6272291,0.9126431,True
tree,1333,29002,1.69,0.57372046,0.57372046,0.6176688,False
tree,1334,29002,3.35,0.4537171,0.5487818,0.76411307,True
tree,1335,29002,6.99,1.4370178,1.4370178,1.6405836,True
tree,1336,29002,5.81,0.37266618,0.37266618,0.5825799,False
tree,1337,29002,3.86,0.4314975,0.57552916,0.82979935,False
tree,1338,29002,1.78,0.8227451,0.86690503,0.9566992,True
tree,1339,29003,1.58,0.5419297,0.5419297,0.67378706,False
tree,1340,29003,3.24,0.4223174,0.49094102,1.0026101,False
tree,1341,29003,3.86,0.5300584,0.5637077,0.6961053,False
tree,1342,29003,1.92,0.48359907,0.48359907,0.71835846,False
tree,1343,29003,2.78,0.544724,0.544724,0.7682814,True
tree,1344,29003,2.68,0.5043841,0.57127935,0.9975961,True
tree,1345,29003,2.19,0.26210085,0.42235,0.57641643,False
tree,1346,29003,4.26,0.49723586,0.49723586,0.8532112,True
tree,1347,29003,6.77,0.53812695,1.5590148,1.5285727,True
tree,1348,29003,5.39,0.4086179,0.5924257,0.6427732,True
tree,1349,29003,5.22,0.36182123,0.45557398,0.6479475,False
tree,1350,29003,1.71,0.97653246,1.0556127,1.2155343,True
tree,1351,29005,13.48,0.09080665,0.09080665,0.18732867,False
tree,1352,29005,11.65,0.17731714,0.17731714,0.277691,False
tree,1353,29005,15.7,0.3824306,0.3824306,0.556319,False
tree,1354,29005,8.62,0.3378515,0.3378515,0.6177787,False
tree,1355,29005,13.56,0.33772832,0.33772832,0.50259167,False
tree,1356,29005,16.11,0.24747753,0.24747753,0.36079803,False
tree,1357,29005,14.34,0.24319471,0.24319471,0.33974227,True
tree,1358,29005,17.89,0.21570109,0.21570109,0.23927735,False
tree,1359,29005,22.81,0.19533013,0.19533013,0.16718046,False
tree,1360,29005,24.03,0.22633144,0.22633144,0.21656753,False
tree,1361,29005,15.57,0.55020154,0.55020154,0.7416144,True
tree,1362,29005,11.51,0.054353543,0.057626117,0.07519696,False
tree,1363,30001,2.26,0.6357605,0.6357605,0.6988818,False
tree,1364,30001,4.24,0.8582272,0.8582272,1.2271508,True
tree,1365,30001,6.19,0.7406249,0.7406249,0.8939695,True
tree,1366,30001,3.3,0.62243825,0.7451378,0.8136129,True
tree,1367,30001,2.06,0.55150783,0.55150783,0.67399204,False
tree,1368,30001,4.85,0.59887606,0.59887606,0.8377578,True
tree,1369,30001,3.13,0.66380346,0.66380346,0.8268557,True
tree,1370,30001,4.35,0.580142,0.580142,0.8109128,True
tree,1371,30001,3.83,1.5271614,1.8760394,1.5565941,True
tree,1372,30001,8.42,0.54899645,0.54899645,0.8253866,True
tree,1373,30001,6.05,0.7339867,0.7339867,0.8213086,True
tree,1374,30001,2.92,0.79885226,0.79885226,0.7931327,True
tree,1375,30004,4.5,0.17241676,0.17241676,0.3015447,False
tree,1376,30004,6.47,0.54308885,0.54308885,0.8846682,True
tree,1377,30004,11.32,0.39115986,0.39115986,0.5704772,True
tree,1378,30004,4.28,0.45618942,0.45618942,0.641607,False
tree,1379,30004,8.01,0.5627685,0.5627685,0.8394194,True
tree,1380,30004,8.4,0.4340547,0.4340547,0.80464906,True
tree,1381,30004,4.57,0.41770908,0.47594348,0.58037865,False
tree,1382,30004,8.32,0.44357377,0.44357377,0.788232,True
tree,1383,30004,10.99,1.6818209,1.9041818,1.890162,True
tree,1384,30004,9.87,0.40241167,0.40241167,0.73703897,False
tree,1385,30004,10.64,0.4673872,0.4673872,0.8213074,True
tree,1386,30004,3.75,0.77297455,0.93918854,0.9821176,True
tree,1387,30005,1.32,1.0040919,1.0040919,1.1047004,False
tree,1388,30005,2.65,0.91714233,0.9240192,1.2465847,False
tree,1389,30005,6.18,0.4224038,0.4224038,0.75583005,False
tree,1390,30005,2.65,0.7936593,0.9493768,0.98728335,False
tree,1391,30005,1.92,0.38972667,0.5734013,0.6930045,False
tree,1392,30005,5.04,0.6232846,0.6232846,1.0176474,True
tree,1393,30005,3.28,0.50870806,0.66962665,0.79648924,True
tree,1394,30005,3.55,0.61683524,0.61683524,0.8764631,True
tree,1395,30005,2.09,1.8602349,3.3022099,2.7641563,True
tree,1396,30005,5.17,0.55721337,0.55721337,0.7016516,False
tree,1397,30005,5.92,0.6504346,0.6504346,0.75781715,False
tree,1398,30005,2.15,1.0154895,1.0154895,0.9577948,True
tree,1399,30011,2.38,0.3207218,0.3207218,0.39984986,False
tree,1400,30011,2.06,0.67035866,0.67035866,0.9240833,False
tree,1401,30011,4.73,0.41672188,0.4196481,0.66469574,False
tree,1402,30011,1.74,0.7926574,0.8427502,0.81487703,False
tree,1403,30011,2.34,0.852847,0.852847,0.89000577,False
tree,1404,30011,2.24,0.74524236,0.74524236,1.0208447,True
tree,1405,30011,2.26,0.9264194,0.9264194,1.2746341,True
tree,1406,30011,3.37,0.6073151,0.6395248,0.92893463,True
tree,1407,30011,12.84,0.39159057,0.762967,0.7417852,True
tree,1408,30011,7.15,0.76287484,0.8666604,0.9591219,True
tree,1409,30011,5.42,0.4254674,0.44812196,0.6305105,False
tree,1410,30011,4.94,0.13765587,0.13765587,0.21979144,False
tree,1411,30012,10.94,0.16762897,0.2032065,0.263046,False
tree,1412,30012,5.67,0.4858626,0.4858626,0.7337817,False
tree,1413,30012,12.05,0.29668283,0.40240374,0.5570958,False
tree,1414,30012,4.77,0.44394106,0.5349282,0.6296664,False
tree,1415,30012,6.4,0.84931976,0.84931976,1.0835277,True
tree,1416,30012,8.55,0.6476167,0.6476167,1.0042773,True
tree,1417,30012,5.83,0.4731911,0.4731911,0.6943454,False
tree,1418,30012,9.7,0.5362765,0.5362765,0.91042984,True
tree,1419,30012,15.65,0.8674834,1.0496982,1.0591359,True
tree,1420,30012,14.49,0.66060686,0.66060686,0.8349459,False
tree,1421,30012,6.53,0.61033463,0.6800967,0.7966009,True
tree,1422,30014,3.62,0.57720226,0.57720226,0.634399,False
tree,1423,30014,14.87,0.5284804,0.5284804,1.029324,False
tree,1424,30014,16.37,0.52498615,0.52498615,0.75861925,False
tree,1425,30014,5.76,0.6266081,0.6266081,0.754178,False
tree,1426,30014,4.43,1.1437371,1.1437371,1.1125003,True
tree,1427,30014,14.87,0.4359176,0.4359176,0.782475,True
tree,1428,30014,7.29,0.6647989,0.6647989,0.9773949,True
tree,1429,30014,9.57,0.44743848,0.44743848,0.684988,True
tree,1430,30014,17.24,0.6233274,0.6634464,0.62599653,True
tree,1431,30014,16.05,0.4450413,0.4450413,0.73140377,False
tree,1432,30014,14.94,0.58429164,0.58429164,0.7872824,False
tree,1433,30014,4.77,0.49579385,0.6767912,0.8076919,True
tree,1434,31002,1.42,0.97180706,0.97180706,1.2236257,False
tree,1435,31002,2.63,1.1074202,1.1074202,1.5751368,True
tree,1436,31002,5.42,0.39329,0.39329,0.69072545,False
tree,1437,31002,2.5,0.87489206,0.87489206,0.91865176,True
tree,1438,31002,1.97,0.32496214,0.5412997,0.7194319,False
tree,1439,31002,3.38,0.76522857,0.8512984,1.1290882,True
tree,1440,31002,2.58,0.9042143,0.9042143,1.2073712,True
tree,1441,31002,3.3,0.64840955,0.64840955,0.9871562,False
tree,1442,31002,1.37,2.389743,3.939182,3.2403042,True
tree,1443,31002,4.47,0.83458376,0.83458376,1.1546413,False
tree,1444,31002,5.19,0.9987144,0.9987144,1.2573472,True
tree,1445,31002,2.02,1.1033379,1.1033379,1.4212824,True
tree,1446,31006,0.39,2.8402705,2.8402705,2.2450407,False
tree,1447,31006,0.61,2.7586644,2.9092805,3.4980495,False
tree,1448,31006,1.82,1.4457992,1.8511412,1.4717703,False
tree,1449,31006,1.31,1.7016133,1.7016133,1.3431097,False
tree,1450,31006,0.44,2.027314,2.027314,1.7719412,False
tree,1451,31006,0.86,3.57307,3.57307,2.8047047,True
tree,1452,31006,0.45,3.5389457,3.5389457,2.9573147,True
tree,1453,31006,0.94,1.578125,1.578125,1.4494328,False
tree,1454,31006,0.35,7.0940013,8.1163435,6.483109,True
tree,1455,31006,1.89,1.1848885,1.3155392,1.2578858,False
tree,1456,31006,2.64,0.904509,0.97324556,0.9493461,False
tree,1457,31006,0.56,3.440236,3.440236,2.2094343,True
tree,1458,31010,3.19,0.53687507,0.53687507,0.6730644,False
tree,1459,31010,7.53,0.42112795,0.42112795,0.70585084,False
tree,1460,31010,11.99,0.26661578,0.26661578,0.506694,False
tree,1461,31010,5.74,0.51705337,0.53255284,0.7871738,False
tree,1462,31010,3.6,0.46696246,0.46696246,0.7090968,False
tree,1463,31010,10.87,0.46041813,0.46041813,0.8076126,True
tree,1464,31010,5.55,0.49095848,0.5552692,0.7296505,True
tree,1465,31010,8.83,0.39108276,0.39108276,0.62900704,True
tree,1466,31010,4.23,0.66337675,0.66337675,0.82881725,True
tree,1467,31010,10.31,0.49019694,0.49019694,0.79215753,True
tree,1468,31010,13.69,0.38267753,0.38267753,0.6865409,False
tree,1469,31010,4.97,0.37753323,0.61728406,0.6901419,True
tree,1470,31021,4.69,0.49673393,0.49673393,0.6302407,False
tree,1471,31021,6.47,0.6668903,1.1634796,1.057505,True
tree,1472,31021,7.52,0.7709499,1.0097411,1.1089112,True
tree,1473,31021,7.66,0.76830745,0.76830745,0.84242105,True
tree,1474,31021,6.78,0.51129884,0.51129884,0.611661,True
tree,1475,31021,6.54,0.5229034,0.5229034,0.62225723,False
tree,1476,31021,6.4,0.77632093,0.77632093,0.8997161,True
tree,1477,31021,7.06,0.43227208,0.43227208,0.55543345,False
tree,1478,31021,6.22,0.63424265,0.63424265,0.72289693,False
tree,1479,31021,7.45,0.8005828,0.8005828,0.83247024,False
tree,1480,31021,7.62,0.6201065,0.7604777,0.85177666,False
tree,1481,31021,6.78,0.36983964,0.36983964,0.49535,False
tree,1482,31023,3.1,0.2812604,0.5052389,0.8376433,False
tree,1483,31023,14.72,0.6831568,0.6831568,1.2615798,True
tree,1484,31023,15.52,0.3401467,0.3401467,0.60464555,False
tree,1485,31023,5.13,0.5887032,0.8630928,0.93480635,False
tree,1486,31023,4.6,0.50492233,0.50492233,0.53620195,False
tree,1487,31023,11.91,0.782764,0.782764,1.2513533,True
tree,1488,31023,12.57,0.5190153,0.5190153,0.8580285,True
tree,1489,31023,7.22,0.7095611,0.8822299,1.0818411,True
tree,1490,31023,7.95,1.9268883,1.9268883,1.9161856,True
tree,1491,31023,8.46,0.59717554,0.59717554,1.0776535,True
tree,1492,32003,3.58,0.96807575,0.96807575,1.0832057,True
tree,1493,32003,11.28,0.5085158,0.5085158,0.92982334,True
tree,1494,32003,4.57,0.5444044,0.54495156,0.8520144,False
tree,1495,32003,23.67,0.3931436,0.3931436,0.7426067,True
tree,1496,32003,3.95,0.9494057,0.9494057,1.2256517,True
tree,1497,32003,9.6,0.56003124,0.64909667,0.89450324,True
tree,1498,32003,2.81,1.3824153,1.3824153,1.7549527,True
tree,1499,32003,12.75,0.46047172,0.46047172,0.8207616,True
tree,1500,32003,30.66,0.44876543,0.44876543,0.71645445,True
tree,1501,32003,5.3,0.5558254,0.73193115,0.95475584,False
tree,1502,32004,4.58,0.68776506,0.68776506,0.79845196,True
tree,1503,32004,7.33,0.5297585,0.656607,0.7516664,False
tree,1504,32004,8.18,1.0101662,1.0101662,0.79527444,True
tree,1505,32004,7.42,0.80397797,0.80397797,0.763909,True
tree,1506,32004,5.07,0.3735794,0.3735794,0.4963357,False
tree,1507,32004,7.42,0.9811149,0.9811149,1.0545995,True
tree,1508,32004,5.16,0.5555092,0.5555092,0.7066801,True
tree,1509,32004,7.02,0.7090616,0.7090616,0.677354,True
tree,1510,32004,3.76,0.6127328,0.6127328,0.6784656,False
tree,1511,32004,6.93,0.6042872,0.6400151,0.6018953,False
tree,1512,32004,12.22,0.8377016,0.8377016,0.7668293,True
tree,1513,32004,5.91,0.56531566,0.56531566,0.64540637,True
tree,1514,32006,2.99,0.95126164,0.9942907,1.1612297,True
tree,1515,32006,5.48,1.0732114,1.0732114,1.1414645,False
tree,1516,32006,5.83,0.8795632,1.2012026,1.0850291,False
tree,1517,32006,6.19,1.2172177,1.2172177,1.0671091,True
tree,1518,32006,2.99,0.82204336,0.82204336,0.9460562,True
tree,1519,32006,5.56,1.6155297,1.6155297,1.5894135,True
tree,1520,32006,2.2,0.96547145,0.96547145,1.1749727,False
tree,1521,32006,5.79,0.84139884,0.84139884,0.9806272,True
tree,1522,32006,1.93,1.0411675,1.0411675,1.1716969,False
tree,1523,32006,5.68,1.136583,1.136583,1.1453316,False
tree,1524,32006,6.07,1.4912537,1.4912537,1.4818505,True
tree,1525,32008,3.34,1.0015142,1.0015142,1.1395864,True
tree,1526,32008,6.85,0.92315656,0.92315656,1.1690675,True
tree,1527,32008,7.33,0.99439627,0.99439627,1.0453318,True
tree,1528,32008,7.09,0.9822073,0.9822073,0.9537768,True
tree,1529,32008,2.14,0.955669,1.0601814,0.9830031,True
tree,1530,32008,7.52,1.09521,1.09521,1.3486475,True
tree,1531,32008,6.46,0.7631599,0.7631599,0.9478799,False
tree,1532,32008,2.03,0.9014507,0.9014507,1.319169,False
tree,1533,32008,7.04,0.9669847,0.9669847,1.0962824,True
tree,1534,32008,7.49,1.0511388,1.0511388,1.0951631,True
tree,1535,32008,4.11,0.46779808,0.8293171,0.8195031,True
tree,1536,33006,2.24,0.7373201,0.9131349,0.8637655,False
tree,1537,33006,1.64,1.1367508,1.4089005,1.296539,True
tree,1538,33006,3.9,0.53639853,0.6488283,0.6485991,True
tree,1539,33006,2.22,0.67717206,1.0097367,0.8552949,True
tree,1540,33006,1.81,0.8538048,0.8538048,0.8240736,False
tree,1541,33006,4.43,0.50798327,0.66202366,0.5780331,True
tree,1542,33006,1.39,0.50556076,0.58868957,0.60319847,False
tree,1543,33006,3.12,0.6059814,0.914884,0.76767266,True
tree,1544,33006,1.05,1.2215153,1.2457544,1.2799578,True
tree,1545,33006,2.04,0.8411003,1.2617197,0.9998637,True
tree,1546,33006,4.31,0.8429354,1.4198629,1.3532382,True
tree,1547,33006,1.76,0.76724356,1.0165681,0.9543773,True
tree,1548,33007,1.69,0.880668,1.0063846,1.2365394,True
tree,1549,33007,1.04,0.9926556,1.301571,1.1040854,False
tree,1550,33007,2.3,0.6111872,0.8018442,0.7740342,True
tree,1551,33007,2.12,0.45858002,0.68547446,0.80279243,False
tree,1552,33007,1.25,0.78347194,1.239427,1.2104026,True
tree,1553,33007,2.16,0.6120883,0.7974261,0.92715555,True
tree,1554,33007,0.74,2.368352,2.368352,2.115581,True
tree,1555,33007,2.45,0.5226035,0.5890653,0.7370761,False
tree,1556,33007,0.73,1.0309259,1.3825554,1.5866561,False
tree,1557,33007,2.03,0.5756703,0.62173444,0.7453764,False
tree,1558,33007,2.99,0.4474844,0.81798816,0.95571953,True
tree,1559,33007,1.28,0.9421711,1.0561212,1.0742694,False
tree,1560,33012,3.22,0.81536764,0.84118104,0.9926723,True
tree,1561,33012,9.88,0.49643916,0.49643916,0.73121506,True
tree,1562,33012,12.19,0.6017384,0.6017384,0.73137164,True
tree,1563,33012,10.69,0.69214743,0.69214743,0.91764474,True
tree,1564,33012,7.63,0.26436064,0.26436064,0.44656718,False
tree,1565,33012,11.07,0.76694655,0.76694655,0.96194124,True
tree,1566,33012,4.12,0.45438126,0.45438126,0.6169984,False
tree,1567,33012,10.38,0.583943,0.583943,0.86862826,True
tree,1568,33012,1.8,1.3757389,1.3757389,1.7899518,True
tree,1569,33012,8.69,0.7982353,0.7982353,0.94928503,True
tree,1570,33012,11.06,0.6082547,0.6082547,0.8294911,False
tree,1571,33012,2.83,0.6860135,0.6860135,0.80521506,False
tree,1572,33013,1.95,0.5942997,1.537249,1.2264433,True
tree,1573,33013,2.09,0.45092615,1.5659552,1.0484893,True
tree,1574,33013,2.29,0.47206053,0.7609205,0.7516282,False
tree,1575,33013,2.74,0.5106461,1.387245,0.99898803,True
tree,1576,33013,2.34,0.60631037,0.8112101,0.7288452,True
tree,1577,33013,1.72,0.41456646,1.1152769,0.8179992,True
tree,1578,33013,0.66,0.7219599,1.2138135,1.0340468,False
tree,1579,33013,2.4,0.39128858,1.2488518,0.7916332,True
tree,1580,33013,0.21,2.6956134,5.4144816,3.1610801,True
tree,1581,33013,2.53,0.44229493,1.6143275,0.7722312,True
tree,1582,33013,2.95,0.67728335,2.115938,1.1855257,True
tree,1583,33013,1.25,0.70626754,1.8626888,1.1912034,False
tree,1584,33014,2.0,0.7905142,0.7905142,0.8661096,False
tree,1585,33014,2.27,0.59320784,0.6660294,0.85881287,True
tree,1586,33014,2.23,0.716783,0.716783,0.7768191,False
tree,1587,33014,2.61,0.52331305,0.7923194,0.8232373,True
tree,1588,33014,1.74,0.47495311,0.603732,0.5651054,False
tree,1589,33014,1.82,0.54672927,0.54672927,0.82303995,False
tree,1590,33014,0.94,0.49304378,0.596068,0.8067346,False
tree,1591,33014,2.11,0.590451,0.7587932,0.83063006,True
tree,1592,33014,0.42,1.6446782,1.6446782,1.4383298,False
tree,1593,33014,1.72,0.839035,0.8395227,0.9375402,False
tree,1594,33014,2.67,0.5245421,0.9568235,0.89650744,True
tree,1595,33018,2.62,1.203494,1.203494,1.3176231,True
tree,1596,33018,9.78,0.6169978,0.6178562,1.050015,True
tree,1597,33018,12.78,0.3857808,0.564621,0.7358586,False
tree,1598,33018,9.48,0.89506245,0.89506245,1.1327488,True
tree,1599,33018,5.28,0.7057527,0.7057527,0.89941865,True
tree,1600,33018,15.13,0.58782554,0.58782554,0.99881536,True
tree,1601,33018,3.65,0.68978465,0.68978465,0.9625336,False
tree,1602,33018,9.82,0.45379087,0.49431267,0.7649033,True
tree,1603,33018,4.41,0.68837404,0.68837404,1.096818,True
tree,1604,33018,13.09,0.49070573,0.49070573,0.7394281,True
tree,1605,33018,15.19,0.69839275,0.72789586,0.9367355,True
tree,1606,33018,5.44,0.57930255,0.62036836,0.86989355,True
tree,1607,33019,1.66,0.85295594,1.0288391,0.8547361,False
tree,1608,33019,1.35,0.8464887,1.7267892,1.2607087,True
tree,1609,33019,2.65,0.51682806,0.7334129,0.62689596,False
tree,1610,33019,2.17,0.7263963,0.9445266,0.8123604,True
tree,1611,33019,1.41,0.7844561,0.9845119,0.78424364,False
tree,1612,33019,1.88,0.60507995,0.93608505,0.70505744,False
tree,1613,33019,0.93,0.57761395,1.0552939,0.6723394,False
tree,1614,33019,2.51,0.56799704,0.8684342,0.638449,False
tree,1615,33019,0.71,1.3553097,1.3697501,1.3330016,False
tree,1616,33019,1.85,0.8538174,1.236185,0.9888242,False
tree,1617,33019,4.34,0.6932399,1.4250487,0.74672055,True
tree,1618,33019,1.4,1.0043099,1.2216634,0.94210863,True
tree,1619,33021,2.08,0.55585223,0.55585223,0.6570419,False
tree,1620,33021,2.27,0.80485153,1.4129559,1.0194567,True
tree,1621,33021,3.06,0.4807031,0.5246494,0.5066381,True
tree,1622,33021,3.28,0.5078797,0.6599399,0.69690764,True
tree,1623,33021,1.23,0.42437255,0.6798596,0.72023666,False
tree,1624,33021,2.07,0.42887875,0.47911,0.585719,False
tree,1625,33021,0.47,1.0380355,1.0965831,1.2389147,False
tree,1626,33021,2.31,0.5472134,0.5472134,0.57845396,True
tree,1627,33021,0.25,1.7151113,2.5077512,2.1974974,True
tree,1628,33021,2.13,0.5361469,0.5361469,0.6190757,False
tree,1629,33021,3.39,0.3520217,0.5770452,0.5841204,True
tree,1630,33021,1.43,0.5247784,0.67032325,0.7482684,False
tree,1631,33022,2.82,0.6675503,0.6675503,0.82572025,True
tree,1632,33022,4.02,0.68320996,0.68320996,0.8225231,True
tree,1633,33022,3.62,0.47110492,0.47110492,0.6809753,False
tree,1634,33022,4.6,0.5721994,0.74842244,0.77432454,True
tree,1635,33022,1.51,0.6349179,0.9518756,0.84993726,True
tree,1636,33022,2.5,0.73128855,0.73128855,0.9377211,True
tree,1637,33022,1.13,0.84212595,0.84212595,0.9423296,True
tree,1638,33022,2.91,0.60045195,0.60045195,0.74514383,True
tree,1639,33022,0.76,0.509344,0.509344,0.6639191,False
tree,1640,33022,2.44,0.73657644,0.8018356,0.987524,False
tree,1641,33022,4.01,0.5629901,0.7531026,0.7658326,True
tree,1642,33022,1.79,0.79402965,0.79402965,0.9669312,True
tree,1643,33023,1.33,0.768964,0.82603073,1.1393353,True
tree,1644,33023,1.43,0.8444285,0.8444285,1.6542188,False
tree,1645,33023,1.88,0.6020569,0.6020569,0.9190687,False
tree,1646,33023,2.0,0.84938407,0.84938407,1.1103308,True
tree,1647,33023,1.32,0.4006772,0.55513567,0.5624388,False
tree,1648,33023,1.23,0.6744939,0.6744939,1.1990583,False
tree,1649,33023,0.76,0.7789693,0.7789693,1.2929448,False
tree,1650,33023,1.58,0.9056921,0.9056921,1.06298,True
tree,1651,33023,0.03,2.5468197,3.8631957,3.6431384,False
tree,1652,33023,1.1,1.1585132,1.1585132,1.7632794,True
tree,1653,33023,1.83,0.66834,0.8002299,1.1349393,False
tree,1654,33023,1.03,1.0554659,1.0554659,1.1854249,True
tree,1655,33024,2.16,0.7903918,0.7903918,1.2869694,False
tree,1656,33024,3.1,1.0531825,1.0531825,1.2998676,True
tree,1657,33024,3.06,0.78680205,0.78680205,0.9502354,True
tree,1658,33024,4.37,0.580586,0.82139266,0.99726677,True
tree,1659,33024,2.89,0.4687224,0.4687224,0.8232733,False
tree,1660,33024,2.38,0.5599299,0.7911259,0.91638875,True
tree,1661,33024,0.48,1.2869139,1.4386642,1.9606721,False
tree,1662,33024,2.07,0.9137805,0.9137805,1.0739603,True
tree,1663,33024,0.24,2.3717766,2.4788766,2.3660812,False
tree,1664,33024,1.72,0.7755366,0.9352778,1.3792595,False
tree,1665,33024,3.38,0.51964074,0.6970431,0.946616,False
tree,1666,33024,1.86,0.90390617,0.90390617,1.2881929,True
tree,1667,33026,2.27,0.9236479,1.1210876,0.99642926,True
tree,1668,33026,5.01,0.7662366,0.7662366,0.7290177,False
tree,1669,33026,5.51,1.0181524,1.0181524,0.83767766,False
tree,1670,33026,4.73,1.4457628,1.4457628,1.1537702,True
tree,1671,33026,2.01,0.9882769,1.0272343,0.94920295,True
tree,1672,33026,2.95,0.40166777,1.4039868,0.69289964,True
tree,1673,33026,1.37,0.8303943,1.1243203,1.014535,False
tree,1674,33026,3.71,0.93563646,0.93563646,0.95367616,True
tree,1675,33026,0.98,1.523366,1.5439508,1.368026,True
tree,1676,33026,3.2,0.5621877,1.5814514,0.79529077,False
tree,1677,33026,6.77,0.3744411,0.98976195,0.8415576,True
tree,1678,33026,1.91,0.83392507,1.2161937,0.95285934,False
tree,1679,33028,3.05,1.0801084,1.0801084,1.0707424,True
tree,1680,33028,6.38,0.6699318,0.6699318,1.1316059,False
tree,1681,33028,4.67,0.49611026,0.49611026,0.77834266,False
tree,1682,33028,10.42,0.5987664,0.5987664,0.94365066,True
tree,1683,33028,2.18,0.4514839,0.60434633,0.63407683,False
tree,1684,33028,3.21,0.920706,0.920706,1.1082687,True
tree,1685,33028,1.87,0.83094954,0.83094954,0.9481069,False
tree,1686,33028,3.48,0.898062,0.898062,1.092445,True
tree,1687,33028,1.72,0.5877328,0.5877328,0.64936906,False
tree,1688,33028,3.72,1.241393,1.241393,1.3778685,True
tree,1689,33028,9.48,0.57021487,0.57021487,0.82545024,True
tree,1690,33028,2.2,0.77474606,0.77474606,0.8478169,False
tree,1691,33029,1.91,0.89080566,0.89080566,1.1101111,True
tree,1692,33029,1.27,0.72869676,0.72869676,0.8064696,False
tree,1693,33029,3.29,0.5774062,0.5774062,0.62638265,True
tree,1694,33029,2.14,0.6990542,0.6990542,0.74404925,False
tree,1695,33029,1.48,0.8520244,0.8520244,0.9891757,True
tree,1696,33029,4.16,0.19514014,0.19514014,0.29040456,False
tree,1697,33029,1.38,0.39090917,0.39090917,0.5570029,False
tree,1698,33029,4.26,0.3944421,0.44673094,0.36233598,True
tree,1699,33029,1.04,0.8694816,0.99701715,1.1087954,False
tree,1700,33029,2.65,0.67029864,0.67029864,0.7254344,True
tree,1701,33029,3.62,0.6445431,0.6445431,0.7073047,True
tree,1702,33029,1.85,0.6872413,0.6872413,0.7751046,False
tree,1703,33031,5.72,0.5718766,0.5718766,0.81172633,True
tree,1704,33031,13.93,0.35084143,0.35084143,0.59450144,False
tree,1705,33031,12.7,0.38510057,0.46130872,0.5443995,True
tree,1706,33031,13.32,0.51660454,0.51660454,0.5884494,True
tree,1707,33031,2.55,0.7166665,0.7451014,0.977395,True
tree,1708,33031,7.02,0.47257507,0.47257507,0.71971667,False
tree,1709,33031,5.29,0.48582482,0.6521534,0.80093175,True
tree,1710,33031,11.23,0.3033891,0.3033891,0.5239491,True
tree,1711,33031,1.73,0.19007717,0.19007717,0.28670898,False
tree,1712,33031,10.08,0.43514973,0.43514973,0.62203103,False
tree,1713,33031,17.42,0.3017897,0.3119093,0.31304395,True
tree,1714,33031,4.99,0.113805614,0.17680094,0.3227849,False
tree,1715,33032,0.44,1.1444284,1.2814722,1.116333,False
tree,1716,33032,0.38,1.5163164,2.3680823,1.8259873,False
tree,1717,33032,0.92,0.9673347,1.1083754,1.0026827,False
tree,1718,33032,0.55,1.0185817,1.0185817,0.935181,False
tree,1719,33032,0.42,1.2632731,1.7822262,1.414102,False
tree,1720,33032,0.49,1.7106411,1.7106411,1.262647,False
tree,1721,33032,0.46,2.9575841,2.9575841,2.8895419,True
tree,1722,33032,0.6,1.0761464,1.483441,1.2505345,False
tree,1723,33032,0.37,2.0805886,5.529586,3.3394184,True
tree,1724,33032,0.72,1.0025212,1.1306955,0.9836539,False
tree,1725,33032,1.22,0.8610501,1.2570195,0.99109656,False
tree,1726,33032,0.44,1.4511527,2.0536585,1.423358,False
tree,1727,33033,1.9,0.62406224,0.7658383,0.9518548,False
tree,1728,33033,2.27,0.9758103,0.99337304,1.2808255,True
tree,1729,33033,2.63,0.55308306,0.55308306,0.78585213,False
tree,1730,33033,5.78,0.5084692,0.5084692,0.67380655,True
tree,1731,33033,1.47,0.44638428,0.44638428,0.6093797,False
tree,1732,33033,2.51,0.59240323,0.59240323,0.9034353,True
tree,1733,33033,1.25,0.6185242,0.6596134,0.9753577,False
tree,1734,33033,2.56,0.5357431,0.5357431,0.92021596,True
tree,1735,33033,1.49,0.42671248,0.5053082,0.68735856,False
tree,1736,33033,3.13,0.3532697,0.4366379,0.5971489,False
tree,1737,33033,4.92,0.43311292,0.43311292,0.6216505,False
tree,1738,33033,2.29,0.6122031,0.68398577,0.75960785,True
tree,1739,33034,1.51,0.73576087,1.3292862,1.066929,True
tree,1740,33034,1.08,0.7966946,1.1890253,0.9743313,False
tree,1741,33034,2.19,0.68288183,0.7000289,0.72027105,False
tree,1742,33034,2.06,0.7235157,1.1027968,0.8795463,True
tree,1743,33034,1.4,0.77716964,1.0615214,0.890786,True
tree,1744,33034,1.65,0.62708694,0.9322972,0.7787689,False
tree,1745,33034,0.71,0.83058983,1.3852769,0.93802994,True
tree,1746,33034,2.15,0.5781172,0.9832652,0.70634663,False
tree,1747,33034,0.51,1.7096266,1.7426084,1.7340751,False
tree,1748,33034,1.62,0.87340295,1.1424825,1.0292743,False
tree,1749,33034,4.04,0.6889251,1.4267212,0.89085144,True
tree,1750,33034,1.25,1.1239836,1.3060604,1.0139579,True
tree,1751,33035,1.62,1.0226107,1.0226107,1.1538023,True
tree,1752,33035,1.36,1.0250705,1.305665,1.328717,False
tree,1753,33035,2.41,0.64599544,0.7866222,0.83491915,True
tree,1754,33035,2.51,0.7860787,0.7860787,0.8356504,False
tree,1755,33035,1.46,0.9596455,0.9596455,0.89021164,True
tree,1756,33035,1.54,0.7115683,0.79119307,0.79746634,False
tree,1757,33035,0.72,0.72165006,0.82060015,0.91102713,False
tree,1758,33035,1.85,0.82612085,0.9528639,0.87443465,True
tree,1759,33035,1.62,0.8838537,0.9606119,1.0770335,False
tree,1760,33035,2.99,0.6466972,0.9552502,0.9000982,True
tree,1761,33039,2.51,0.57123125,1.0773743,0.9145523,True
tree,1762,33039,5.08,0.73180187,0.73180187,0.6640469,False
tree,1763,33039,5.61,0.37960437,1.2034701,0.5450053,True
tree,1764,33039,5.2,0.41254056,1.4215863,0.65763235,True
tree,1765,33039,2.21,0.6341644,1.2074293,0.8143541,True
tree,1766,33039,3.74,0.36752132,1.3730472,0.6885583,True
tree,1767,33039,1.8,0.9943768,1.1625586,1.0916858,False
tree,1768,33039,3.65,0.96597534,0.96597534,0.914531,False
tree,1769,33039,1.26,1.395991,1.395991,1.1777791,True
tree,1770,33039,4.11,0.5225969,1.2749635,0.71167344,False
tree,1771,33039,9.11,0.328871,0.820913,0.7572053,True
tree,1772,33039,2.18,0.85198474,1.2152308,0.9307116,True
tree,1773,33053,1.88,0.68676347,0.68676347,0.97350466,True
tree,1774,33053,2.46,0.9230673,0.9284385,1.2525704,False
tree,1775,33053,2.3,0.6352149,0.6742914,0.7510815,True
tree,1776,33053,2.33,0.7212898,0.904933,1.149873,True
tree,1777,33053,2.04,0.35215095,0.4563388,0.5793948,False
tree,1778,33053,2.08,0.58608943,0.58608943,0.77834994,False
tree,1779,33053,0.5,0.81060296,0.81732064,1.2179412,False
tree,1780,33053,1.72,0.64238995,0.64238995,1.0333873,False
tree,1781,33053,0.19,2.4453135,3.117167,3.977648,True
tree,1782,33053,1.44,0.9978683,0.9978683,1.3749895,True
tree,1783,33053,2.59,0.7043966,0.7043966,0.9294687,True
tree,1784,33053,1.53,0.6996851,0.6996851,0.90916765,False
tree,1785,34002,3.16,1.2698052,1.2698052,1.3022386,True
tree,1786,34002,2.3,1.2161738,1.2161738,1.0302587,False
tree,1787,34002,5.37,0.5824919,0.5824919,0.7206017,False
tree,1788,34002,3.77,1.1912602,1.1912602,1.1963952,True
tree,1789,34002,4.09,0.7513584,0.7513584,0.8624279,True
tree,1790,34002,3.31,0.8754196,0.8878382,0.9596003,False
tree,1791,34002,1.35,1.1329222,1.4090062,1.216356,False
tree,1792,34002,4.8,1.1795431,1.1795431,1.1559395,True
tree,1793,34002,1.39,1.6488912,1.947847,1.8439956,True
tree,1794,34002,4.31,0.8786925,1.2332311,1.1296264,True
tree,1795,34002,11.17,0.8415155,0.8415155,0.85730344,True
tree,1796,34002,2.57,0.9523891,0.9767243,1.0772779,True
tree,1797,34003,1.99,1.3259026,1.3259026,1.3812613,True
tree,1798,34003,1.89,1.4218011,1.6024321,1.5184897,True
tree,1799,34003,3.21,0.8779611,1.4491589,1.2956829,True
tree,1800,34003,2.17,1.2718288,1.2718288,1.372026,True
tree,1801,34003,2.22,1.2435907,1.2435907,1.1708729,True
tree,1802,34003,2.54,1.1610832,1.1610832,1.2652612,False
tree,1803,34003,1.39,0.85543054,1.0791138,0.97616637,True
tree,1804,34003,2.72,0.92999804,1.4700569,1.5527381,True
tree,1805,34003,1.45,0.70162815,1.0735906,0.9207551,False
tree,1806,34003,2.26,1.4983103,1.4983103,1.3942218,False
tree,1807,34003,3.19,1.919511,1.919511,1.6174825,True
tree,1808,34003,2.36,0.4262253,0.8985648,0.7930807,False
tree,1809,34004,1.98,0.7144237,1.7928184,1.0252545,True
tree,1810,34004,1.74,1.1966285,1.9049565,1.694333,False
tree,1811,34004,2.24,0.9068853,1.6154871,1.2253426,False
tree,1812,34004,2.1,0.6702732,1.5715398,1.0454866,True
tree,1813,34004,1.61,0.786156,1.7357455,1.1650146,True
tree,1814,34004,2.32,0.68897915,1.6180677,0.8814574,True
tree,1815,34004,1.34,0.60029876,1.1035534,0.81470615,False
tree,1816,34004,2.39,0.8398283,1.7143269,1.080975,False
tree,1817,34004,1.12,1.2739804,1.9279217,1.4405862,True
tree,1818,34004,1.84,0.75845563,2.0187807,0.8502628,True
tree,1819,34004,2.61,1.229023,3.0116632,1.8629415,True
tree,1820,34004,1.57,0.75348735,1.3522315,0.7898071,False
tree,1821,34005,3.46,1.1845263,1.3740867,1.4417306,True
tree,1822,34005,2.34,1.4206669,2.1071796,1.921573,True
tree,1823,34005,4.29,0.8617579,1.4632243,1.3033446,True
tree,1824,34005,3.0,1.6379466,1.6379466,1.4203472,True
tree,1825,34005,2.9,0.8232984,0.8232984,0.94145846,False
tree,1826,34005,3.47,1.17352,1.3366317,1.4355061,True
tree,1827,34005,2.36,0.6414351,0.6414351,0.6155352,False
tree,1828,34005,5.6,0.65630335,1.0241057,1.4701906,True
tree,1829,34005,1.87,1.5781438,1.9315374,1.8395883,True
tree,1830,34005,3.09,1.1537639,1.5059861,1.4177191,False
tree,1831,34005,8.23,1.1930094,1.1930094,1.2325507,True
tree,1832,34005,2.01,1.2658688,1.2658688,1.5437729,True
tree,1833,34006,4.0,0.6589943,1.09968,0.94129056,True
tree,1834,34006,3.08,0.44598657,1.2235391,0.9749901,False
tree,1835,34006,6.87,0.7677987,0.9145891,0.8873696,True
tree,1836,34006,5.38,0.54896444,1.0532976,0.95923364,True
tree,1837,34006,3.45,0.80385596,0.80385596,0.82506907,True
tree,1838,34006,4.02,0.2599086,0.56969243,0.3990538,False
tree,1839,34006,1.77,0.6410327,1.3816764,1.0636802,True
tree,1840,34006,5.86,0.42633742,0.8919666,0.7935441,True
tree,1841,34006,0.85,1.2411065,1.2411065,1.2593133,False
tree,1842,34006,5.9,0.6413873,0.9432646,0.85497123,True
tree,1843,34006,17.78,0.6299932,0.6299932,0.7711789,True
tree,1844,34006,2.37,0.7758916,1.5050766,1.183341,True
tree,1845,34007,6.05,0.646649,0.70696145,0.8570882,True
tree,1846,34007,8.25,0.56495225,0.56495225,0.7438715,True
tree,1847,34007,12.65,0.38898322,0.44473514,0.56164145,True
tree,1848,34007,12.46,0.49030444,0.49030444,0.62933207,True
tree,1849,34007,5.23,0.6185514,0.6185514,0.8273129,True
tree,1850,34007,11.28,0.1558116,0.1558116,0.22035465,False
tree,1851,34007,2.06,1.2647382,1.2647382,1.3129691,True
tree,1852,34007,10.66,0.49972138,0.49972138,0.59498763,True
tree,1853,34007,0.68,1.2124082,1.2124082,1.1874446,False
tree,1854,34007,5.98,0.6517404,1.0242872,0.94381803,True
tree,1855,34007,16.74,0.64160144,0.64160144,0.62794983,True
tree,1856,34007,2.09,1.4311635,1.4311635,1.5575826,False
tree,1857,34008,1.37,1.8877184,1.8877184,1.7622656,True
tree,1858,34008,1.34,2.2652957,2.2652957,1.9618661,True
tree,1859,34008,2.1,1.4259413,2.0536726,1.6338769,True
tree,1860,34008,1.5,1.8105096,1.8105096,1.82926,True
tree,1861,34008,1.47,1.6333078,1.6333078,1.5188878,True
tree,1862,34008,1.46,2.2931752,2.2931752,2.188312,False
tree,1863,34008,1.11,1.1029254,1.3347099,1.0697719,False
tree,1864,34008,1.47,2.1307008,2.1307008,1.8248403,False
tree,1865,34008,1.12,0.5853671,0.5853671,0.53239584,False
tree,1866,34008,1.41,1.6461158,2.228232,1.8214055,False
tree,1867,34008,1.6,2.9887319,2.9887319,2.178055,True
tree,1868,34008,1.29,0.49441245,0.5731537,0.6732448,False
tree,1869,34010,4.63,0.98960567,0.98960567,0.9455179,True
tree,1870,34010,3.61,1.0412471,1.0412471,1.1002005,False
tree,1871,34010,8.12,0.63914424,0.7973659,0.9212784,True
tree,1872,34010,5.5,0.44028273,0.94211215,0.8598764,True
tree,1873,34010,4.95,0.5911951,0.6003895,0.7470306,True
tree,1874,34010,2.07,0.96964043,1.1161232,0.7926486,False
tree,1875,34010,0.96,0.53011066,1.0931782,0.76812196,False
tree,1876,34010,0.96,1.9014355,1.9014355,1.4026693,False
tree,1877,34010,1.43,0.80262315,0.8988413,0.9565184,False
tree,1878,34010,1.16,2.4669538,2.4669538,2.5306754,False
tree,1879,34010,18.24,0.69881684,0.69881684,0.7955863,True
tree,1880,34010,3.49,0.16306359,0.4589673,0.3386789,False
tree,1881,34011,1.56,1.180454,1.9387336,1.6068954,True
tree,1882,34011,1.32,1.9716318,2.475327,2.4149866,True
tree,1883,34011,2.08,1.176403,1.5130682,1.2076579,False
tree,1884,34011,1.57,0.76264566,1.7809017,1.3109858,True
tree,1885,34011,1.05,1.3394195,1.7268201,1.7495954,False
tree,1886,34011,2.27,1.4086949,1.6857134,1.7405267,True
tree,1887,34011,1.45,0.45218027,1.1685823,0.854213,True
tree,1888,34011,2.5,0.79964846,1.3876127,1.442825,False
tree,1889,34011,2.58,1.0958866,2.152836,2.2890449,True
tree,1890,34012,0.48,2.1093934,2.1093934,1.5287752,False
tree,1891,34012,0.28,3.7880702,4.687792,3.059494,False
tree,1892,34012,0.88,1.6770078,1.6770078,1.2040509,False
tree,1893,34012,0.53,1.5649657,1.5649657,1.1946588,False
tree,1894,34012,0.37,1.2585998,1.9176447,1.3594928,False
tree,1895,34012,0.56,1.3391923,1.3391923,1.1467803,False
tree,1896,34012,0.35,1.4401393,1.6331228,1.4246598,False
tree,1897,34012,0.64,3.2274783,3.2274783,2.6323404,False
tree,1898,34012,0.35,10.381732,10.381732,7.720544,True
tree,1899,34012,0.63,1.9838594,2.4230957,1.9658327,False
tree,1900,34012,1.55,0.90913665,1.1996924,0.8859738,False
tree,1901,34012,0.5,1.2117206,2.377285,1.3542819,False
tree,1902,35003,8.97,0.4436872,0.47308412,0.6581214,True
tree,1903,35003,19.68,0.2533282,0.26581168,0.52487284,False
tree,1904,35003,24.5,0.10396255,0.10396255,0.24085836,False
tree,1905,35003,19.68,0.34930992,0.34930992,0.559079,True
tree,1906,35003,21.2,0.18497916,0.18497916,0.38651574,False
tree,1907,35003,12.91,0.24989071,0.30460554,0.48947242,True
tree,1908,35003,4.47,0.76498705,0.76498705,0.9163772,False
tree,1909,35003,15.69,0.31965816,0.33777982,0.46196827,True
tree,1910,35003,0.97,1.1425911,1.2845364,1.4651382,False
tree,1911,35003,18.58,0.11188081,0.18684472,0.2941059,False
tree,1912,35003,32.34,0.29739538,0.29739538,0.44208992,True
tree,1913,35003,2.82,1.0816104,1.0816104,1.276183,True
tree,1914,35008,5.7,0.7246473,0.7246473,0.83565956,True
tree,1915,35008,13.32,0.44241852,0.44241852,0.68678427,True
tree,1916,35008,7.21,0.29732457,0.29732457,0.47083652,False
tree,1917,35008,9.75,0.68448937,0.68448937,0.87144035,True
tree,1918,35008,7.41,0.36833602,0.4021031,0.574563,False
tree,1919,35008,6.87,0.42480993,0.42480993,0.55184084,False
tree,1920,35008,7.96,0.5592648,0.5592648,0.7395068,True
tree,1921,35008,0.87,0.9369675,1.1771497,1.1247541,False
tree,1922,35008,10.43,0.73318666,0.73318666,0.929039,True
tree,1923,35008,11.6,0.77413255,0.77413255,0.9086172,True
tree,1924,35008,3.7,0.907,0.907,1.1923766,True
tree,1925,36003,3.44,1.0793425,1.0793425,1.3391589,False
tree,1926,36003,6.43,0.89375305,0.89375305,1.3334467,True
tree,1927,36003,4.57,0.4149536,0.4149536,0.65595907,False
tree,1928,36003,6.49,0.9230967,0.9230967,1.1560949,True
tree,1929,36003,4.49,0.6300913,0.6355322,0.8975432,True
tree,1930,36003,3.79,0.6412746,0.6412746,0.70087945,True
tree,1931,36003,1.44,1.0538982,1.0538982,1.3964158,False
tree,1932,36003,4.33,0.7077557,0.7077557,0.9961116,True
tree,1933,36003,0.44,1.7318486,2.4209635,2.0565388,False
tree,1934,36003,6.08,1.0111382,1.0111382,1.3246733,True
tree,1935,36003,6.21,0.7754752,0.7754752,0.95397764,False
tree,1936,36003,4.16,0.6433843,0.6433843,1.0753168,True
tree,1937,36006,3.39,0.6936326,1.3906596,1.1370788,True
tree,1938,36006,4.26,0.35562617,1.182826,0.7815638,True
tree,1939,36006,4.34,0.9856618,1.1915195,0.95911837,True
tree,1940,36006,4.14,0.48644814,1.6022168,1.1178983,True
tree,1941,36006,3.75,0.5641616,0.7671296,0.8890859,False
tree,1942,36006,2.5,0.52039796,1.222201,0.94207656,True
tree,1943,36006,1.74,0.57055086,0.86469424,1.0685825,False
tree,1944,36006,2.92,0.3834423,1.096726,0.7922075,True
tree,1945,36006,0.58,1.2762336,1.9320825,1.651473,False
tree,1946,36006,3.6,0.79935646,1.598399,1.2265964,True
tree,1947,36006,3.98,0.40154207,1.4012593,0.9098903,True
tree,1948,36006,2.48,0.583208,1.4055017,1.0189661,True
tree,1949,36009,7.61,0.44175145,0.44175145,0.59174937,False
tree,1950,36009,11.09,0.47744262,0.47744262,0.6775554,False
tree,1951,36009,9.09,0.24597855,0.24597855,0.3768961,False
tree,1952,36009,11.16,0.7634049,0.7634049,1.0241187,False
tree,1953,36009,13.25,0.36752963,0.36752963,0.6499983,True
tree,1954,36009,8.62,0.15828568,0.36685658,0.41745907,False
tree,1955,36009,3.12,0.5728088,0.5728088,0.8573209,False
tree,1956,36009,9.13,0.4776518,0.4776518,0.7884546,False
tree,1957,36009,0.45,1.3340312,1.7259438,1.5321709,False
tree,1958,36009,9.53,0.7982372,0.7982372,1.0838122,True
tree,1959,36009,20.76,0.30820248,0.30820248,0.4793581,False
tree,1960,36009,7.47,0.58984214,0.58984214,0.91907835,True
tree,1961,36010,9.25,0.6039011,0.6039011,0.8787551,False
tree,1962,36010,10.35,0.5277758,0.8058527,0.84357053,True
tree,1963,36010,13.46,0.42670107,0.56267405,0.7900464,True
tree,1964,36010,12.8,0.8141187,0.8141187,0.9118057,True
tree,1965,36010,15.24,0.42135602,0.42135602,0.76754683,True
tree,1966,36010,9.94,0.5309429,0.661053,0.97793394,True
tree,1967,36010,4.58,0.35945433,0.35945433,0.65497595,False
tree,1968,36010,6.34,0.55569464,0.55569464,0.7533163,False
tree,1969,36010,1.15,0.7509174,0.77543765,0.9781398,False
tree,1970,36010,19.51,0.31377676,0.31533667,0.65935093,True
tree,1971,36010,13.2,0.52256656,0.52256656,0.6283931,True
tree,1972,36010,6.9,0.614148,0.614148,0.79297817,True
tree,1973,36011,8.45,0.6384486,0.6384486,0.8204641,False
tree,1974,36011,10.67,0.6742072,1.0256909,0.9574776,True
tree,1975,36011,11.81,0.45175362,0.6098534,0.79962164,True
tree,1976,36011,14.64,0.62494653,0.62494653,0.8521083,True
tree,1977,36011,14.99,0.4014391,0.4014391,0.72096044,True
tree,1978,36011,9.61,0.5438585,0.62107235,0.8746418,True
tree,1979,36011,3.89,1.4461516,1.4461516,1.584348,True
tree,1980,36011,5.17,0.73280257,0.86483234,1.0075762,True
tree,1981,36011,1.26,0.73568875,0.73568875,0.9504927,False
tree,1982,36011,12.14,0.60979235,0.60979235,0.89332694,True
tree,1983,36011,13.63,0.6021438,0.6021438,0.6928215,False
tree,1984,36011,6.08,0.6484365,0.6484365,0.79152936,False
tree,1985,36012,6.61,0.86997885,0.86997885,0.90848726,False
tree,1986,36012,11.95,0.59740484,0.780447,1.0297052,True
tree,1987,36012,10.54,0.4689907,0.64716387,0.75826806,True
tree,1988,36012,12.06,0.7022551,0.7022551,1.0107069,True
tree,1989,36012,11.13,0.4410498,0.4410498,0.8029147,True
tree,1990,36012,12.4,0.11569483,0.17441124,0.30683184,False
tree,1991,36012,3.42,0.45255476,0.45255476,0.8260837,False
tree,1992,36012,8.33,0.5331183,0.5331183,0.88416225,False
tree,1993,36012,2.63,0.59757155,0.59757155,0.5764531,False
tree,1994,36012,9.06,0.73792845,0.73792845,1.1260245,True
tree,1995,36012,11.5,0.6138197,0.6138197,0.7181665,False
tree,1996,36012,6.77,0.5725804,0.57597536,0.911266,False
tree,1997,37001,5.83,0.58052754,1.1834725,0.9700054,True
tree,1998,37001,6.2,0.7622893,0.8135072,0.89278483,False
tree,1999,37001,6.43,0.7827554,0.8619263,0.98733646,True
tree,2000,37001,8.24,0.7731069,0.9083145,0.84584683,False
tree,2001,37001,4.76,0.5765343,0.67467153,0.6789337,True
tree,2002,37001,4.91,0.64996785,1.0560999,0.7306727,True
tree,2003,37001,3.21,0.47027785,0.7403096,0.7006064,True
tree,2004,37001,3.76,0.49856997,0.8997016,0.6537665,False
tree,2005,37001,1.34,0.9736817,1.1631365,0.9398101,True
tree,2006,37001,10.62,0.61311597,0.866793,0.91112477,True
tree,2007,37001,8.03,0.5207736,0.7919285,0.86279625,False
tree,2008,37001,3.81,0.60291505,0.97857285,0.8047749,True
tree,2009,37003,9.21,0.68271637,0.68271637,0.7335301,True
tree,2010,37003,10.75,0.6015519,0.77971864,0.661037,True
tree,2011,37003,8.52,0.64280444,0.64280444,0.53321016,True
tree,2012,37003,8.31,0.6221197,0.6221197,0.5489216,False
tree,2013,37003,8.46,0.35872155,0.36589304,0.38445333,True
tree,2014,37003,9.47,0.15023333,0.15023333,0.21308082,False
tree,2015,37003,4.07,0.5932274,0.5932274,0.7285662,True
tree,2016,37003,5.36,0.4475769,0.4475769,0.40713188,True
tree,2017,37003,0.64,1.0039191,1.2604764,1.5029328,False
tree,2018,37003,8.34,0.4853352,0.67749625,0.5320849,True
tree,2019,37003,5.89,0.62381715,0.7739632,0.73611593,False
tree,2020,37003,2.03,0.62780035,0.62780035,0.7277826,False
tree,2021,37005,4.33,1.0861961,1.0861961,1.009885,True
tree,2022,37005,5.22,0.53739846,1.1167773,0.9168219,True
tree,2023,37005,5.35,0.76723725,0.903378,0.89573854,True
tree,2024,37005,5.2,0.6917605,1.1035439,0.94060326,True
tree,2025,37005,4.08,0.57129294,0.57129294,0.6320828,False
tree,2026,37005,2.75,0.65753645,0.7126289,0.8168765,False
tree,2027,37005,1.72,0.65425885,1.000592,1.0609866,False
tree,2028,37005,2.85,0.5177194,0.9863377,0.82390326,True
tree,2029,37005,0.51,1.2861294,1.9356511,1.5483488,True
tree,2030,37005,3.29,1.0094938,1.5541891,1.1789658,True
tree,2031,37005,3.42,1.1129184,1.215181,1.1638782,False
tree,2032,37005,2.1,1.0049429,1.024504,0.963408,False
tree,2033,37008,5.65,1.0025868,1.0025868,1.0043898,True
tree,2034,37008,7.2,0.42643267,1.0198421,0.9175994,True
tree,2035,37008,7.52,0.6874765,0.7682585,0.9509139,True
tree,2036,37008,7.93,1.0064491,1.0064491,1.0190601,True
tree,2037,37008,6.7,0.501657,0.50448465,0.7186629,True
tree,2038,37008,4.0,0.3833754,0.86708313,0.87414384,True
tree,2039,37008,2.27,0.513966,0.82468605,0.80345345,False
tree,2040,37008,3.37,0.44337884,0.9473634,0.821837,True
tree,2041,37008,0.62,1.1967938,1.602811,1.4557276,False
tree,2042,37008,6.52,0.70640624,1.1193755,1.2181606,True
tree,2043,37008,7.56,0.5547563,0.8598368,0.9204387,False
tree,2044,37008,3.03,0.8579937,0.8579937,0.9387236,False
tree,2045,37009,6.72,0.7861675,0.808722,1.023919,True
tree,2046,37009,12.24,0.535708,0.732312,0.8468973,True
tree,2047,37009,7.13,0.7292968,0.7292968,0.8684408,True
tree,2048,37009,7.87,0.6655663,0.6655663,0.82607967,True
tree,2049,37009,5.55,0.46981034,0.46981034,0.57356995,True
tree,2050,37009,3.81,0.41664258,0.41664258,0.66390854,False
tree,2051,37009,2.26,0.8472922,0.8472922,0.9448563,False
tree,2052,37009,3.28,0.8572855,0.8572855,0.85354584,True
tree,2053,37009,1.16,0.59429234,0.7459062,0.7657888,False
tree,2054,37009,5.03,1.0325173,1.0325173,0.9821918,True
tree,2055,37009,8.76,0.5462403,0.5462403,0.68397605,False
tree,2056,37009,2.55,0.9191154,0.97063327,1.0687871,True
tree,2057,37010,7.56,0.74243003,0.74243003,0.8145565,True
tree,2058,37010,4.86,1.4895338,1.4895338,1.0909444,True
tree,2059,37010,4.58,1.1581059,1.1581059,1.0916808,True
tree,2060,37010,4.92,0.84255654,1.3243362,1.1616313,True
tree,2061,37010,3.44,0.8393723,0.8393723,0.79736817,True
tree,2062,37010,4.23,0.5244945,0.5244945,0.49018997,False
tree,2063,37010,2.12,0.9131902,0.9131902,0.85932744,False
tree,2064,37010,3.17,0.91854304,0.91854304,0.7967235,True
tree,2065,37010,1.43,0.3916207,0.3916207,0.37552252,False
tree,2066,37010,6.1,0.43931624,0.90448344,0.6754469,True
tree,2067,37010,3.75,0.87948424,1.2492474,1.1403775,False
tree,2068,37010,1.99,1.1110679,1.1110679,1.0597749,True
tree,2069,37011,7.08,0.74477404,0.74477404,0.9580771,True
tree,2070,37011,11.74,0.59882003,0.67130584,0.90987456,True
tree,2071,37011,9.73,0.61478186,0.6454665,0.8723501,True
tree,2072,37011,14.13,0.716127,0.716127,1.0937612,True
tree,2073,37011,8.48,0.4360017,0.4360017,0.6497763,True
tree,2074,37011,7.8,0.5840051,0.5840051,0.8584862,True
tree,2075,37011,2.68,0.63633746,0.63633746,0.8311236,False
tree,2076,37011,5.4,0.6337816,0.6337816,0.81752026,True
tree,2077,37011,0.89,1.1243722,1.1412921,1.272062,False
tree,2078,37011,10.4,0.75905067,0.75905067,1.0339211,True
tree,2079,37011,11.53,0.5717687,0.5717687,0.86076075,False
tree,2080,37011,3.91,0.87844974,0.87844974,1.0138364,True
tree,2081,37018,8.71,1.0447422,1.0447422,1.1226176,True
tree,2082,37018,20.28,0.3479949,0.3479949,0.6413221,True
tree,2083,37018,12.75,0.50792956,0.50792956,1.015687,True
tree,2084,37018,8.28,0.84609985,0.84609985,0.9375473,False
tree,2085,37018,10.62,0.38432634,0.38432634,0.6029477,False
tree,2086,37018,28.97,0.252076,0.252076,0.3435625,True
tree,2087,37018,4.21,0.76221824,0.8044047,1.224646,False
tree,2088,37018,5.52,0.3835655,0.5818799,0.5687735,False
tree,2089,37018,2.71,0.6203055,0.6203055,0.73742324,False
tree,2090,37018,9.29,0.38198188,0.38198188,0.715679,False
tree,2091,37018,23.79,0.3383486,0.3383486,0.5797665,False
tree,2092,37018,6.07,1.0198582,1.0198582,1.1429485,True
tree,2093,37019,9.44,0.8268641,0.8268641,1.1611865,True
tree,2094,37019,12.51,0.8741742,0.8741742,1.2024702,True
tree,2095,37019,9.37,0.7100896,0.7100896,1.3942869,True
tree,2096,37019,7.31,0.8819039,0.94568247,1.1515442,False
tree,2097,37019,8.68,0.54226583,0.54226583,0.8425159,False
tree,2098,37019,22.97,0.24923801,0.24923801,0.37524715,True
tree,2099,37019,5.01,0.9083008,0.9083008,1.4127408,True
tree,2100,37019,4.68,0.56696594,0.6537342,0.71535635,False
tree,2101,37019,3.88,0.78751945,0.78751945,0.8533273,True
tree,2102,37019,10.21,0.86947185,0.86947185,1.1282512,True
tree,2103,37019,10.59,0.70766306,0.70766306,0.93751657,False
tree,2104,37019,7.85,0.95088917,0.95088917,1.0829984,True
tree,2105,37020,8.81,0.6229527,0.6229527,0.7457167,True
tree,2106,37020,13.79,0.48676628,0.5448427,0.6835832,True
tree,2107,37020,10.16,0.5731266,0.586626,0.74150926,True
tree,2108,37020,14.31,0.6559536,0.6559536,0.8567059,True
tree,2109,37020,7.96,0.42837232,0.42837232,0.5177914,True
tree,2110,37020,6.31,0.6108941,0.6108941,0.7223274,True
tree,2111,37020,3.69,0.51193815,0.51193815,0.71663547,True
tree,2112,37020,5.22,0.6382191,0.6382191,0.6680115,True
tree,2113,37020,0.85,0.5025849,0.5025849,0.7082383,False
tree,2114,37020,10.04,0.7544782,0.7544782,0.78037554,True
tree,2115,37020,12.04,0.5757921,0.5757921,0.70667726,False
tree,2116,37020,6.27,0.44059274,0.44059274,0.49954674,False
tree,2117,38001,3.27,1.4087056,1.4087056,1.6403278,True
tree,2118,38001,3.51,1.2821213,1.2821213,1.458645,True
tree,2119,38001,3.55,1.1427066,1.1427066,1.3121389,True
tree,2120,38001,7.08,0.99437755,0.99437755,1.124461,True
tree,2121,38001,2.65,0.535867,0.6172464,0.711575,False
tree,2122,38001,3.19,1.1105701,1.1105701,1.2648933,True
tree,2123,38001,0.76,1.2336481,1.2724726,1.5196779,False
tree,2124,38001,2.48,1.1226922,1.1226922,1.3180463,True
tree,2125,38001,0.47,0.32153198,0.86974186,0.6880537,False
tree,2126,38001,2.88,1.4246852,1.4246852,1.5907402,True
tree,2127,38001,4.94,0.9053492,0.9053492,1.0236883,True
tree,2128,38001,2.78,0.7976843,0.7976843,1.0533458,True
tree,2129,38003,0.63,1.315529,1.4126111,1.5809116,False
tree,2130,38003,0.77,4.161081,4.161081,2.9733377,True
tree,2131,38003,0.75,1.2909116,1.2909116,1.1337776,False
tree,2132,38003,1.41,2.2511246,2.2511246,1.7236993,True
tree,2133,38003,0.79,0.50050956,0.5358985,0.58325315,False
tree,2134,38003,1.0,1.024275,1.024275,1.2858421,True
tree,2135,38003,0.52,1.6620665,1.6620665,1.9152491,True
tree,2136,38003,0.72,0.4857568,0.81121147,0.74479604,False
tree,2137,38003,0.57,0.6262317,0.7425202,0.6178411,False
tree,2138,38003,0.64,1.2718863,1.6500628,1.4801779,True
tree,2139,38003,1.24,1.63285,1.63285,1.6207854,False
tree,2140,38003,0.78,1.1800458,1.1800458,0.83481646,True
tree,2141,38007,11.41,0.69974756,0.69974756,1.0283176,True
tree,2142,38007,7.03,0.5498292,0.83191025,0.8371287,True
tree,2143,38007,8.87,0.70375216,0.70375216,1.0069016,True
tree,2144,38007,10.32,1.0716465,1.0716465,1.3499992,True
tree,2145,38007,15.19,0.59190077,0.59190077,0.93171096,True
tree,2146,38007,6.7,0.8607401,0.8607401,0.9048425,True
tree,2147,38007,5.41,1.197454,1.197454,1.6459388,True
tree,2148,38007,4.2,0.8520175,0.8520175,1.1489048,False
tree,2149,38007,3.61,0.50890493,0.50890493,0.80119014,False
tree,2150,38007,8.95,1.0808268,1.1949935,1.3650569,True
tree,2151,38007,8.67,0.79865044,0.79865044,1.0530258,True
tree,2152,38014,8.69,0.91638947,0.91638947,1.2968696,True
tree,2153,38014,11.94,0.5847278,0.5847278,0.8341583,False
tree,2154,38014,8.46,0.8373347,0.8373347,1.070861,True
tree,2155,38014,9.86,1.1128113,1.1128113,1.3566375,True
tree,2156,38014,9.6,0.5086283,0.5086283,0.8030406,False
tree,2157,38014,6.01,0.9688607,0.9688607,1.0832067,True
tree,2158,38014,4.53,1.0222976,1.0222976,1.5533565,True
tree,2159,38014,4.68,0.7686747,0.83610016,1.1288213,False
tree,2160,38014,3.11,0.582109,0.582109,0.90715504,False
tree,2161,38014,7.97,0.886148,0.886148,1.278089,False
tree,2162,38014,10.23,0.6686966,0.6686966,0.88032264,False
tree,2163,38014,7.95,0.5975974,0.75116396,0.85615253,False
tree,2164,38017,0.18,2.0040798,2.838281,1.7766769,False
tree,2165,38017,0.17,16.968369,16.968369,9.047123,True
tree,2166,38017,0.48,1.8847154,2.349863,1.9965297,False
tree,2167,38017,0.84,2.5390842,4.0382414,2.4862328,True
tree,2168,38017,0.25,1.905083,1.9692084,1.8369328,False
tree,2169,38017,0.25,2.945973,3.0303826,2.2857895,False
tree,2170,38017,0.11,0.78704756,1.2021412,0.7894547,False
tree,2171,38017,0.18,3.1042564,3.1042564,1.9263715,False
tree,2172,38017,0.11,3.3113878,3.3336744,1.8643684,False
tree,2173,38017,0.27,0.8205538,1.3506968,1.1379972,False
tree,2174,38017,0.55,1.1334347,2.0490193,1.6215256,False
tree,2175,38017,0.22,5.6825113,5.6825113,3.0740497,True
tree,2176,38018,2.22,0.92196476,0.964047,1.1213359,True
tree,2177,38018,3.47,1.0478477,1.0478477,1.0396951,True
tree,2178,38018,2.57,0.79555357,0.79555357,0.9792064,True
tree,2179,38018,4.45,0.9331963,0.9331963,0.8819792,True
tree,2180,38018,1.95,0.47803658,0.50138605,0.70137507,False
tree,2181,38018,2.07,0.91512597,0.91512597,0.96998715,False
tree,2182,38018,1.16,0.94407904,0.94407904,0.94012517,False
tree,2183,38018,1.66,1.072517,1.1356258,1.2675449,True
tree,2184,38018,0.78,1.1106125,1.249901,1.4087406,False
tree,2185,38018,2.58,0.92386943,0.92386943,1.1159396,True
tree,2186,38018,3.29,0.6524659,0.7692159,0.85698617,False
tree,2187,38018,2.52,0.77003884,0.8996536,1.1216784,True
tree,2188,38021,7.66,0.94934565,0.94934565,1.1804409,True
tree,2189,38021,13.14,0.7427798,0.7427798,1.0070763,True
tree,2190,38021,9.31,0.7209366,0.7209366,0.96369743,True
tree,2191,38021,9.83,1.1035815,1.1035815,1.344021,True
tree,2192,38021,7.83,0.43956068,0.43956068,0.7859058,False
tree,2193,38021,5.98,0.89479744,0.9057816,1.1877912,True
tree,2194,38021,2.14,1.3489603,1.3489603,2.1381965,True
tree,2195,38021,4.73,0.77571416,0.8043983,1.1627182,False
tree,2196,38021,2.39,0.70447034,0.70447034,1.0020972,False
tree,2197,38021,8.18,0.75828797,0.75828797,1.1123809,False
tree,2198,38021,11.26,0.6510008,0.6510008,0.89598024,True
tree,2199,38021,9.26,0.5162211,0.57093537,0.768325,True
tree,2200,39001,2.51,0.6599868,0.7463655,0.83902115,False
tree,2201,39001,2.26,0.8619067,1.1181616,0.9725044,True
tree,2202,39001,3.54,0.780995,0.88247454,0.8742982,False
tree,2203,39001,4.38,0.91130507,1.1001555,0.93819463,True
tree,2204,39001,2.18,0.80399895,1.0162673,0.96160644,True
tree,2205,39001,2.36,0.92537415,0.92537415,0.8567082,False
tree,2206,39001,1.45,1.032723,1.0430496,1.0742232,True
tree,2207,39001,2.39,0.811835,0.99317425,0.83562356,True
tree,2208,39001,1.55,1.0290277,1.0290277,1.0249338,True
tree,2209,39001,3.65,0.81302315,0.8131247,0.82117856,False
tree,2210,39001,3.48,0.68454844,0.7479429,0.674621,False
tree,2211,39001,1.5,0.8977415,0.8977415,1.1027089,False
tree,2212,39006,1.49,1.1249634,1.467336,1.2670257,True
tree,2213,39006,1.72,1.091649,1.2057632,0.99691856,False
tree,2214,39006,4.49,0.7176237,0.8555237,0.8323368,False
tree,2215,39006,5.54,0.7243104,0.8372899,0.71239835,False
tree,2216,39006,1.98,0.8006105,0.92601824,0.9132388,True
tree,2217,39006,3.2,0.7236005,0.8860644,0.76036775,False
tree,2218,39006,1.66,0.99729544,1.1602031,1.1080868,True
tree,2219,39006,2.56,0.8586728,0.8586728,0.8011782,True
tree,2220,39006,1.29,1.144735,1.172286,1.1906074,True
tree,2221,39006,3.72,0.762237,0.7744474,0.7853267,False
tree,2222,39006,5.45,0.70684284,0.70684284,0.69569075,False
tree,2223,39006,1.59,1.1040682,1.1040682,0.9334587,True
tree,2224,39007,5.02,0.6876331,0.77560014,0.97429204,True
tree,2225,39007,6.1,0.45902038,0.6389001,0.6677115,False
tree,2226,39007,4.56,0.8140161,0.8881728,0.9379099,False
tree,2227,39007,6.36,1.3561226,1.3561226,1.103139,False
tree,2228,39007,4.44,0.1953418,0.1953418,0.2676547,False
tree,2229,39007,5.55,0.22247729,0.5291268,0.57395124,False
tree,2230,39007,3.55,0.609612,0.7246423,0.81348795,True
tree,2231,39007,3.77,0.6682021,0.7825373,0.9061191,False
tree,2232,39007,3.12,0.61006135,0.61006135,0.69819957,False
tree,2233,39007,5.23,1.1404278,1.1404278,1.1236367,False
tree,2234,39007,4.89,0.8173314,0.8173314,0.7797178,False
tree,2235,39007,3.28,0.7743788,0.7743788,0.9099127,True
tree,2236,39010,0.98,1.5968264,1.5968264,1.5403605,False
tree,2237,39010,0.84,3.5054111,3.5054111,3.169985,False
tree,2238,39010,1.3,1.0130466,1.0669718,1.0288919,False
tree,2239,39010,2.58,0.7050635,1.9720275,1.1420062,True
tree,2240,39010,0.79,0.8006764,1.3144661,0.9011988,False
tree,2241,39010,1.03,1.2437257,1.3063049,1.0588572,False
tree,2242,39010,0.66,1.4313897,2.098144,1.4924954,True
tree,2243,39010,0.81,1.9697611,1.9697611,1.7378395,True
tree,2244,39010,0.59,0.91053647,0.9582648,0.8999541,False
tree,2245,39010,1.19,1.1394995,1.574737,1.2005866,False
tree,2246,39010,1.98,0.9134644,1.275329,1.0655133,False
tree,2247,39010,0.91,1.5814987,1.8226537,1.1278572,False
tree,2248,39011,4.24,0.45961663,0.56437325,0.7071316,False
tree,2249,39011,5.25,0.59183574,0.63217694,0.9838309,False
tree,2250,39011,4.99,0.67477083,0.67477083,0.89415455,True
tree,2251,39011,7.99,1.0475999,1.0475999,1.0813388,False
tree,2252,39011,4.37,0.6601078,0.7502762,0.95056456,True
tree,2253,39011,4.48,0.52051204,0.52051204,0.5891896,False
tree,2254,39011,2.14,0.7130725,0.85139495,0.9495531,True
tree,2255,39011,3.25,0.55399823,0.55399823,0.8887626,False
tree,2256,39011,3.93,0.81418294,0.81418294,0.6269169,True
tree,2257,39011,6.98,0.9351738,0.9351738,0.85716593,True
tree,2258,39011,5.4,0.4282813,0.61299956,0.7291229,False
tree,2259,39011,4.58,0.54916096,0.54916096,0.77992415,True
tree,2260,39012,8.5,0.5909419,0.5909419,0.80509126,True
tree,2261,39012,7.07,0.7481258,0.7481258,0.71811336,True
tree,2262,39012,9.49,0.44911435,0.44911435,0.68552494,True
tree,2263,39012,11.17,0.6229039,0.6229039,0.7180422,False
tree,2264,39012,8.75,0.45993555,0.45993555,0.6387438,True
tree,2265,39012,11.85,0.35578153,0.4168403,0.4836095,True
tree,2266,39012,7.82,0.6718522,0.6718522,0.7590377,True
tree,2267,39012,5.38,0.51591444,0.51591444,0.6419752,False
tree,2268,39012,10.36,0.47457272,0.47457272,0.71348333,False
tree,2269,39012,10.24,0.53284377,0.53284377,0.7966985,True
tree,2270,39012,9.03,0.33941212,0.58449244,0.44333348,True
tree,2271,39012,9.89,0.75672436,0.75672436,0.792631,True
tree,2272,39014,0.51,2.3854399,2.3854399,1.8470187,False
tree,2273,39014,0.49,6.924967,6.924967,4.0611787,True
tree,2274,39014,0.74,1.2897611,1.529448,1.3335401,False
tree,2275,39014,1.24,1.4555035,4.4947176,2.2135677,True
tree,2276,39014,0.5,1.4128497,1.4128497,1.3564707,False
tree,2277,39014,0.57,1.3669835,1.3669835,1.1458498,False
tree,2278,39014,0.31,1.8098733,1.8098733,1.1811142,False
tree,2279,39014,0.37,0.89850825,1.7998348,1.092256,False
tree,2280,39014,0.23,0.9772559,0.9772559,0.9824143,False
tree,2281,39014,0.6,1.9110022,1.9110022,1.6827412,False
tree,2282,39014,1.32,1.2335017,1.6327227,1.3259978,False
tree,2283,39014,0.63,1.9560863,2.9351768,2.036452,True
tree,2284,39016,2.42,0.7750273,0.7750273,1.1417662,False
tree,2285,39016,1.54,1.4195778,1.4195778,1.0753877,False
tree,2286,39016,3.1,0.56741524,0.6836594,0.806259,False
tree,2287,39016,4.07,0.99436396,1.2560024,1.0613816,True
tree,2288,39016,2.42,0.74546355,0.74546355,0.93444747,True
tree,2289,39016,2.15,0.78283143,0.82866883,1.040621,False
tree,2290,39016,1.17,1.117211,1.1544646,1.1242626,False
tree,2291,39016,1.46,1.2439272,1.5754489,1.4614419,True
tree,2292,39016,1.59,0.9947615,1.1628994,1.3304105,True
tree,2293,39016,2.58,1.0051517,1.0658978,1.4561924,False
tree,2294,39016,1.95,0.9144803,1.2322782,1.1734651,False
tree,2295,39016,1.02,1.3883747,1.9937885,1.4334533,True
tree,2296,39020,1.8,0.8233297,1.0273571,0.8347322,False
tree,2297,39020,2.18,1.0082394,1.0082394,0.9647108,False
tree,2298,39020,5.19,0.7495422,0.8186918,0.7922043,False
tree,2299,39020,5.84,0.74964374,1.0145514,0.79316974,True
tree,2300,39020,2.64,0.7736934,0.8595004,0.7860442,True
tree,2301,39020,4.01,0.7715634,0.9561413,0.7970225,False
tree,2302,39020,1.67,1.1081161,1.1749191,1.0313048,True
tree,2303,39020,2.73,0.78471136,0.834108,0.7836636,False
tree,2304,39020,1.4,1.1042212,1.1518619,1.0826095,False
tree,2305,39020,4.14,0.9154933,0.9995927,0.9060937,True
tree,2306,39020,4.96,0.7787031,0.90111053,0.83392304,False
tree,2307,39020,1.55,0.8727664,0.9717142,0.8805836,False
tree,2308,39021,2.22,0.6486061,1.3997748,0.96480435,False
tree,2309,39021,2.75,0.9499538,2.0151815,1.4891187,True
tree,2310,39021,6.58,0.72376704,1.0753592,1.105234,True
tree,2311,39021,4.92,1.0331404,1.6206216,1.4416074,True
tree,2312,39021,2.55,0.5533344,1.3674959,0.8503733,True
tree,2313,39021,4.11,0.9880825,1.5244963,1.3388214,True
tree,2314,39021,2.19,0.66494393,1.3618618,0.84904927,False
tree,2315,39021,2.52,0.8978786,1.5952451,1.05553,True
tree,2316,39021,1.01,1.5598872,2.2548783,1.7002558,False
tree,2317,39021,4.75,0.8511447,1.3127712,1.225474,True
tree,2318,39021,7.03,1.1394129,1.1394129,1.3110968,False
tree,2319,39021,1.67,0.63224685,1.9367288,1.1161178,True
tree,2320,39022,5.52,0.64889663,0.6633715,0.9141977,True
tree,2321,39022,8.85,0.6062564,0.6062564,0.72493017,True
tree,2322,39022,6.11,0.8203708,0.8203708,0.9098063,False
tree,2323,39022,9.24,0.575796,0.575796,0.7624936,False
tree,2324,39022,5.43,0.66852206,0.66852206,0.84860444,True
tree,2325,39022,5.82,0.69418645,0.69418645,0.83527935,False
tree,2326,39022,2.94,0.6054104,0.64421463,0.77279574,False
tree,2327,39022,4.73,0.65342575,0.7443274,0.7483621,True
tree,2328,39022,4.51,0.3876823,0.52000135,0.6703114,False
tree,2329,39022,8.75,0.83752394,0.83752394,0.879494,True
tree,2330,39022,5.81,0.6193191,0.6193191,0.7166887,False
tree,2331,39022,4.65,0.62751967,0.62751967,0.8001242,True
tree,2332,39023,0.81,3.484307,3.484307,2.5586774,True
tree,2333,39023,0.71,0.5708119,0.62973344,0.72309667,False
tree,2334,39023,1.29,2.271061,2.271061,1.8481665,True
tree,2335,39023,1.55,2.3176346,2.3176346,1.9767871,False
tree,2336,39023,0.72,0.8184602,0.8184602,0.72545713,False
tree,2337,39023,0.91,1.1626385,1.3228248,1.0563285,False
tree,2338,39023,0.69,1.6708527,1.8135332,1.3163118,False
tree,2339,39023,0.88,0.7295728,1.0288042,0.8897351,False
tree,2340,39023,0.84,0.7504965,0.8686566,0.7521288,False
tree,2341,39023,1.16,0.45800358,0.45800358,0.43723017,False
tree,2342,39023,1.27,0.9989813,0.9989813,0.7364516,False
tree,2343,39023,0.94,1.5379804,1.5379804,0.900296,True
tree,2344,39025,5.25,1.1371342,1.1371342,1.1236458,True
tree,2345,39025,10.89,0.4476727,0.4476727,0.65442353,False
tree,2346,39025,10.28,0.5310407,0.583249,0.67723,False
tree,2347,39025,8.52,0.7820669,1.0907832,0.99072045,True
tree,2348,39025,8.21,0.5004186,0.51783746,0.7151392,True
tree,2349,39025,8.15,0.48946783,0.49106443,0.70385027,False
tree,2350,39025,3.84,1.0639597,1.0639597,0.95975566,True
tree,2351,39025,6.33,0.71408224,0.71408224,0.7352192,False
tree,2352,39025,5.57,0.37849915,0.4327395,0.7274529,False
tree,2353,39025,9.91,0.8457907,0.8457907,0.9645236,True
tree,2354,39025,8.67,0.8272168,1.4954278,1.4452586,True
tree,2355,39027,0.69,1.8058103,2.0949316,2.266736,False
tree,2356,39027,0.6,3.2602744,3.2602744,2.8519893,False
tree,2357,39027,1.7,0.59420824,1.5862275,0.7031223,True
tree,2358,39027,2.66,0.7001543,1.2637997,0.9152394,True
tree,2359,39027,0.87,1.4986526,1.4986526,1.6324575,True
tree,2360,39027,0.9,2.4511247,2.4511247,1.9867368,True
tree,2361,39027,0.61,1.8047667,1.8047667,1.5333966,False
tree,2362,39027,0.96,1.9259903,1.9259903,1.6834136,True
tree,2363,39027,0.46,1.991018,2.637979,2.5089343,True
tree,2364,39027,1.27,1.1193428,1.8284475,1.5458058,True
tree,2365,39027,1.59,0.9127611,1.0895095,0.98142123,False
tree,2366,39027,0.67,1.36537,1.4284354,1.6046681,False
tree,2367,39028,1.22,0.9201464,2.163415,1.6766429,True
tree,2368,39028,1.44,1.5529664,2.3718097,1.972366,True
tree,2369,39028,1.89,1.0425673,1.0894034,1.0248836,False
tree,2370,39028,2.62,0.7364575,1.5220239,1.2412131,False
tree,2371,39028,1.24,1.0000032,1.2344035,1.41385,True
tree,2372,39028,0.99,2.8488033,2.8488033,2.278386,True
tree,2373,39028,0.48,1.2144134,2.0570233,1.663018,False
tree,2374,39028,1.07,1.7329347,1.7329347,1.5629601,True
tree,2375,39028,0.51,1.5279225,2.0762136,1.8881884,False
tree,2376,39028,2.07,0.8289126,1.1259451,1.1418296,False
tree,2377,39028,1.31,1.2553121,1.4177928,1.1825324,False
tree,2378,39028,0.61,1.8977593,2.540844,1.6967518,True
tree,2379,39029,2.35,0.9543556,1.111437,1.2681897,False
tree,2380,39029,2.38,1.8711612,1.8711612,1.3223566,True
tree,2381,39029,2.95,0.78808767,0.78808767,0.699908,False
tree,2382,39029,4.56,1.9865408,2.4904675,1.8411471,True
tree,2383,39029,2.37,0.6352277,0.8631746,0.85769415,False
tree,2384,39029,2.45,0.92129743,0.95365745,1.0209575,False
tree,2385,39029,2.26,0.5826374,0.8714755,0.7992487,True
tree,2386,39029,1.47,0.81572247,1.0214068,1.1691536,False
tree,2387,39029,2.15,0.97557217,1.111361,0.86682266,True
tree,2388,39029,3.2,0.7255971,1.6361649,1.2422029,True
tree,2389,39029,2.65,0.4674668,0.5763497,0.3586815,False
tree,2390,39029,2.56,0.53190935,0.9944515,0.9031779,True
tree,2391,39034,2.43,0.7595053,0.9561305,0.91515285,True
tree,2392,39034,2.87,1.1204484,1.4145643,1.216309,True
tree,2393,39034,5.64,0.87053347,1.1041,1.0502036,True
tree,2394,39034,4.59,1.2900336,1.3435454,1.4289362,False
tree,2395,39034,3.01,0.51842725,0.8383238,0.69062704,True
tree,2396,39034,3.72,0.8041884,1.0930855,1.075379,True
tree,2397,39034,2.45,0.8708499,0.9699379,0.89531124,False
tree,2398,39034,3.58,0.64616483,0.9386873,0.76876974,True
tree,2399,39034,1.63,1.0163679,1.0289482,1.1054372,True
tree,2400,39034,5.34,0.76489866,0.95163953,0.8606192,True
tree,2401,39034,7.81,0.9564317,0.9564317,1.0675486,False
tree,2402,39034,2.27,0.7294565,0.7908528,0.8362902,False
tree,2403,39035,1.23,1.0487318,1.4112955,1.110369,True
tree,2404,39035,1.86,0.8499558,0.8578926,0.76872003,False
tree,2405,39035,1.85,0.9483064,0.99465626,0.9081455,False
tree,2406,39035,1.97,0.90228033,1.1067033,0.93796957,False
tree,2407,39035,1.81,0.77162194,0.95421565,0.8435619,True
tree,2408,39035,1.98,1.0665988,2.1171997,1.4642209,True
tree,2409,39035,1.42,0.9829786,1.0094206,0.939083,False
tree,2410,39035,2.22,1.0358403,1.0358403,0.853233,True
tree,2411,39035,1.27,0.9732295,1.0752708,1.0064012,False
tree,2412,39035,2.64,0.7142719,0.8822735,0.83466554,False
tree,2413,39035,2.81,1.0785761,1.20541,1.0585808,False
tree,2414,39035,1.21,0.9861486,0.98662984,0.93407524,False
tree,2415,39036,1.34,1.6677372,1.7492032,1.99576,False
tree,2416,39036,1.35,2.1736715,2.1736715,2.5423546,False
tree,2417,39036,3.1,0.7278914,0.7278914,0.66331375,False
tree,2418,39036,3.1,3.0929363,4.108719,3.2046938,True
tree,2419,39036,1.2,0.43091995,1.1710222,0.8621826,False
tree,2420,39036,1.29,1.3100595,1.9798923,1.1327866,True
tree,2421,39036,0.84,1.2264011,1.2264011,1.0354931,False
tree,2422,39036,0.86,1.7818975,1.7818975,1.1621088,False
tree,2423,39036,3.04,1.9568704,1.9568704,1.9861562,True
tree,2424,39036,1.31,1.3611454,1.3611454,1.2727554,False
tree,2425,39036,1.68,0.52539206,0.94747674,0.65286815,False
tree,2426,39037,0.68,0.8953808,0.95400816,0.91185236,False
tree,2427,39037,0.55,0.9582465,1.258656,1.0536683,False
tree,2428,39037,4.18,0.49961978,0.5485463,0.64980733,False
tree,2429,39037,5.83,0.6030583,0.6030583,0.65302896,False
tree,2430,39037,1.73,0.56883174,0.85874665,0.8842558,False
tree,2431,39037,2.22,0.65947795,0.66446376,0.83380693,False
tree,2432,39037,0.68,1.5141982,1.5141982,1.431026,False
tree,2433,39037,1.96,0.7014231,1.0093652,0.84164894,True
tree,2434,39037,0.7,1.1345191,1.1345191,1.0405726,False
tree,2435,39037,4.12,0.4905512,0.5368858,0.70191926,False
tree,2436,39037,2.39,0.59932214,0.8269718,0.667697,False
tree,2437,39037,1.09,1.3240827,1.3240827,1.1238252,True
tree,2438,39042,2.52,0.662939,0.7748901,0.6576793,False
tree,2439,39042,2.15,0.57909054,0.7217561,0.63311905,False
tree,2440,39042,3.87,1.0563956,1.1525747,1.129285,True
tree,2441,39042,3.6,1.1374332,1.1374332,1.054385,False
tree,2442,39042,2.91,0.702888,0.9242711,0.7299838,True
tree,2443,39042,3.25,0.69180423,1.08608,0.8176954,False
tree,2444,39042,1.93,1.001038,1.0283254,0.8893876,False
tree,2445,39042,3.34,0.6502544,0.7308209,0.663332,False
tree,2446,39042,1.64,0.80182636,1.1058865,0.85383856,False
tree,2447,39042,3.33,0.94989055,1.1240722,1.0208682,False
tree,2448,39042,3.56,0.78499293,0.9974012,0.8387025,False
tree,2449,39042,2.22,0.6650744,0.7300748,0.66109115,False
tree,2450,39052,6.08,1.1447924,1.1447924,1.2808368,True
tree,2451,39052,7.73,0.72029746,0.729266,0.9436069,True
tree,2452,39052,6.55,0.6239889,0.681604,0.85271484,False
tree,2453,39052,11.75,0.6373625,0.6659514,1.1430799,False
tree,2454,39052,6.41,0.5069318,0.5069318,0.703587,False
tree,2455,39052,7.38,0.4534131,0.4534131,0.5937086,False
tree,2456,39052,4.63,0.5962364,0.5962364,0.8341007,False
tree,2457,39052,6.69,0.6510832,0.6510832,0.71947396,False
tree,2458,39052,6.42,0.4028471,0.4028471,0.44376865,False
tree,2459,39052,8.05,0.8455431,0.8455431,1.1182127,False
tree,2460,39052,9.76,0.6571302,0.6571302,0.8868124,False
tree,2461,39052,3.98,1.1791916,1.1791916,1.1466044,True
tree,2462,39061,2.25,0.94159454,0.979496,0.9237013,False
tree,2463,39061,3.38,0.73268235,0.8838118,0.6372843,False
tree,2464,39061,7.88,0.7067839,0.71384794,0.6806461,False
tree,2465,39061,10.67,0.5255694,0.60891753,0.5614442,False
tree,2466,39061,5.15,0.47458073,0.4952976,0.5310741,False
tree,2467,39061,4.05,0.74602884,0.91132796,0.82340497,False
tree,2468,39061,6.82,0.4560576,0.49872026,0.5007919,False
tree,2469,39061,2.71,0.6170531,0.6730006,0.6351449,False
tree,2470,39061,8.16,0.661208,0.70994586,0.6467689,False
tree,2471,39061,7.73,0.62132174,0.62132174,0.5847186,False
tree,2472,39061,2.84,0.5809556,0.59347326,0.5844611,False
tree,2473,39081,2.44,1.656797,1.656797,1.2684892,True
tree,2474,39081,3.64,0.5416763,1.1141053,0.8441913,True
tree,2475,39081,3.98,1.1563659,1.4672536,1.0778191,True
tree,2476,39081,9.17,0.5414699,0.77680176,0.717798,True
tree,2477,39081,2.2,0.83714813,1.2170529,0.9543228,True
tree,2478,39081,2.56,0.7762472,1.1901048,0.89505184,False
tree,2479,39081,1.95,0.76162887,0.9439596,0.8800719,False
tree,2480,39081,2.65,0.8014317,1.2614547,0.8974177,True
tree,2481,39081,1.83,0.99700594,0.99700594,0.79481894,True
tree,2482,39081,4.29,1.0390022,1.3562872,1.2230617,True
tree,2483,39081,4.93,0.60461825,1.0540226,0.91587305,True
tree,2484,39081,2.01,0.9378802,0.9378802,0.7284173,True
tree,2485,40003,8.77,0.89133877,0.89133877,1.0187517,True
tree,2486,40003,6.51,0.74470156,0.74470156,1.0216519,True
tree,2487,40003,7.95,0.73973566,0.8708404,0.83254474,True
tree,2488,40003,22.95,0.42993158,0.8974105,0.8050528,True
tree,2489,40003,7.88,0.9393213,0.9393213,0.82831436,True
tree,2490,40003,7.88,1.0786753,1.0786753,0.8483119,True
tree,2491,40003,3.69,0.73969233,0.73969233,0.90642136,False
tree,2492,40003,5.26,0.7009103,0.7009103,0.7739625,False
tree,2493,40003,5.45,0.93897545,0.93897545,0.8800871,False
tree,2494,40003,13.19,0.5151506,1.064538,0.7211747,True
tree,2495,40003,9.59,0.5061608,1.0000201,0.9041019,True
tree,2496,40003,5.44,0.85242146,0.85242146,0.8636452,True
tree,2497,40004,9.54,0.42768985,0.5086326,0.6037615,False
tree,2498,40004,13.17,0.3639027,0.3639027,0.4732347,False
tree,2499,40004,15.37,0.4718465,0.4897792,0.7232947,False
tree,2500,40004,32.17,0.70057505,0.70057505,0.78610504,True
tree,2501,40004,21.87,0.52650464,0.52650464,0.7022901,True
tree,2502,40004,20.05,0.6095502,0.74147695,0.6422623,True
tree,2503,40004,6.5,0.75277865,0.75277865,0.8109882,False
tree,2504,40004,8.44,0.73930305,0.8282198,0.88944924,True
tree,2505,40004,10.75,1.1651438,1.1651438,1.0447307,True
tree,2506,40004,34.48,0.53555727,0.53555727,0.6029398,True
tree,2507,40004,23.18,0.59514356,0.59514356,0.71816367,True
tree,2508,40004,13.38,0.3706399,0.4807728,0.67409956,False
tree,2509,40005,8.45,0.82177955,0.8568584,1.0149035,False
tree,2510,40005,6.93,0.63465786,0.63465786,0.84263074,True
tree,2511,40005,9.66,0.69946694,0.8293594,0.81840754,True
tree,2512,40005,24.67,0.86695015,0.86695015,0.8483849,True
tree,2513,40005,10.5,0.37094054,0.93836486,0.83126867,True
tree,2514,40005,9.73,1.1065141,1.1065141,0.84949005,True
tree,2515,40005,4.69,0.7861457,0.7861457,0.7874429,False
tree,2516,40005,9.2,0.4856712,0.5732485,0.6946602,False
tree,2517,40005,7.45,0.70443887,0.70443887,0.7926545,False
tree,2518,40005,17.48,0.7321368,0.7321368,0.8651113,False
tree,2519,40005,14.14,0.34517616,0.95458955,0.86353797,True
tree,2520,40005,6.75,0.90958583,0.97265553,0.7953935,True
tree,2521,40007,11.59,0.7640538,0.7640538,0.859742,True
tree,2522,40007,10.32,0.6343418,0.6343418,0.6332493,True
tree,2523,40007,11.89,0.6815697,0.6815697,0.83911777,True
tree,2524,40007,26.02,0.9098748,0.9098748,0.9464127,True
tree,2525,40007,12.37,0.590246,0.590246,0.72789025,True
tree,2526,40007,12.7,0.43017408,0.43017408,0.6889492,False
tree,2527,40007,6.43,0.737569,0.737569,0.99952805,False
tree,2528,40007,8.48,0.54080683,0.63564295,0.74247134,False
tree,2529,40007,5.97,0.67415756,0.8580288,0.9248352,False
tree,2530,40007,20.25,0.8193502,0.8193502,1.0048064,False
tree,2531,40007,14.5,0.7353733,0.7353733,0.95147055,True
tree,2532,40007,8.39,0.5183417,0.80166876,0.8356452,True
tree,2533,40009,7.45,1.0402223,1.0402223,1.4276539,True
tree,2534,40009,6.75,0.89225715,0.89225715,1.3453853,True
tree,2535,40009,7.97,0.91925263,0.91925263,1.1879976,True
tree,2536,40009,28.78,0.74069643,0.74069643,0.92798054,True
tree,2537,40009,9.44,0.8846338,0.8846338,1.0840579,True
tree,2538,40009,9.38,0.543681,1.2117101,1.1414169,True
tree,2539,40009,3.0,1.0936377,1.0936377,1.2746212,False
tree,2540,40009,5.67,0.62272924,0.66024464,0.8868298,False
tree,2541,40009,5.76,0.7750751,0.98101556,1.1515545,False
tree,2542,40009,18.64,0.5669369,0.5669369,0.918803,False
tree,2543,40009,15.8,0.7662616,0.7662616,1.1040769,True
tree,2544,40009,4.97,1.1211312,1.1211312,1.0423951,True
tree,2545,40010,9.89,0.7664014,0.8492258,1.0147738,True
tree,2546,40010,9.7,0.58609235,0.58609235,0.63053286,False
tree,2547,40010,7.7,0.8283019,0.85251266,0.99385524,True
tree,2548,40010,31.07,0.6567054,0.6567054,0.8417559,True
tree,2549,40010,6.78,0.9569536,0.9569536,0.9495788,True
tree,2550,40010,6.78,0.873826,0.873826,1.0670239,False
tree,2551,40010,3.76,1.0173277,1.6914138,1.2500654,True
tree,2552,40010,5.16,0.853094,0.853094,0.9920172,False
tree,2553,40010,5.74,0.8688693,0.8688693,0.89663714,True
tree,2554,40010,20.93,0.6508364,0.6508364,0.81100464,False
tree,2555,40010,8.16,0.9249085,0.9530627,1.0051999,True
tree,2556,40010,7.51,0.6108167,0.7188723,0.7957299,True
tree,2557,40011,3.75,0.7156602,0.7156602,0.8065423,False
tree,2558,40011,2.35,1.1866376,1.1866376,1.1549431,True
tree,2559,40011,4.43,0.5684887,0.74521554,0.7024244,True
tree,2560,40011,5.9,1.0308082,1.0308082,1.0238223,True
tree,2561,40011,4.61,0.4945594,0.83438885,0.7761967,True
tree,2562,40011,4.53,0.7681531,0.8066857,0.7982459,True
tree,2563,40011,2.66,0.4940639,0.4984339,0.58811146,False
tree,2564,40011,4.61,1.0505981,1.1091189,1.0892122,True
tree,2565,40011,3.0,0.72182465,0.72182465,0.8530857,False
tree,2566,40011,4.99,1.1523407,1.1523407,0.98440975,True
tree,2567,40011,4.1,1.0188361,1.0188361,1.0215732,False
tree,2568,40011,3.0,0.77608037,1.0426158,0.75646657,True
tree,2569,40012,1.21,0.97552675,1.3354372,1.1518127,True
tree,2570,40012,0.81,1.2322577,1.813549,1.638639,True
tree,2571,40012,1.18,0.68192244,0.88798004,0.9095824,False
tree,2572,40012,3.89,0.7751383,1.3325328,1.281104,True
tree,2573,40012,1.28,0.65027183,0.7591321,0.8201451,False
tree,2574,40012,1.13,1.0147891,1.0147891,0.86073995,False
tree,2575,40012,0.61,0.17416757,1.7436156,0.79999715,False
tree,2576,40012,0.95,0.5740834,0.9337928,1.0541811,False
tree,2577,40012,0.57,1.9606335,1.9606335,1.6023648,True
tree,2578,40012,2.3,0.74084544,0.74084544,0.91394144,False
tree,2579,40012,1.88,0.483549,1.1096232,0.9294706,True
tree,2580,40012,0.63,0.09772822,0.96566737,0.6252659,False
tree,2581,40013,6.74,0.5757712,0.5757712,0.6440802,True
tree,2582,40013,8.37,0.31332392,0.34767085,0.36282346,False
tree,2583,40013,8.52,0.17300978,0.17300978,0.22245671,False
tree,2584,40013,20.77,0.46626368,0.46626368,0.55093324,False
tree,2585,40013,11.53,0.3210339,0.34421837,0.35244602,True
tree,2586,40013,7.16,0.22497249,0.27966812,0.6111212,False
tree,2587,40013,3.9,0.40261528,0.5550902,0.6366064,False
tree,2588,40013,4.51,0.37320432,0.37320432,0.68499756,False
tree,2589,40013,3.9,0.36868158,0.36868158,0.53472245,False
tree,2590,40013,9.07,0.7798897,0.7798897,0.7847146,True
tree,2591,40013,6.47,0.6209082,0.63113075,0.77810436,True
tree,2592,40013,6.51,0.298311,0.39518392,0.39577878,True
tree,2593,40016,2.48,0.4101946,0.4101946,0.5584672,False
tree,2594,40016,2.67,1.399407,1.399407,1.2768395,True
tree,2595,40016,2.32,0.75187427,0.75187427,1.1434513,True
tree,2596,40016,6.64,0.5749075,0.7289055,0.8865843,True
tree,2597,40016,2.1,0.7384316,0.90730345,1.4195725,False
tree,2598,40016,1.11,1.4774219,1.4774219,1.948953,True
tree,2599,40016,3.15,0.4058371,0.6371457,0.81380177,True
tree,2600,40016,3.91,0.6342459,0.6342459,1.2278774,True
tree,2601,40016,4.43,0.5155618,0.5155618,0.90847665,False
tree,2602,40016,7.15,0.3006637,0.3006637,0.53322774,True
tree,2603,40018,1.85,0.7709724,0.9680752,0.9304664,False
tree,2604,40018,2.13,0.5951755,1.0553737,0.95793897,True
tree,2605,40018,2.56,0.6790493,0.6790493,0.5896545,True
tree,2606,40018,7.35,0.9125999,0.9125999,0.92566097,True
tree,2607,40018,2.41,0.67505896,0.67505896,0.6851634,False
tree,2608,40018,3.05,0.39732495,0.39732495,0.6692924,False
tree,2609,40018,1.31,0.8976198,0.8976198,0.9098645,False
tree,2610,40018,1.92,0.631318,0.631318,0.77516276,False
tree,2611,40018,1.28,0.7804981,0.7804981,0.74205416,False
tree,2612,40018,4.21,0.5884045,0.63794637,0.775746,False
tree,2613,40018,3.27,0.62086946,0.8924276,0.7911732,True
tree,2614,40018,1.45,0.9951627,0.9951627,0.87655103,True
tree,2615,41001,31.67,0.23058376,0.23058376,0.36920914,False
tree,2616,41001,30.15,0.3116719,0.3116719,0.5627905,True
tree,2617,41001,44.85,0.39514196,0.39514196,0.5148845,True
tree,2618,41001,37.98,0.5534961,0.5626054,0.618832,True
tree,2619,41001,43.69,0.39755827,0.39755827,0.6556824,True
tree,2620,41001,39.3,0.36394325,0.56630594,0.46106657,True
tree,2621,41001,28.49,0.25659057,0.25659057,0.45772266,False
tree,2622,41001,32.66,0.27040994,0.27040994,0.3595483,True
tree,2623,41001,31.09,0.47427493,0.49634224,0.48094657,True
tree,2624,41001,58.74,0.3346006,0.3346006,0.47451293,True
tree,2625,41001,46.98,0.24436784,0.24436784,0.33668068,False
tree,2626,41001,44.07,0.31006357,0.31006357,0.36230883,True
tree,2627,41003,13.99,0.6687144,0.762553,0.96431893,True
tree,2628,41003,13.92,0.25468007,0.25468007,0.40320736,False
tree,2629,41003,17.97,0.76788896,0.8078456,0.91893244,True
tree,2630,41003,18.03,1.222018,1.222018,0.904585,True
tree,2631,41003,17.97,0.6987033,0.6987033,0.74799013,True
tree,2632,41003,18.03,0.9371831,0.9371831,0.7212365,True
tree,2633,41003,16.69,0.3807824,0.3807824,0.50799656,False
tree,2634,41003,16.1,0.39440995,0.4875721,0.5862089,True
tree,2635,41003,17.89,0.7303432,0.7303432,0.6776573,True
tree,2636,41003,18.07,0.54670835,0.54670835,0.5890394,False
tree,2637,41003,18.07,0.8188306,0.8188306,0.7175626,True
tree,2638,41003,17.78,0.37167612,0.42040202,0.54429865,False
tree,2639,41005,10.41,0.76007074,0.9633424,0.9502646,True
tree,2640,41005,11.54,0.88810927,0.88810927,0.91788256,True
tree,2641,41005,15.61,0.6105198,0.6562934,0.8734445,True
tree,2642,41005,24.64,0.90619004,0.90619004,1.0364006,True
tree,2643,41005,10.55,0.5774188,0.5774188,0.81196,False
tree,2644,41005,14.24,0.62594306,0.84603333,0.9094803,True
tree,2645,41005,6.19,0.912582,0.912582,1.1635851,False
tree,2646,41005,8.11,0.5734953,0.6082551,0.8635334,False
tree,2647,41005,4.17,1.6259986,1.678532,1.6147777,True
tree,2648,41005,23.84,0.6381194,0.6381194,0.8758966,False
tree,2649,41005,13.59,0.7124873,0.7124873,0.98455083,False
tree,2650,41005,9.56,0.60526395,0.8238756,1.0263011,True
tree,2651,41006,18.22,0.64844894,0.64844894,0.9185285,True
tree,2652,41006,15.41,0.4051885,0.4051885,0.86254,False
tree,2653,41006,29.17,0.43754336,0.46461484,0.7860556,True
tree,2654,41006,29.85,0.71811515,0.78377,0.8176247,True
tree,2655,41006,21.61,0.3933682,0.3933682,0.7308093,False
tree,2656,41006,24.42,0.32268965,0.6209364,0.60101485,True
tree,2657,41006,11.25,0.48882803,0.48882803,0.64392173,False
tree,2658,41006,10.11,0.46723726,0.5649327,0.6976997,True
tree,2659,41006,7.12,1.0331035,1.2033637,1.0380974,True
tree,2660,41006,34.79,0.36296102,0.36296102,0.6582779,False
tree,2661,41006,31.95,0.3792915,0.3792915,0.7197136,True
tree,2662,41006,20.98,0.44183964,0.44183964,0.58926153,True
tree,2663,41011,8.37,0.8771014,0.8771014,1.0173949,True
tree,2664,41011,12.44,0.6203475,0.6203475,1.0220875,False
tree,2665,41011,15.8,0.49358436,0.49358436,0.87401164,False
tree,2666,41011,26.04,0.5156327,0.61192214,0.6994012,True
tree,2667,41011,9.3,0.63633937,0.6373755,0.8625062,True
tree,2668,41011,10.63,0.6164054,0.6164054,0.845614,False
tree,2669,41011,5.65,0.67936355,0.67936355,0.8015857,True
tree,2670,41011,5.6,0.5271311,0.5271311,0.819984,False
tree,2671,41011,7.55,1.186332,1.186332,1.1718704,True
tree,2672,41011,22.42,0.6250659,0.6250659,0.9241983,True
tree,2673,41011,10.58,0.6315136,0.6315136,0.8070222,False
tree,2674,41011,8.95,0.6873956,0.6873956,0.7957089,True
tree,2675,41012,20.03,0.55897534,0.55897534,0.7730841,False
tree,2676,41012,31.56,0.5227197,0.5227197,0.5600248,True
tree,2677,41012,27.59,0.53657156,0.53657156,0.76637965,True
tree,2678,41012,30.73,0.7950563,0.7950563,0.77566713,True
tree,2679,41012,20.03,0.5576391,0.5576391,0.7670011,False
tree,2680,41012,23.53,0.5465713,0.67635953,0.6414214,False
tree,2681,41012,20.27,0.37480947,0.37480947,0.47189984,False
tree,2682,41012,20.63,0.39580518,0.39580518,0.56671727,True
tree,2683,41012,15.22,0.8292891,0.8292891,0.77156997,True
tree,2684,41012,33.64,0.674384,0.7418429,0.67683434,True
tree,2685,41012,24.61,0.50824374,0.50824374,0.57919073,False
tree,2686,41012,22.27,0.29092738,0.50722003,0.4548616,True
tree,2687,41013,22.05,0.3101904,0.3101904,0.513103,False
tree,2688,41013,15.05,0.44112965,0.45885563,0.962071,True
tree,2689,41013,26.86,0.5364468,0.5364468,0.7893071,True
tree,2690,41013,24.67,0.8760541,0.8760541,0.94531476,True
tree,2691,41013,20.16,0.65256894,0.65256894,1.0787164,False
tree,2692,41013,18.88,0.49333164,1.007086,0.7518404,True
tree,2693,41013,16.81,0.3548177,0.369419,0.7258055,False
tree,2694,41013,11.74,0.70622617,0.70622617,0.904681,True
tree,2695,41013,12.79,0.9646283,1.041665,1.2666395,True
tree,2696,41013,29.93,0.53169405,0.53169405,0.87614167,False
tree,2697,41013,18.32,0.5606493,0.5606493,0.9965384,False
tree,2698,41013,21.62,0.47701293,0.47701293,0.70797914,True
tree,2699,41014,15.89,1.232851,1.232851,1.204128,True
tree,2700,41014,17.09,0.71893096,1.1287078,1.0272743,True
tree,2701,41014,16.81,1.0303922,1.0303922,1.128682,True
tree,2702,41014,35.27,0.8508661,0.8508661,1.0035269,True
tree,2703,41014,15.02,1.05565,1.05565,1.0440298,True
tree,2704,41014,14.04,1.2709565,1.2709565,1.0438052,False
tree,2705,41014,9.1,0.682285,0.682285,0.6273167,False
tree,2706,41014,9.23,0.8496933,0.8496933,0.9589322,False
tree,2707,41014,9.66,1.0781687,1.0781687,1.0371718,False
tree,2708,41014,6.91,1.8926924,1.8926924,1.7894876,False
tree,2709,41014,11.77,1.1747384,1.1747384,1.5239439,True
tree,2710,41016,13.03,0.42537612,0.42537612,0.6956853,False
tree,2711,41016,12.99,0.5748109,0.5748109,0.9610617,True
tree,2712,41016,23.62,0.4803953,0.52828646,0.75350016,True
tree,2713,41016,22.62,0.9460956,0.9460956,0.908938,True
tree,2714,41016,19.55,0.4307661,0.4307661,0.7751792,False
tree,2715,41016,18.14,0.48743626,0.92359954,0.75850105,True
tree,2716,41016,11.23,0.31505316,0.42914483,0.6475427,False
tree,2717,41016,10.74,0.5772125,0.63715553,0.72716326,True
tree,2718,41016,11.53,0.89620566,0.9576652,1.0576363,True
tree,2719,41016,31.16,0.5231963,0.5231963,0.8291998,True
tree,2720,41016,21.77,0.4609829,0.50902116,0.96902126,False
tree,2721,41016,19.27,0.581138,0.581138,0.7993806,True
tree,2722,41019,15.96,0.785254,0.785254,0.8893616,True
tree,2723,41019,20.86,0.8338833,0.8338833,0.90049267,True
tree,2724,41019,20.57,0.6924572,0.6924572,0.9236463,True
tree,2725,41019,29.69,0.85677767,0.85677767,0.92086893,True
tree,2726,41019,18.52,0.6474197,0.6474197,0.8191062,True
tree,2727,41019,15.67,0.5345498,0.85457486,0.81949824,True
tree,2728,41019,8.19,0.68783766,0.68783766,0.73023975,False
tree,2729,41019,9.82,0.5632915,0.5632915,0.81160724,False
tree,2730,41019,11.57,0.9337157,0.9337157,1.1093003,True
tree,2731,41019,10.47,0.9451456,1.1765887,1.3505877,True
tree,2732,41020,17.06,0.8896938,0.8896938,1.1783208,True
tree,2733,41020,19.56,0.42065263,0.42065263,0.8082733,False
tree,2734,41020,26.47,0.61624914,0.61624914,0.9929329,True
tree,2735,41020,27.64,0.55765,0.55765,0.87262315,False
tree,2736,41020,20.56,0.6811719,0.6811719,1.1526688,True
tree,2737,41020,18.84,0.6843437,0.97304404,0.9812711,True
tree,2738,41020,12.88,0.6658899,0.6658899,0.7531146,False
tree,2739,41020,12.6,0.7727916,0.7727916,0.8815459,True
tree,2740,41020,12.15,0.66884625,0.66884625,0.75758237,False
tree,2741,41020,27.08,0.6003648,0.6003648,0.9569678,False
tree,2742,41020,25.52,0.5796774,0.5796774,0.9891242,False
tree,2743,41020,13.17,0.7706959,0.7706959,1.0936568,False
tree,2744,41022,12.85,0.858686,0.858686,0.9938763,False
tree,2745,41022,29.0,0.8295964,0.8295964,1.1684943,True
tree,2746,41022,20.76,0.57421565,0.57421565,0.9590529,True
tree,2747,41022,30.64,0.71984327,0.763311,0.893653,True
tree,2748,41022,15.8,0.59239924,0.59239924,0.8480225,True
tree,2749,41022,13.84,0.5979206,0.5979206,0.86241084,False
tree,2750,41022,5.94,0.7356074,0.7356074,1.0158296,False
tree,2751,41022,8.17,0.59558135,0.6380586,0.90144193,False
tree,2752,41022,13.66,0.4087681,0.55670255,0.8611107,False
tree,2753,41022,37.42,0.49145424,0.49145424,0.7864324,True
tree,2754,41022,13.98,0.59382933,0.59382933,0.831731,False
tree,2755,41022,13.28,0.62204,0.62204,0.9945689,False
tree,2756,41023,1.01,0.8412,1.2893156,0.97651815,False
tree,2757,41023,2.01,1.0108321,1.2997004,1.0172609,False
tree,2758,41023,4.73,0.6238786,1.0184445,0.6800127,False
tree,2759,41023,5.56,0.95310616,0.95310616,0.8391521,False
tree,2760,41023,1.75,0.71302897,1.2004622,0.86272585,False
tree,2761,41023,2.91,0.67124945,0.860063,0.75964534,False
tree,2762,41023,0.14,1.7176524,3.132105,2.1281002,False
tree,2763,41023,1.36,0.7937776,0.8318557,0.75180167,False
tree,2764,41023,0.86,0.94541144,1.0664389,0.85958225,False
tree,2765,41023,3.92,0.85954744,0.85954744,0.76684386,False
tree,2766,41023,1.99,0.7813052,0.8969613,0.7906438,False
tree,2767,41023,0.97,0.63285947,0.6844877,0.6087446,False
tree,2768,41025,18.95,0.825319,0.90240645,1.0129381,True
tree,2769,41025,25.45,0.71232325,0.71232325,0.75931805,True
tree,2770,41025,25.54,0.6622103,0.6622103,0.82291836,True
tree,2771,41025,35.39,0.79217917,0.79217917,0.767952,True
tree,2772,41025,21.46,0.7641538,0.7641538,0.9300276,True
tree,2773,41025,19.14,0.6053439,0.8891954,0.8239926,False
tree,2774,41025,12.15,0.48807117,0.48807117,0.5930325,False
tree,2775,41025,14.34,0.4914729,0.5147896,0.79932547,False
tree,2776,41025,19.17,0.6873813,0.7216689,0.9450971,False
tree,2777,41025,38.6,0.6921019,0.6921019,0.821589,True
tree,2778,41025,19.15,0.8031124,0.8031124,0.8772786,True
tree,2779,41025,21.8,0.4342331,0.6125003,0.74768084,True
tree,2780,41027,15.74,0.5446927,0.5446927,0.88223946,True
tree,2781,41027,17.44,0.5103693,0.5103693,0.95868546,False
tree,2782,41027,24.33,0.3313228,0.34796554,0.61434644,False
tree,2783,41027,50.09,0.3918041,0.3918041,0.5474013,False
tree,2784,41027,9.28,0.9104293,0.9104293,0.9780223,True
tree,2785,41027,19.2,0.4311565,0.4311565,0.6940251,False
tree,2786,41027,5.93,0.6674079,0.81972146,0.80527204,True
tree,2787,41027,8.37,0.3356472,0.3356472,0.7038751,False
tree,2788,41027,10.98,0.3940612,0.44319093,0.77022403,False
tree,2789,41027,37.04,0.46725783,0.46725783,0.64629436,True
tree,2790,41027,27.36,0.36660048,0.36660048,0.5672243,False
tree,2791,41027,23.59,0.49875078,0.49875078,0.7336305,True
tree,2792,41028,10.85,0.94140774,0.94140774,1.2560642,True
tree,2793,41028,16.89,0.911597,0.911597,0.96240795,True
tree,2794,41028,22.11,0.50635785,0.50635785,0.9660871,True
tree,2795,41028,16.1,0.754112,0.754112,1.2309866,False
tree,2796,41028,14.27,0.5462303,0.5462303,1.0069836,False
tree,2797,41028,13.06,0.5459193,0.9171249,1.0078509,True
tree,2798,41028,8.4,0.6336778,0.6336778,0.74209255,False
tree,2799,41028,9.0,0.43813196,0.59295994,0.7495351,False
tree,2800,41028,8.76,0.98736197,0.98736197,1.0779139,True
tree,2801,41028,20.06,0.7421844,0.89956325,0.8401374,True
tree,2802,41028,19.31,0.471805,0.471805,0.7993648,True
tree,2803,41028,19.09,0.43256474,0.43256474,0.61825293,True
tree,2804,42001,7.74,0.519096,0.519096,0.9450244,True
tree,2805,42001,8.12,0.54684734,0.70881313,0.963512,True
tree,2806,42001,13.31,0.46294686,0.46294686,0.67811376,True
tree,2807,42001,10.68,0.7187727,0.7187727,1.1618563,False
tree,2808,42001,6.85,0.6706747,0.6706747,1.041845,True
tree,2809,42001,6.24,0.52443045,0.52443045,0.8514416,True
tree,2810,42001,3.24,0.6978213,0.6978213,0.9958082,True
tree,2811,42001,4.18,0.6609023,0.6609023,0.9389031,True
tree,2812,42001,4.96,0.47453877,1.0592953,1.0399292,True
tree,2813,42001,7.95,0.71123,0.71123,1.0854038,False
tree,2814,42001,3.63,1.3451326,1.3451326,1.6961617,True
tree,2815,42001,4.79,0.72382903,0.72382903,1.0237852,False
tree,2816,42003,12.02,0.633448,0.633448,0.83285725,True
tree,2817,42003,14.01,0.49325714,0.59731543,0.7606337,True
tree,2818,42003,22.84,0.5070902,0.5070902,0.7478888,True
tree,2819,42003,17.04,0.60656136,0.7200673,1.0186164,False
tree,2820,42003,9.78,0.73724693,0.73724693,0.8681432,True
tree,2821,42003,22.32,0.4215184,0.4215184,0.65247023,True
tree,2822,42003,11.74,0.38640025,0.38980395,0.4372174,True
tree,2823,42003,9.42,0.74072707,0.74072707,0.84668034,True
tree,2824,42003,8.92,0.54651994,0.54651994,0.81942385,False
tree,2825,42003,23.24,0.6386818,0.6386818,0.8404505,True
tree,2826,42003,10.51,0.5103294,0.51644456,0.7745769,False
tree,2827,42004,1.44,0.9372192,1.2645028,1.2867293,False
tree,2828,42004,1.31,1.3292608,1.3348299,1.2897933,False
tree,2829,42004,2.95,0.75232434,0.75232434,0.7968026,False
tree,2830,42004,2.69,1.6695596,1.6695596,1.5241143,False
tree,2831,42004,1.95,0.615731,0.90021044,0.99952275,False
tree,2832,42004,2.74,0.7053982,0.7053982,0.8417484,False
tree,2833,42004,1.39,0.9984039,1.1540201,1.1275992,False
tree,2834,42004,2.05,0.78830916,0.8080849,0.90734833,False
tree,2835,42004,1.56,0.7885847,1.033032,1.0928712,False
tree,2836,42004,2.59,1.0568956,1.4104468,1.2272674,False
tree,2837,42004,2.27,0.74221593,0.852561,0.96114784,False
tree,2838,42004,1.43,0.7867695,1.2247901,1.1124501,True
tree,2839,42006,1.85,0.976838,1.095563,1.058443,False
tree,2840,42006,1.86,0.15207207,1.009749,0.5680285,False
tree,2841,42006,4.75,0.651801,1.1523846,0.95988834,False
tree,2842,42006,8.09,1.0261905,1.0261905,0.97658867,True
tree,2843,42006,3.12,0.903364,1.2930174,1.071989,True
tree,2844,42006,3.89,0.8454238,0.8454238,0.84723103,False
tree,2845,42006,1.48,1.1857975,1.1857975,1.0981923,False
tree,2846,42006,2.6,0.94760054,0.94760054,0.89626753,False
tree,2847,42006,1.81,1.1942958,1.4205962,1.2588308,False
tree,2848,42006,5.93,0.7874357,0.7874357,0.8508578,False
tree,2849,42006,3.4,1.0232995,1.1401805,1.0574341,False
tree,2850,42006,2.03,0.53895205,0.7779187,0.77771974,False
tree,2851,42008,1.04,0.78174347,1.3820738,1.1384213,False
tree,2852,42008,0.97,0.0,1.1645085,0.56649727,False
tree,2853,42008,2.67,0.7948342,0.8668218,0.80869997,False
tree,2854,42008,5.14,0.71841055,0.93208253,0.73639214,False
tree,2855,42008,1.51,1.0761344,1.1995337,1.1195629,False
tree,2856,42008,1.84,1.0196068,1.1308547,1.0498528,True
tree,2857,42008,1.04,0.9164249,1.1964006,1.1524506,False
tree,2858,42008,1.46,0.92316383,1.0426292,1.016257,False
tree,2859,42008,1.11,0.9619839,0.9619839,0.94399166,False
tree,2860,42008,3.01,0.9755369,1.0850316,0.92458403,False
tree,2861,42008,1.82,1.1030873,1.1519457,1.0492734,False
tree,2862,42008,1.11,1.128042,1.3938211,1.1738304,False
tree,2863,42010,1.75,0.9437537,1.109401,1.1362739,False
tree,2864,42010,2.0,0.021586644,0.90998113,0.668159,False
tree,2865,42010,3.29,0.76282805,0.7711702,0.7684255,False
tree,2866,42010,5.56,0.78897357,1.0129824,0.84620774,False
tree,2867,42010,2.47,0.78377694,1.4518822,1.0589044,True
tree,2868,42010,2.75,0.74625707,0.87819326,0.86763835,False
tree,2869,42010,1.84,0.93123174,1.0590858,1.0012848,False
tree,2870,42010,2.57,0.80313826,0.85582095,0.84422505,False
tree,2871,42010,1.88,1.0761249,1.2929761,1.1699198,True
tree,2872,42010,4.0,0.7790498,1.0316402,0.83499956,False
tree,2873,42010,1.49,1.3773848,1.4277785,1.4157377,True
tree,2874,42011,6.04,0.55301267,0.55301267,0.9403993,True
tree,2875,42011,6.63,0.43530792,0.43530792,0.6522335,False
tree,2876,42011,8.04,0.57547766,0.57547766,0.87080204,False
tree,2877,42011,8.55,1.1481721,1.1481721,1.1825808,True
tree,2878,42011,5.75,0.63169974,0.63169974,1.0103574,False
tree,2879,42011,5.6,0.524197,0.5993655,0.86953086,False
tree,2880,42011,3.14,0.43004617,0.5345809,0.8018828,False
tree,2881,42011,4.16,0.6115071,0.7012668,0.7476123,True
tree,2882,42011,4.28,0.52249175,0.5885921,0.83503026,False
tree,2883,42011,8.17,0.7662338,0.7662338,0.93228257,False
tree,2884,42011,18.59,0.21545221,0.21545221,0.4614556,False
tree,2885,42011,4.25,0.6048102,0.6048102,0.72240007,False
tree,2886,43005,2.01,1.4451569,1.4451569,1.5091714,True
tree,2887,43005,1.5,1.0202134,1.8288584,1.4403242,True
tree,2888,43005,4.19,0.71485347,0.7396981,0.71665,False
tree,2889,43005,6.14,0.6433507,0.7972561,0.7481315,False
tree,2890,43005,2.09,0.8596753,0.9566664,0.99021196,True
tree,2891,43005,2.33,0.8717882,1.031302,0.93780464,False
tree,2892,43005,1.34,1.130319,1.130319,1.047006,False
tree,2893,43005,2.36,0.87371314,1.1547518,1.0482596,True
tree,2894,43005,1.51,1.4565341,1.4565341,1.3885188,True
tree,2895,43005,3.68,0.7924372,1.1405007,0.88511235,True
tree,2896,43005,2.77,0.7271573,0.93167937,0.8788807,False
tree,2897,43005,1.35,1.4934999,1.4934999,1.2589129,True
tree,2898,43006,3.32,0.62837327,0.64349586,0.945164,False
tree,2899,43006,4.28,0.8615367,0.8615367,0.9560446,False
tree,2900,43006,6.56,0.71979547,0.71979547,0.68851507,True
tree,2901,43006,10.61,0.7174612,0.7174612,0.96677357,False
tree,2902,43006,3.74,0.52812153,0.8751356,0.8227426,True
tree,2903,43006,5.45,0.8177475,0.8177475,1.0097528,True
tree,2904,43006,4.03,0.5060696,0.5060696,0.81620675,False
tree,2905,43006,4.62,0.55354345,0.70517665,0.76273507,True
tree,2906,43006,3.05,0.72836,0.72836,0.91878265,False
tree,2907,43006,6.04,0.6980079,0.84005344,0.86751056,True
tree,2908,43006,4.61,0.48558426,0.6055572,0.80074316,False
tree,2909,43006,6.84,0.27760613,0.27760613,0.5104626,False
tree,2910,43007,4.78,0.58175,0.85171974,0.9124453,False
tree,2911,43007,13.69,0.34618944,0.470722,0.6004736,True
tree,2912,43007,10.84,0.6380688,0.8026524,0.6775825,True
tree,2913,43007,12.29,0.557998,1.0367465,0.91733456,True
tree,2914,43007,5.07,0.6282722,0.90935016,0.84719765,True
tree,2915,43007,7.16,0.7435257,0.7901697,0.8582671,False
tree,2916,43007,5.66,0.49165466,0.79000413,0.7316658,False
tree,2917,43007,6.28,0.53974235,0.8854725,0.78616494,True
tree,2918,43007,5.63,0.6595243,1.0859774,0.98276824,True
tree,2919,43007,11.45,0.5654654,0.75515556,0.79643524,True
tree,2920,43007,6.42,0.542113,0.7971845,0.84209746,False
tree,2921,43007,7.42,0.24026081,0.57729936,0.56516665,False
tree,2922,43008,0.85,2.623811,2.623811,2.7576518,False
tree,2923,43008,1.2,2.0662284,2.1686497,2.0953977,False
tree,2924,43008,3.61,0.81679887,0.86933833,0.8224759,False
tree,2925,43008,5.42,0.8052479,1.2458452,0.83108765,False
tree,2926,43008,1.81,1.014973,1.014973,0.96576035,False
tree,2927,43008,2.28,1.1363547,1.4953533,1.1273042,True
tree,2928,43008,0.96,1.4084593,1.4084593,1.2235776,False
tree,2929,43008,2.45,0.79207456,0.83698934,0.8081789,False
tree,2930,43008,1.33,1.0131222,1.0141175,1.0763233,False
tree,2931,43008,3.65,0.74372953,0.85430604,0.78678036,False
tree,2932,43008,2.25,0.9921018,1.1877959,0.99142665,False
tree,2933,43008,1.08,1.4179125,1.4179125,1.2307671,True
tree,2934,43009,7.74,0.8988993,1.0366029,1.1258439,True
tree,2935,43009,22.65,0.42023396,0.60788953,0.6573103,True
tree,2936,43009,16.99,0.90480393,0.90480393,0.841939,True
tree,2937,43009,21.32,0.8988902,0.8988902,0.909005,True
tree,2938,43009,10.74,0.7375708,0.7375708,0.9315954,True
tree,2939,43009,15.76,0.66923153,0.66923153,0.8406818,False
tree,2940,43009,13.37,0.6705312,0.6705312,0.8105526,True
tree,2941,43009,11.48,0.59840876,0.6225494,0.815196,False
tree,2942,43009,11.15,1.0387076,1.0387076,0.99111956,True
tree,2943,43009,17.49,0.8404006,0.8404006,0.9254634,True
tree,2944,43009,12.14,0.71778226,0.7278359,0.8745818,True
tree,2945,43009,15.34,0.5143284,0.6569653,0.8041301,True
tree,2946,43014,2.6,0.9472002,1.3594091,1.2805358,True
tree,2947,43014,1.61,1.5663905,1.8218372,1.8519771,True
tree,2948,43014,3.5,0.66922337,0.8460678,0.83274496,True
tree,2949,43014,6.07,0.66004086,0.82990855,1.0584501,True
tree,2950,43014,2.7,0.6679774,0.6679774,0.9522102,True
tree,2951,43014,2.95,0.8640617,0.8640617,1.0445733,True
tree,2952,43014,1.84,0.906343,0.906343,0.7144431,False
tree,2953,43014,2.28,1.1088109,1.1088109,1.127269,True
tree,2954,43014,1.41,1.3502085,1.4414822,1.5348068,True
tree,2955,43014,4.16,0.8025143,0.8025143,1.0026599,False
tree,2956,43014,2.95,1.9734719,2.4891794,2.0005507,True
tree,2957,43014,2.11,0.73838097,0.73838097,0.86916226,False
tree,2958,43017,4.68,0.3013095,0.46588817,0.6449143,True
tree,2959,43017,2.45,0.793324,1.1427244,1.0862727,True
tree,2960,43017,5.95,0.38954717,0.46197155,0.48859018,False
tree,2961,43017,10.84,0.37020037,0.5164992,0.54694337,True
tree,2962,43017,3.68,0.44602937,0.48242122,0.6473483,False
tree,2963,43017,4.29,0.41096595,0.41210702,0.531998,False
tree,2964,43017,3.15,0.29996526,0.41736767,0.4486864,False
tree,2965,43017,3.83,0.5762637,0.59791607,0.6593009,True
tree,2966,43017,2.41,0.8826003,0.8826003,0.91088617,True
tree,2967,43017,6.46,0.30345675,0.38081217,0.52820385,False
tree,2968,43017,5.15,0.42840803,0.43073487,0.49955493,False
tree,2969,43017,3.14,0.34940064,0.39855495,0.5148058,False
tree,2970,44001,2.93,0.9357932,1.0987645,1.1557363,False
tree,2971,44001,5.05,1.7577392,4.477746,2.3938293,True
tree,2972,44001,4.88,1.0133842,1.8230026,1.1935996,False
tree,2973,44001,4.75,1.718328,1.9537834,1.6901065,True
tree,2974,44001,3.36,1.1026506,1.1026506,1.1276126,True
tree,2975,44001,4.17,1.2116113,1.2116113,0.97889674,False
tree,2976,44001,3.42,0.9130955,1.1604778,0.9807899,True
tree,2977,44001,3.94,0.9632115,1.1254964,0.96638143,True
tree,2978,44001,3.21,1.7324266,1.7324266,1.4513599,True
tree,2979,44001,5.02,1.16216,1.4428613,1.2923138,True
tree,2980,44001,3.96,1.1862512,1.1862512,1.0814008,False
tree,2981,44001,2.99,1.0028238,1.0028238,0.96527976,False
tree,2982,44002,2.23,0.97269356,1.0992149,1.2386307,False
tree,2983,44002,4.39,0.6745592,1.7965575,1.3752227,True
tree,2984,44002,5.22,0.7826602,0.88717127,0.8111179,False
tree,2985,44002,6.25,1.1492451,1.3253883,1.1285809,True
tree,2986,44002,2.91,0.7529712,0.93565446,1.0271919,True
tree,2987,44002,5.26,0.6672773,0.6672773,0.6110694,False
tree,2988,44002,2.35,0.0,0.7464418,0.6742992,False
tree,2989,44002,4.42,0.621015,0.6562791,0.64562285,False
tree,2990,44002,2.58,0.88922405,0.9202151,0.9644938,False
tree,2991,44002,4.89,0.6055411,0.8202799,0.7318776,False
tree,2992,44002,4.34,0.69089687,0.75131017,0.6818228,False
tree,2993,44002,2.02,0.09693352,0.8125819,0.63507456,False
tree,2994,44006,2.38,0.969127,1.0859839,0.9453071,False
tree,2995,44006,7.88,3.4914985,3.4914985,2.0321712,True
tree,2996,44006,6.22,1.8432289,1.8432289,1.2692354,True
tree,2997,44006,8.1,1.0240487,1.3890375,1.104368,False
tree,2998,44006,3.15,0.7936168,1.19696,0.78544456,True
tree,2999,44006,5.73,0.5912194,0.6892656,0.6796987,False
tree,3000,44006,2.85,0.9237627,0.94883555,0.8349896,True
tree,3001,44006,4.01,0.8135902,0.9270654,0.8160126,True
tree,3002,44006,3.14,1.0119355,1.294628,1.0293902,False
tree,3003,44006,5.94,1.0742495,1.4706047,1.055488,True
tree,3004,44006,4.9,0.802056,0.89178014,0.80635643,False
tree,3005,44006,3.5,0.9037239,2.2111063,1.4979883,True
tree,3006,45001,21.03,0.7243943,0.7243943,0.85570747,True
tree,3007,45001,24.44,0.95778584,0.95778584,0.83977777,True
tree,3008,45001,36.09,0.83451575,0.83451575,0.92900157,True
tree,3009,45001,20.17,0.7806127,0.7806127,0.84658897,False
tree,3010,45001,13.75,0.54161185,0.5813744,0.6942244,False
tree,3011,45001,20.46,0.6586173,0.79814637,0.91720825,True
tree,3012,45001,28.56,0.55883557,0.6114035,0.7939529,True
tree,3013,45001,15.54,0.6906977,0.6906977,1.0344185,False
tree,3014,45001,13.18,0.98051506,0.98051506,1.0930746,True
tree,3015,45001,20.1,0.88635534,0.88635534,0.9590534,True
tree,3016,45001,19.61,0.80321854,0.80321854,0.9133716,True
tree,3017,45001,11.13,1.0572547,1.0572547,1.0591898,True
tree,3018,45003,11.29,0.5862281,0.5862281,1.0605808,True
tree,3019,45003,24.61,0.5229428,0.5229428,0.91776836,False
tree,3020,45003,31.67,0.43288058,0.5110023,0.6784418,False
tree,3021,45003,20.91,0.6839008,0.7412357,0.9920687,True
tree,3022,45003,17.82,0.6294018,0.6294018,0.9318521,True
tree,3023,45003,22.04,0.51850533,0.51850533,0.91134864,False
tree,3024,45003,25.55,0.5438339,0.5438339,0.9217483,True
tree,3025,45003,11.27,0.41917327,0.5075214,0.79068214,False
tree,3026,45003,7.78,0.92495507,1.068112,1.2587676,False
tree,3027,45003,17.8,0.9278892,0.9278892,1.0583897,True
tree,3028,45003,10.6,0.77020013,0.77020013,1.0347624,False
tree,3029,45003,14.34,0.5690865,0.5690865,0.7481702,False
tree,3030,45004,16.95,0.7337467,0.7337467,1.1313999,True
tree,3031,45004,53.0,0.5635177,0.5635177,0.8433792,True
tree,3032,45004,32.04,0.5051505,0.5662405,0.76724976,False
tree,3033,45004,30.24,0.49762577,0.5695172,0.8657951,True
tree,3034,45004,16.68,0.78781694,0.78781694,0.9954515,True
tree,3035,45004,26.62,0.5247274,0.589437,0.9476773,True
tree,3036,45004,34.43,0.44283146,0.44283146,0.7919495,True
tree,3037,45004,16.01,0.66486496,0.66486496,0.845752,False
tree,3038,45004,15.55,0.63920754,0.6687667,1.2130611,False
tree,3039,45004,25.26,0.6669613,0.72654724,0.8448556,False
tree,3040,45004,25.11,0.5251231,0.5251231,0.8687711,True
tree,3041,45004,33.05,0.42418513,0.42418513,0.60217905,False
tree,3042,45005,15.72,0.5134739,0.5134739,0.9578315,True
tree,3043,45005,36.8,0.49544367,0.49544367,0.93577594,True
tree,3044,45005,32.5,0.61099434,0.61479676,1.0587851,True
tree,3045,45005,18.83,0.601359,0.67447394,0.97408766,False
tree,3046,45005,15.8,0.7907873,0.7907873,0.96174204,True
tree,3047,45005,18.1,0.5613379,0.5613379,0.93421453,False
tree,3048,45005,26.5,0.63329387,0.63329387,1.0435854,True
tree,3049,45005,10.95,0.80242777,0.95790184,1.0185709,True
tree,3050,45005,9.65,0.80963707,0.82301974,1.2126887,False
tree,3051,45005,14.85,1.1222248,1.1222248,1.101218,True
tree,3052,45005,13.12,0.646821,0.646821,0.9058188,False
tree,3053,45005,18.31,0.61422193,0.61422193,0.8335977,False
tree,3054,45009,20.17,0.8481191,0.8481191,0.94205844,True
tree,3055,45009,36.71,0.59112334,0.7090459,0.69736725,True
tree,3056,45009,43.43,0.787087,0.787087,0.8775061,True
tree,3057,45009,19.58,0.8724567,0.8724567,0.9376449,False
tree,3058,45009,12.8,0.8787606,1.0432621,0.99126357,True
tree,3059,45009,17.83,0.70935816,1.1917064,0.797871,True
tree,3060,45009,28.41,0.50913405,0.6327696,0.7638889,True
tree,3061,45009,15.58,0.65180135,0.65180135,0.748532,False
tree,3062,45009,12.73,1.0514964,1.0514964,1.0713333,True
tree,3063,45009,28.65,0.7217155,0.74261606,0.8526661,True
tree,3064,45009,24.19,0.81542385,0.81542385,0.8835688,True
tree,3065,45009,12.32,0.84662414,0.9379441,0.9488532,True
tree,3066,45012,7.73,0.74154615,0.8142523,0.9000417,True
tree,3067,45012,16.71,0.67664266,0.67664266,0.7789696,True
tree,3068,45012,28.81,0.4120721,0.5368187,0.6963335,True
tree,3069,45012,19.5,0.5386618,0.5386618,0.8415398,False
tree,3070,45012,8.32,0.8271793,0.8271793,0.85473907,True
tree,3071,45012,21.96,0.44596618,0.5011749,0.8423779,False
tree,3072,45012,12.32,0.5892495,0.5892495,0.96077,True
tree,3073,45012,14.84,0.3389249,0.3389249,0.6056512,False
tree,3074,45012,6.91,0.83093643,0.83093643,1.0132965,False
tree,3075,45012,16.95,0.47708514,0.49128222,0.7070004,False
tree,3076,45012,14.93,0.42219993,0.44497752,0.74210185,False
tree,3077,45012,11.34,0.45754468,0.5048247,0.7369035,True
tree,3078,46003,22.43,0.5160942,0.8113229,0.85955673,True
tree,3079,46003,27.68,0.613244,0.613244,0.9686117,False
tree,3080,46003,44.93,0.5516603,0.5604582,0.8561644,False
tree,3081,46003,61.86,0.40153876,0.40153876,0.69199264,False
tree,3082,46003,27.75,0.81806666,0.81806666,0.950404,True
tree,3083,46003,52.53,0.7463439,0.7463439,1.0600008,True
tree,3084,46003,18.63,0.56031185,0.77509737,0.86810815,True
tree,3085,46003,19.0,0.74144155,0.74144155,0.99982095,False
tree,3086,46003,27.56,0.75312805,1.2339923,1.0630523,True
tree,3087,46003,69.57,0.6123942,0.6123942,0.78557575,True
tree,3088,46003,60.69,0.5309832,0.5309832,0.74991405,False
tree,3089,46003,33.53,0.75703555,0.75703555,1.0724273,True
tree,3090,46005,33.21,0.98703897,0.98703897,1.1128123,True
tree,3091,46005,48.89,0.59984034,0.59984034,0.8181167,False
tree,3092,46005,61.3,0.8980822,0.8980822,1.1404085,True
tree,3093,46005,101.26,0.3143319,0.3143319,0.6023429,False
tree,3094,46005,48.89,0.6958845,0.6958845,0.8183845,True
tree,3095,46005,95.06,0.53063005,0.53063005,0.82932127,True
tree,3096,46005,34.72,0.7138594,0.7138594,0.86398774,True
tree,3097,46005,30.9,0.47533447,0.47533447,0.678457,False
tree,3098,46005,56.61,0.6207707,0.6207707,0.8726467,False
tree,3099,46005,107.51,0.51940817,0.51940817,0.70734763,True
tree,3100,46005,90.36,0.46095967,0.46095967,0.677964,False
tree,3101,46005,59.91,0.7207543,0.7207543,1.0903285,True
tree,3102,47001,16.24,0.8806906,0.8806906,0.9744577,True
tree,3103,47001,14.55,0.7034288,0.7034288,0.95127696,False
tree,3104,47001,31.64,0.8842518,0.8842518,0.9885176,True
tree,3105,47001,21.41,0.5897943,0.90331215,0.8974542,True
tree,3106,47001,13.43,0.92456913,0.92769265,1.0197252,True
tree,3107,47001,20.56,0.71121186,0.86894,1.0552455,True
tree,3108,47001,11.45,0.86741644,0.86741644,0.937153,True
tree,3109,47001,11.68,0.63939935,0.63939935,0.81846285,False
tree,3110,47001,14.29,0.95308083,0.95308083,1.0296887,True
tree,3111,47001,23.91,0.9177815,0.9177815,0.9592735,True
tree,3112,47001,24.87,0.7561422,0.7561422,0.87983793,False
tree,3113,47001,13.72,1.3369043,1.3369043,1.0341113,True
tree,3114,47004,17.17,0.8281285,0.8281285,0.8271184,True
tree,3115,47004,15.71,0.65380055,0.65380055,0.8205649,False
tree,3116,47004,41.66,0.73866504,0.73866504,0.92155015,True
tree,3117,47004,32.98,0.51339304,0.6067444,0.789817,True
tree,3118,47004,15.01,0.91432863,0.91432863,0.8879201,True
tree,3119,47004,25.75,0.67670655,0.8674134,1.0522697,True
tree,3120,47004,12.73,0.8338121,0.8338121,0.85126704,True
tree,3121,47004,13.14,0.8767278,0.94882923,0.95602447,True
tree,3122,47004,15.35,0.96070874,0.96070874,0.9399315,True
tree,3123,47004,29.46,0.7782344,0.7782344,0.85248697,True
tree,3124,47004,48.48,0.52732307,0.52732307,0.7780781,True
tree,3125,47004,14.46,1.1809655,1.1809655,0.980969,True
tree,3126,47008,13.87,0.9145986,0.9145986,1.0941565,True
tree,3127,47008,11.11,0.8138301,0.9042585,1.1688561,False
tree,3128,47008,27.29,0.8186997,0.8186997,1.0179434,True
tree,3129,47008,24.45,0.62905043,0.62905043,1.121224,False
tree,3130,47008,12.8,0.90565836,0.90565836,1.1432382,True
tree,3131,47008,23.61,0.7716303,0.7716303,1.0562569,True
tree,3132,47008,8.51,1.1289026,1.2055037,1.3303707,True
tree,3133,47008,10.44,0.7122027,0.7649578,1.1107247,False
tree,3134,47008,10.08,1.1424056,1.1424056,1.4158704,False
tree,3135,47008,19.26,1.1185582,1.1185582,1.2629997,True
tree,3136,47008,24.86,0.7378371,0.7378371,1.1284419,True
tree,3137,47008,15.94,0.6957111,1.100257,1.0938033,True
tree,3138,47009,11.46,0.9366761,0.9366761,0.9343135,True
tree,3139,47009,11.3,0.72166973,0.7332491,0.91903245,False
tree,3140,47009,29.57,0.93420225,0.93420225,0.91335726,True
tree,3141,47009,18.99,0.8025692,0.8025692,0.79130125,True
tree,3142,47009,11.83,0.7711411,0.8676617,0.88199,True
tree,3143,47009,16.86,1.0445304,1.1462147,1.1643585,True
tree,3144,47009,8.36,0.810691,0.9157152,0.9336907,True
tree,3145,47009,11.3,0.8589104,0.8589104,0.878797,False
tree,3146,47009,13.81,0.6752447,0.7299979,0.8189356,False
tree,3147,47009,21.47,0.8061428,0.809418,0.8592189,True
tree,3148,47009,24.05,0.8712393,0.8712393,0.8874979,True
tree,3149,47009,12.17,1.0210955,1.0210955,0.9204982,True
tree,3150,48004,23.16,0.45778468,0.49877155,0.65596753,True
tree,3151,48004,15.19,0.3246295,0.34677774,0.6123053,False
tree,3152,48004,27.4,1.0294766,1.1469185,1.1434975,True
tree,3153,48004,21.75,0.84911054,0.84911054,1.1014318,True
tree,3154,48004,12.42,1.2025537,1.2025537,1.1240289,True
tree,3155,48004,20.25,0.72927743,0.72927743,1.0061747,False
tree,3156,48004,16.49,0.4302438,0.4302438,0.6580775,False
tree,3157,48004,17.01,0.5549867,0.5549867,0.825993,False
tree,3158,48004,13.56,0.88064307,0.88064307,0.9891569,False
tree,3159,48004,19.5,0.76118743,0.76118743,0.99737066,False
tree,3160,48004,27.91,0.8756639,0.8756639,0.8982458,True
tree,3161,48004,13.54,0.9502648,0.9502648,0.92321855,False
tree,3162,48005,6.41,0.92787373,0.92787373,0.9470847,True
tree,3163,48005,7.27,0.8096406,0.8096406,0.90005076,False
tree,3164,48005,20.02,0.41813007,0.73087114,0.67954403,True
tree,3165,48005,17.09,0.45337516,0.5757168,0.7039411,False
tree,3166,48005,9.13,0.6810242,0.6810242,0.70496094,True
tree,3167,48005,13.51,0.4665013,0.5676762,0.69037765,False
tree,3168,48005,7.16,0.79234385,0.79234385,0.98414624,False
tree,3169,48005,11.21,0.6557207,0.6557207,0.8197848,False
tree,3170,48005,11.81,0.4711557,0.4711557,0.71989465,False
tree,3171,48005,13.4,0.8405137,0.8812339,0.90038323,True
tree,3172,48005,13.05,0.7298232,0.7298232,0.7858988,True
tree,3173,48005,5.61,0.81054425,0.8715971,0.9168063,False
tree,3174,48011,22.45,0.539784,0.56294143,0.8508617,True
tree,3175,48011,10.47,0.88887316,0.88887316,1.0266881,False
tree,3176,48011,33.07,0.93710136,0.93710136,1.062574,True
tree,3177,48011,20.68,0.67013,0.8541049,1.0329533,False
tree,3178,48011,12.0,0.9837286,1.1132572,1.0403478,True
tree,3179,48011,17.29,0.9610122,0.98787105,1.0335814,True
tree,3180,48011,11.31,0.66825825,0.85049295,0.9025148,True
tree,3181,48011,12.24,0.890377,0.94596237,0.9958798,True
tree,3182,48011,11.49,0.90460485,0.91635793,1.048452,False
tree,3183,48011,22.19,0.70355976,0.70355976,0.91451085,False
tree,3184,48011,30.19,0.69352853,0.69352853,0.8835583,True
tree,3185,48011,10.6,1.1734976,1.2881452,1.0999115,True
tree,3186,49002,5.55,0.97896373,0.97896373,0.90322024,True
tree,3187,49002,4.06,0.87586844,1.2081224,1.205108,False
tree,3188,49002,15.08,0.86242104,0.86242104,0.85843486,True
tree,3189,49002,8.31,0.888463,1.0141257,1.0423633,False
tree,3190,49002,4.02,1.093574,1.1346248,1.0487206,True
tree,3191,49002,9.43,0.621612,0.93372005,0.9249155,True
tree,3192,49002,4.13,1.2432926,1.2477598,1.321862,True
tree,3193,49002,9.4,0.77253884,0.77253884,0.79639554,True
tree,3194,49002,6.77,0.95014733,0.95014733,0.9001192,False
tree,3195,49002,9.99,0.8789592,0.8789592,0.92210037,False
tree,3196,49002,12.95,0.678221,0.678221,0.7319905,True
tree,3197,49002,5.1,1.1578122,1.1578122,1.0973017,False
tree,3198,49004,5.93,0.8706862,1.024939,1.1083292,True
tree,3199,49004,10.46,0.34752518,0.36567646,0.6437239,False
tree,3200,49004,24.13,0.44174302,0.56001705,0.79911244,False
tree,3201,49004,17.63,0.5943884,0.60453135,0.9001882,False
tree,3202,49004,6.54,0.86478454,0.86478454,0.94244546,True
tree,3203,49004,14.79,0.5896739,0.64119416,0.72740597,True
tree,3204,49004,7.56,0.55187845,0.55187845,0.7614719,False
tree,3205,49004,14.55,0.47712898,0.47712898,0.8038235,False
tree,3206,49004,8.41,0.7235515,0.7792941,0.90084577,False
tree,3207,49004,14.12,0.71030176,0.71030176,0.86465186,True
tree,3208,49004,11.27,0.6124913,0.62585944,0.8065571,False
tree,3209,49004,6.19,0.48606887,0.7461467,0.7405235,False
tree,3210,50001,19.4,0.76705915,0.76705915,0.90149945,True
tree,3211,50001,18.26,0.61618906,0.61618906,0.9338738,False
tree,3212,50001,37.13,0.790917,0.790917,1.0239851,True
tree,3213,50001,17.74,0.9145275,0.9145275,0.9510948,True
tree,3214,50001,11.82,0.89132786,0.97141165,1.0403136,True
tree,3215,50001,16.91,0.7109841,0.9093443,1.0816848,True
tree,3216,50001,17.22,0.713618,0.7892511,0.9271567,True
tree,3217,50001,16.13,0.6161045,0.6161045,0.9453426,False
tree,3218,50001,12.18,0.9602368,0.9602368,1.0232071,True
tree,3219,50001,20.31,0.89447063,0.89447063,1.0183213,True
tree,3220,50001,16.51,0.70718175,0.70718175,0.8994764,False
tree,3221,50001,11.63,0.86921746,0.86921746,1.0041685,False
tree,3222,50002,24.84,0.6342701,0.6342701,0.7957443,True
tree,3223,50002,21.72,0.56665957,0.56665957,0.86870646,False
tree,3224,50002,41.75,0.86486113,0.86486113,1.0134033,True
tree,3225,50002,24.58,0.5951245,0.794149,0.8840885,True
tree,3226,50002,17.95,0.5612574,0.59727156,0.9004547,False
tree,3227,50002,27.44,0.6197146,0.7244169,0.9851315,True
tree,3228,50002,14.83,0.7618318,0.94822586,0.9674041,True
tree,3229,50002,12.58,0.810048,0.810048,1.0136678,True
tree,3230,50002,19.34,0.7435614,0.7435614,0.94406235,True
tree,3231,50002,20.3,0.6471152,0.7495002,0.9140159,True
tree,3232,50002,17.38,0.97515684,0.97515684,0.95731354,True
tree,3233,50006,26.95,0.755811,0.755811,0.81896114,True
tree,3234,50006,19.02,0.65178424,0.67046,0.894227,False
tree,3235,50006,43.33,1.1110284,1.1110284,1.152768,True
tree,3236,50006,24.57,0.7872084,0.7872084,0.86136836,True
tree,3237,50006,16.3,0.62842304,0.6395158,0.8697499,False
tree,3238,50006,16.22,0.7416144,0.99930185,1.0838937,True
tree,3239,50006,24.97,0.8524245,0.8524245,0.8136449,True
tree,3240,50006,27.0,0.55370414,0.55370414,0.8877689,True
tree,3241,50006,17.07,0.8507124,0.8507124,0.95085734,True
tree,3242,50006,23.65,0.8538333,0.8538333,0.95839775,True
tree,3243,50006,22.26,0.7469312,0.7469312,0.90494955,False
tree,3244,50006,13.93,0.9827311,0.9827311,1.0303466,False
tree,3245,51001,2.49,1.460612,1.460612,1.321655,True
tree,3246,51001,19.32,0.78314465,1.0586944,1.0206506,True
tree,3247,51001,16.06,0.94193804,0.94193804,1.0148798,True
tree,3248,51001,15.0,0.85510504,0.85510504,1.1524769,False
tree,3249,51001,5.53,0.9158135,1.0246879,1.0227077,True
tree,3250,51001,11.66,0.60049736,0.79226726,0.95264286,True
tree,3251,51001,7.99,0.64784616,0.8062159,1.3119267,True
tree,3252,51001,11.41,0.5971324,0.5971324,0.6713173,True
tree,3253,51001,4.79,0.76699007,1.0650343,1.0916033,True
tree,3254,51001,10.98,0.6473106,0.7920042,0.7797536,True
tree,3255,51001,8.67,1.0586869,1.0586869,1.2259108,True
tree,3256,51001,4.6,0.7295878,0.793627,0.8466626,True
tree,3257,52004,10.87,0.70024073,0.70024073,1.054556,True
tree,3258,52004,22.64,0.8593348,0.8593348,1.0360545,True
tree,3259,52004,25.8,0.5525463,0.62772,0.8603625,False
tree,3260,52004,27.68,0.6609156,0.6609156,0.9985605,True
tree,3261,52004,10.87,0.9379004,0.9379004,0.8935713,True
tree,3262,52004,26.89,0.516236,0.516236,0.90873,True
tree,3263,52004,20.86,0.6305828,0.6305828,0.9719254,True
tree,3264,52004,12.36,0.31338674,0.41673586,0.76873827,False
tree,3265,52004,10.62,0.9609878,0.9795101,1.3199251,False
tree,3266,52004,15.66,0.8549842,0.87834275,0.99288416,False
tree,3267,52004,16.05,0.7323111,0.7323111,0.9977529,True
tree,3268,52004,16.15,0.77540493,0.77540493,0.9863156,False
tree,3269,52005,6.28,0.9667056,0.9667056,1.1117693,True
tree,3270,52005,20.41,0.99109334,0.99109334,0.94759756,True
tree,3271,52005,19.18,0.48765334,0.70623726,0.7217625,False
tree,3272,52005,13.36,0.84653455,0.9011128,1.1590303,False
tree,3273,52005,7.81,0.8509964,0.9292278,0.9988877,False
tree,3274,52005,17.61,0.6548443,0.73021215,1.0812402,True
tree,3275,52005,15.53,0.6783708,0.6783708,1.1639441,True
tree,3276,52005,8.71,0.96894646,0.96894646,0.84769404,True
tree,3277,52005,5.55,0.9072902,1.30316,1.3080015,True
tree,3278,52005,13.36,0.9642593,0.9642593,0.9783664,True
tree,3279,52005,9.63,0.667977,0.667977,0.948683,False
tree,3280,52005,5.87,0.6938441,0.7212399,0.87550014,False
tree,3281,52006,6.88,0.76068103,0.76068103,1.1050518,True
tree,3282,52006,24.52,0.62322545,0.62322545,0.85806954,True
tree,3283,52006,16.45,0.57849044,0.57849044,0.72061497,False
tree,3284,52006,23.27,0.6832125,0.6832125,0.8954302,True
tree,3285,52006,10.17,0.7786371,0.7786371,0.9032448,True
tree,3286,52006,14.0,0.5211244,0.6891345,0.94254535,True
tree,3287,52006,9.47,0.67264825,0.67264825,1.1293133,True
tree,3288,52006,8.89,0.6294192,0.6780935,0.83561254,True
tree,3289,52006,9.93,0.6276845,0.99256843,1.1052198,True
tree,3290,52006,15.95,0.73794824,0.73794824,0.8930222,False
tree,3291,52006,15.13,0.5011843,0.5011843,0.81041193,False
tree,3292,52006,9.95,0.64957196,0.64957196,0.8457612,True
tree,3293,52007,11.33,0.86040413,0.86040413,0.97609234,False
tree,3294,52007,33.41,0.51963323,0.51963323,0.710911,True
tree,3295,52007,27.71,0.518489,0.6083326,0.71181154,False
tree,3296,52007,35.52,0.44836733,0.46884605,0.688686,False
tree,3297,52007,16.91,0.7619174,0.7619174,0.7632525,True
tree,3298,52007,35.26,0.4137794,0.4137794,0.7376547,True
tree,3299,52007,17.71,0.5349096,0.5349096,0.81303334,True
tree,3300,52007,12.19,0.75910443,0.75910443,0.8092368,True
tree,3301,52007,15.95,0.7481056,0.8974041,0.93689704,True
tree,3302,52007,24.23,0.6841435,0.78946793,0.8329549,True
tree,3303,52007,28.12,0.6314442,0.6314442,0.8265663,True
tree,3304,52007,16.05,0.61566544,0.61566544,0.75874794,True
tree,3305,52009,5.84,1.1163338,1.1163338,1.0987208,True
tree,3306,52009,9.73,0.82005346,1.0847205,1.0269864,True
tree,3307,52009,12.34,0.944696,0.944696,0.9986773,True
tree,3308,52009,9.38,0.83246243,0.8716701,0.8449844,False
tree,3309,52009,7.47,0.23434004,0.43312526,0.49557346,False
tree,3310,52009,10.08,0.8165474,0.8165474,0.95345056,True
tree,3311,52009,11.05,0.75063413,0.8192435,0.9088925,True
tree,3312,52009,10.14,0.7031384,0.7031384,0.8311134,False
tree,3313,52009,4.87,0.4983796,0.77365935,0.7592327,False
tree,3314,52009,8.44,0.6625626,1.0016084,0.8269818,True
tree,3315,52009,12.1,0.94928336,0.94928336,0.9194773,True
tree,3316,52009,6.41,0.67991495,0.6805075,0.74074817,True
tree,3317,52010,8.4,0.7531968,0.7531968,0.8860642,False
tree,3318,52010,13.98,0.44673237,0.44673237,0.61032295,False
tree,3319,52010,18.43,0.68763846,0.68763846,0.95050764,False
tree,3320,52010,20.49,0.6235391,0.6235391,1.0712634,True
tree,3321,52010,7.14,0.3409623,0.54489297,0.6726362,False
tree,3322,52010,16.86,0.4125563,0.5109675,0.79466933,True
tree,3323,52010,22.12,0.44291088,0.44291088,0.76676875,True
tree,3324,52010,14.36,0.4843254,0.5437926,0.8683464,False
tree,3325,52010,8.58,0.5186863,0.881199,0.8328259,True
tree,3326,52010,13.3,0.37797052,0.4321229,0.53805673,False
tree,3327,52010,19.85,0.5264548,0.5264548,0.6183332,True
tree,3328,52010,11.18,0.4042394,0.43622845,0.5620991,True
tree,3329,52011,5.54,0.9384304,0.9384304,0.9251179,False
tree,3330,52011,9.24,0.2422229,0.70595515,0.4330676,False
tree,3331,52011,10.44,0.7874739,1.3107451,0.983886,True
tree,3332,52011,10.61,0.9858738,1.228815,1.234201,True
tree,3333,52011,6.03,0.8416117,0.952619,0.91160583,True
tree,3334,52011,9.91,0.99400264,0.99400264,0.887339,True
tree,3335,52011,8.57,0.96762156,1.0470095,0.95002764,True
tree,3336,52011,9.7,0.76402104,0.76402104,0.8149618,True
tree,3337,52011,7.59,0.9608874,0.9608874,0.89799654,True
tree,3338,52011,9.8,1.0153636,1.0878729,0.9145729,True
tree,3339,52011,8.06,0.8405959,0.8405959,0.7608562,True
tree,3340,52011,3.96,0.7718812,0.7718812,1.0063096,False
tree,3341,52016,2.81,1.3582785,1.3582785,1.3345602,True
tree,3342,52016,10.43,1.7254514,1.7254514,1.4777539,True
tree,3343,52016,13.95,0.8332954,0.88674176,1.1474215,True
tree,3344,52016,8.89,0.65054417,0.76411146,0.8557821,False
tree,3345,52016,3.89,0.84592986,0.92875135,0.9451901,True
tree,3346,52016,7.63,0.5884663,0.6357608,0.878408,True
tree,3347,52016,9.75,0.69376904,0.69376904,0.9380182,True
tree,3348,52016,7.71,0.85584545,0.85584545,0.8261809,True
tree,3349,52016,4.61,0.6891221,0.84064317,0.81919456,True
tree,3350,52016,7.71,0.6771752,0.7427093,0.8613567,True
tree,3351,52016,6.06,0.6635386,0.6635386,0.74905413,False
tree,3352,52016,4.28,0.393036,0.5327781,0.68699515,False
tree,3353,53005,6.39,0.9593714,0.9593714,0.9993537,False
tree,3354,53005,11.97,0.59268534,0.70957756,0.8452943,True
tree,3355,53005,16.19,0.47683954,0.5278764,0.6522476,False
tree,3356,53005,16.08,0.6258278,0.6338715,0.7418751,False
tree,3357,53005,7.86,0.7464657,0.7464657,0.78827983,True
tree,3358,53005,17.67,0.5220446,0.54262245,0.80026793,True
tree,3359,53005,13.18,0.5546706,0.59490883,0.9414825,True
tree,3360,53005,8.67,0.6384183,0.7271237,0.93556696,False
tree,3361,53005,7.76,0.27755767,0.38220814,0.62355375,False
tree,3362,53005,13.73,0.65733445,0.65733445,0.8659083,True
tree,3363,53005,10.41,0.89634943,0.89634943,1.0156344,True
tree,3364,53005,5.17,0.65931803,0.69040585,0.78048944,False
tree,3365,53006,13.9,0.8546057,0.8546057,0.82043785,True
tree,3366,53006,15.73,0.62244916,0.62244916,0.8042875,False
tree,3367,53006,20.06,0.67663115,0.67663115,0.838218,False
tree,3368,53006,13.33,1.0335778,1.0335778,1.0412871,True
tree,3369,53006,7.29,0.8550869,0.98493314,1.0015721,True
tree,3370,53006,12.02,0.8697067,0.8697067,1.0580395,False
tree,3371,53006,13.28,0.89257103,0.89257103,1.2393972,True
tree,3372,53006,11.74,0.9112078,0.9112078,0.91139096,True
tree,3373,53006,7.14,0.6310482,0.91854024,0.9709386,False
tree,3374,53006,12.68,0.75892127,0.75892127,0.87019104,False
tree,3375,53006,9.74,1.153147,1.153147,1.0857474,True
tree,3376,53006,8.22,1.0007881,1.0007881,1.0094703,True
tree,3377,53007,7.67,1.0000374,1.0000374,1.0797306,True
tree,3378,53007,15.69,0.62765926,0.6548494,0.98199815,True
tree,3379,53007,15.1,0.7403197,0.8017268,1.0068233,False
tree,3380,53007,17.46,0.6951496,0.74280214,1.1649857,False
tree,3381,53007,6.98,0.95796454,0.95796454,0.99995005,True
tree,3382,53007,13.95,0.6035791,0.7030458,0.97283274,True
tree,3383,53007,14.25,0.7267403,0.7267403,1.1096945,True
tree,3384,53007,8.96,0.71378696,0.809021,1.0888294,False
tree,3385,53007,8.78,0.36771438,0.51884425,0.75574875,False
tree,3386,53007,11.89,0.7858368,0.7858368,0.96192914,True
tree,3387,53007,10.39,1.0020146,1.0020146,1.1810971,True
tree,3388,53007,6.66,0.8520175,0.8520175,0.9122973,True
tree,3389,53008,6.99,0.7793994,0.7793994,0.91514325,True
tree,3390,53008,6.26,0.70703554,0.8148135,0.7981794,True
tree,3391,53008,16.51,0.51260906,0.51260906,0.6244139,True
tree,3392,53008,16.0,0.4930976,0.4930976,0.5696638,True
tree,3393,53008,5.38,0.6811217,0.6811217,0.8038605,True
tree,3394,53008,8.13,1.1521877,1.1521877,0.9698066,True
tree,3395,53008,4.95,1.1145034,1.1145034,1.3036513,True
tree,3396,53008,9.29,0.5984903,0.5984903,0.7612485,False
tree,3397,53008,3.67,0.9101021,0.9101021,0.9397193,False
tree,3398,53008,12.48,0.6220853,0.6220853,0.8231503,True
tree,3399,53008,12.88,0.5411684,0.5411684,0.7472669,False
tree,3400,53008,2.88,1.0177358,1.2465496,1.1246606,True
tree,3401,53009,6.76,0.91710186,0.9212729,0.9277514,True
tree,3402,53009,11.72,0.69938916,0.867204,0.92823654,True
tree,3403,53009,12.32,0.70330393,0.9165385,0.80414814,True
tree,3404,53009,14.31,0.7298905,0.7298905,0.7134229,False
tree,3405,53009,7.61,0.9602635,0.9602635,0.8399355,True
tree,3406,53009,14.63,0.7142856,0.7142856,0.87741023,True
tree,3407,53009,12.28,0.718805,0.718805,1.0293796,True
tree,3408,53009,7.91,0.6982075,0.7713462,0.92343825,False
tree,3409,53009,6.7,0.34081706,0.4848649,0.64146626,False
tree,3410,53009,12.89,0.67870104,0.67870104,0.81819415,True
tree,3411,53009,9.76,1.0925298,1.0925298,1.0691873,True
tree,3412,53009,5.27,0.62536997,0.70936376,0.80160797,False
tree,3413,53013,6.19,0.7406525,0.7406525,0.9065405,False
tree,3414,53013,8.2,0.6495714,0.6495714,0.83770907,True
tree,3415,53013,13.13,0.4436912,0.44869247,0.69185,False
tree,3416,53013,13.75,0.64513564,0.64513564,1.0591246,True
tree,3417,53013,5.71,0.8172112,0.87585104,0.91264683,True
tree,3418,53013,8.08,0.48522338,0.6123504,0.7745253,False
tree,3419,53013,8.23,0.6464826,0.70876276,0.91047883,True
tree,3420,53013,6.64,0.3678481,0.39025405,0.65484065,False
tree,3421,53013,6.53,0.28948054,0.45370027,0.6321958,False
tree,3422,53013,14.23,0.5568206,0.5568206,0.751968,True
tree,3423,53013,10.64,0.64297444,0.64297444,0.86574286,True
tree,3424,53013,8.7,0.5529362,0.5529362,0.96603066,True
tree,3425,53018,6.11,0.5825225,0.7608752,0.8040054,False
tree,3426,53018,7.92,0.6414767,0.6414767,0.72298044,True
tree,3427,53018,11.64,0.7263825,0.7263825,0.62511104,True
tree,3428,53018,13.33,0.61172146,0.61172146,0.7088777,False
tree,3429,53018,6.6,0.73701656,0.73701656,0.8078147,True
tree,3430,53018,7.97,1.0866194,1.0866194,1.01715,True
tree,3431,53018,6.93,0.851366,0.851366,0.98693997,True
tree,3432,53018,6.04,0.85244995,0.85244995,0.8276046,False
tree,3433,53018,4.34,0.46544838,0.6463785,0.7956969,False
tree,3434,53018,7.14,0.8776468,0.8776468,0.8084011,False
tree,3435,53018,3.61,0.8261198,0.9408787,0.92901057,True
tree,3436,54001,6.72,0.34285995,0.67388695,0.57869875,True
tree,3437,54001,5.23,0.5977497,1.1266048,0.75602764,True
tree,3438,54001,7.26,0.546758,0.9167313,0.6954514,True
tree,3439,54001,9.0,0.83360183,1.0178205,0.89913946,True
tree,3440,54001,5.03,0.60775745,1.0928943,0.7980828,True
tree,3441,54001,6.9,0.56386244,0.94908524,0.759442,True
tree,3442,54001,4.13,0.7504484,1.2009783,0.9130164,True
tree,3443,54001,5.07,0.53846335,0.9488019,0.7219626,True
tree,3444,54001,5.54,0.48497418,0.80550647,0.5986553,False
tree,3445,54001,10.23,0.575309,0.91793776,0.7376523,False
tree,3446,54001,9.55,0.48439285,1.1021911,0.7406408,True
tree,3447,54001,9.78,0.49328268,0.91358316,0.6481694,True
tree,3448,54002,3.46,0.8699785,0.8699785,0.9142194,True
tree,3449,54002,4.54,0.7122709,0.9908939,0.8847237,True
tree,3450,54002,10.21,0.86896956,0.86896956,0.6756585,True
tree,3451,54002,6.34,0.9261683,0.9261683,0.8428635,False
tree,3452,54002,2.83,0.80574346,0.80574346,0.8764108,True
tree,3453,54002,7.32,0.48281717,0.9850298,0.7707039,True
tree,3454,54002,3.03,1.2850686,1.2850686,1.3927103,True
tree,3455,54002,5.63,0.75486284,0.8057337,0.9094962,False
tree,3456,54002,2.54,1.0617709,1.0617709,1.1959566,False
tree,3457,54002,9.31,0.71627754,0.80246574,0.726447,True
tree,3458,54002,7.28,0.6166182,0.78754896,0.7180416,False
tree,3459,54002,3.65,0.8765677,0.8765677,0.94294184,True
tree,3460,54003,84.73,0.30512762,0.34850922,0.6306261,True
tree,3461,54003,32.45,0.51842135,0.60204893,0.7591816,True
tree,3462,54003,38.51,0.6340693,0.6603498,0.85000634,True
tree,3463,54003,29.76,0.7121404,0.9336199,0.99871683,True
tree,3464,54003,18.32,0.38117635,0.46343717,0.5654531,False
tree,3465,54003,46.77,0.43979263,0.43979263,0.62715393,False
tree,3466,54003,14.23,0.19889191,0.4602224,0.35596052,True
tree,3467,54003,18.48,0.51053184,0.51053184,0.5482411,False
tree,3468,54003,46.02,0.6050007,0.64234585,0.9061282,True
tree,3469,54003,54.04,0.48084602,0.48084602,0.68412024,False
tree,3470,54003,70.29,0.5452803,0.5452803,0.8559184,True
tree,3471,54003,57.55,0.6794427,0.6794427,0.99834776,True
tree,3472,54004,3.57,0.7012427,0.79781806,1.0538243,False
tree,3473,54004,5.9,0.75963575,0.75963575,0.9262731,False
tree,3474,54004,20.59,0.44100332,0.44100332,0.6295873,True
tree,3475,54004,6.43,0.96646094,0.96646094,0.93815887,True
tree,3476,54004,3.44,0.7835284,0.7835284,0.85249287,True
tree,3477,54004,10.2,0.73049456,0.73049456,0.89609283,False
tree,3478,54004,4.94,0.8430062,0.8430062,1.1620995,True
tree,3479,54004,8.71,0.71295714,0.7674381,0.8833525,True
tree,3480,54004,3.97,0.8214368,0.88637954,0.76348096,False
tree,3481,54004,7.73,0.69881546,0.69881546,0.77628946,True
tree,3482,54004,5.48,0.47610137,0.47610137,0.6654833,False
tree,3483,54005,15.47,0.49768567,0.90885574,0.7343638,True
tree,3484,54005,8.87,1.2751408,1.2751408,1.146698,True
tree,3485,54005,10.44,0.88912565,0.99924046,0.922379,True
tree,3486,54005,14.75,0.71509016,0.96605927,0.90203935,True
tree,3487,54005,8.55,0.71329087,1.103424,0.9276859,True
tree,3488,54005,10.23,1.105146,1.3443007,1.2042714,True
tree,3489,54005,6.32,0.7271864,1.0351816,0.9441194,False
tree,3490,54005,7.6,0.704657,0.9175909,0.86534005,False
tree,3491,54005,9.95,0.93009365,0.93009365,0.8317395,False
tree,3492,54005,12.7,0.89313763,1.3842942,1.0475363,True
tree,3493,54005,10.66,1.4167749,1.6162369,1.3700701,True
tree,3494,54005,20.23,0.864843,0.864843,0.81182456,True
tree,3495,54007,4.04,0.48195603,0.5013033,0.6873269,False
tree,3496,54007,11.63,0.48764563,0.48764563,0.66722095,True
tree,3497,54007,23.32,0.47568405,0.47568405,0.69063896,True
tree,3498,54007,10.77,0.22078793,0.23001851,0.39516225,False
tree,3499,54007,4.96,0.3511155,0.3511155,0.55989856,False
tree,3500,54007,16.56,0.4720518,0.4720518,0.78925574,False
tree,3501,54007,6.38,0.7621177,0.7748104,1.2370524,True
tree,3502,54007,15.24,0.42011213,0.4487135,0.7295321,True
tree,3503,54007,9.86,0.54849887,0.54849887,0.8218064,True
tree,3504,54007,26.5,0.33995098,0.33995098,0.5982934,True
tree,3505,54007,14.87,0.43438387,0.43438387,0.52493757,True
tree,3506,54007,11.74,0.2055774,0.20660703,0.49082717,False
tree,3507,54008,4.91,0.776553,0.776553,0.87799245,False
tree,3508,54008,10.06,0.85228723,0.85228723,0.9151597,True
tree,3509,54008,11.68,0.6471159,0.7570707,0.72174543,True
tree,3510,54008,11.68,0.92014813,0.9406822,0.94594294,True
tree,3511,54008,7.34,0.7289498,0.7289498,0.7964597,False
tree,3512,54008,8.91,0.6024941,0.70503664,0.81101304,False
tree,3513,54008,8.6,0.6907458,0.6907458,0.76191694,True
tree,3514,54008,6.88,0.8025018,0.8025018,0.7231141,True
tree,3515,54008,6.79,0.87157243,0.9487108,0.91008896,True
tree,3516,54008,19.32,0.7711333,0.7711333,0.7595822,True
tree,3517,54008,15.33,0.574592,0.58251697,0.7273786,True
tree,3518,54008,12.91,0.6380275,0.67154366,0.72135514,True
tree,3519,54012,1.7,0.5193846,0.5193846,0.4182914,False
tree,3520,54012,3.67,1.1710824,1.1710824,1.0188451,True
tree,3521,54012,3.58,0.65167016,0.9653888,0.9225379,False
tree,3522,54012,3.13,1.110477,1.110661,1.1003445,False
tree,3523,54012,2.1,0.6610152,0.95518273,0.86198336,True
tree,3524,54012,2.97,1.1538136,1.2924198,1.0554091,True
tree,3525,54012,2.41,0.8170941,1.1957251,0.942186,True
tree,3526,54012,2.49,0.86121255,0.9506171,0.7952036,False
tree,3527,54012,3.12,0.7275708,1.4714055,0.99721676,True
tree,3528,54012,4.15,1.0916601,1.7296983,1.1202036,True
tree,3529,54012,4.14,1.3799107,1.3799107,1.2344052,True
tree,3530,54012,3.18,1.2704387,1.334219,1.0722051,True
tree,3531,54015,6.89,0.4762509,0.4762509,0.4792453,True
tree,3532,54015,11.65,0.37632218,0.37632218,0.4722452,False
tree,3533,54015,40.9,0.2939101,0.2939101,0.4674279,True
tree,3534,54015,12.69,0.5613815,0.5613815,0.6012514,True
tree,3535,54015,5.87,0.39656588,0.39656588,0.5016798,False
tree,3536,54015,16.15,0.46300548,0.46300548,0.59878564,False
tree,3537,54015,7.79,0.76065856,0.76065856,0.83986735,True
tree,3538,54015,42.54,0.12990923,0.14254625,0.23825464,True
tree,3539,54015,5.92,0.2191937,0.3306071,0.47967705,False
tree,3540,54015,31.3,0.32940346,0.32940346,0.3988863,True
tree,3541,54015,14.38,0.57888466,0.57888466,0.5487313,True
tree,3542,54015,9.45,0.7699033,0.7699033,0.6965629,True
tree,3543,54017,6.55,0.5185686,0.5185686,0.70640707,True
tree,3544,54017,9.77,0.738061,0.738061,0.7709441,True
tree,3545,54017,17.23,0.71968126,0.71968126,0.69984084,True
tree,3546,54017,13.53,0.85226196,0.85226196,0.8665102,True
tree,3547,54017,11.09,0.5118903,0.5118903,0.5820555,True
tree,3548,54017,12.87,0.7270944,0.7270944,0.6491453,True
tree,3549,54017,9.56,0.6432241,0.6432241,0.8401058,True
tree,3550,54017,11.63,0.28897628,0.28897628,0.38483256,False
tree,3551,54017,9.89,0.24876507,0.36822504,0.4087126,False
tree,3552,54017,19.39,0.65927225,0.65927225,0.7378349,True
tree,3553,54017,21.73,0.5408529,0.6434223,0.6590997,True
tree,3554,54017,7.45,0.2801807,0.5834874,0.537607,True
tree,3555,54018,2.7,0.5199459,0.5199459,0.8689995,False
tree,3556,54018,13.45,0.45437443,0.45437443,0.6373536,False
tree,3557,54018,9.55,0.6759924,0.6759924,0.7852707,False
tree,3558,54018,9.6,0.6505539,0.90232617,0.9119603,True
tree,3559,54018,8.07,0.53341836,0.54360324,0.7066872,True
tree,3560,54018,6.8,0.74151886,0.74151886,0.92111,True
tree,3561,54018,7.26,0.70963615,0.70963615,0.8978659,True
tree,3562,54018,6.67,0.71593827,0.71593827,0.80611694,True
tree,3563,54018,16.81,0.9370261,0.9370261,0.88049525,True
tree,3564,54018,18.79,0.54669285,0.54669285,0.70532835,True
tree,3565,54018,14.05,0.6887021,0.6887021,0.7541452,True
tree,3566,54018,10.98,0.82446486,0.82446486,0.8202371,True
tree,3567,54019,3.02,0.4969523,1.0787218,0.9478846,True
tree,3568,54019,5.02,0.818371,1.1402291,1.0379243,True
tree,3569,54019,9.51,0.6435052,0.85842216,0.868363,True
tree,3570,54019,7.12,0.75763994,0.8142751,0.9923002,False
tree,3571,54019,2.97,0.48076737,0.7177696,0.79541683,False
tree,3572,54019,10.79,0.41161406,0.82420987,0.92693,True
tree,3573,54019,2.55,0.74914736,0.95102715,0.866546,False
tree,3574,54019,6.39,0.41977122,0.714108,0.68894446,False
tree,3575,54019,2.15,1.0297396,1.1426948,1.1269901,False
tree,3576,54019,9.08,0.57806706,0.62781507,0.72987986,False
tree,3577,54019,12.27,0.5896453,0.5896453,0.7772253,True
tree,3578,54019,3.51,0.48138306,1.009704,1.031786,False
tree,3579,54020,1.78,0.9326488,0.9326488,0.83683383,False
tree,3580,54020,3.5,0.94284,1.0111334,0.84902495,False
tree,3581,54020,5.79,0.8976938,0.8976938,0.91635364,False
tree,3582,54020,5.24,1.0288776,1.0288776,1.0153427,True
tree,3583,54020,2.95,1.0329146,1.0329146,1.0029372,True
tree,3584,54020,4.73,1.2311851,1.2311851,1.005106,True
tree,3585,54020,2.62,1.4354146,1.4354146,1.3253585,True
tree,3586,54020,4.66,0.8077357,0.977726,0.9565324,True
tree,3587,54020,4.45,0.9764902,2.0315537,1.4482754,True
tree,3588,54020,6.55,1.087507,1.087507,0.9233916,False
tree,3589,54020,6.03,1.2751012,1.3693212,1.1016093,True
tree,3590,54020,4.63,1.0702755,1.1178886,0.96156967,True
tree,3591,54024,0.82,1.8170729,1.8261367,1.9031872,False
tree,3592,54024,2.32,0.87475616,0.9135548,1.0658298,False
tree,3593,54024,3.17,0.7972089,1.0900942,1.1664505,True
tree,3594,54024,3.35,0.8070509,0.9525588,1.1189084,True
tree,3595,54024,1.83,0.4998718,0.9735898,1.0174922,True
tree,3596,54024,2.76,0.8100923,1.4113644,1.4290605,True
tree,3597,54024,1.97,0.72806114,1.3036268,1.2339019,True
tree,3598,54024,2.02,0.90767556,1.1815326,1.1355556,True
tree,3599,54024,1.34,0.8957468,2.5946765,1.7193196,True
tree,3600,54024,6.25,0.9614351,0.9614351,1.0900986,True
tree,3601,54024,4.22,0.79550284,0.8346727,1.0102065,True
tree,3602,54024,2.11,1.4695393,1.6278821,1.3943068,True
tree,3603,54025,19.93,0.6989317,0.6989317,0.99938047,True
tree,3604,54025,16.69,1.4326458,1.4326458,1.2020466,True
tree,3605,54025,16.69,0.96711576,0.96711576,1.1283226,True
tree,3606,54025,17.33,0.91506755,1.5048615,1.2104448,False
tree,3607,54025,21.22,0.78874326,0.78874326,0.91551477,False
tree,3608,54025,34.85,0.82780534,0.82780534,1.0193757,True
tree,3609,54025,15.4,0.6628916,0.6628916,0.8139517,True
tree,3610,54025,16.85,0.68287146,0.68287146,0.9709641,False
tree,3611,54025,23.26,0.86256456,0.86256456,0.89836425,True
tree,3612,54025,23.3,1.0357165,1.0357165,1.0030195,False
tree,3613,54025,23.85,1.0009512,1.0009512,1.0216575,True
tree,3614,54025,48.39,0.8798864,0.8798864,1.007611,True
tree,3615,54027,1.66,1.1130141,1.2581735,1.1976885,False
tree,3616,54027,4.08,0.754138,0.754138,0.72427934,False
tree,3617,54027,7.56,0.5747165,0.6540222,0.6797209,False
tree,3618,54027,6.41,0.7483247,0.7746947,0.7430064,False
tree,3619,54027,3.13,0.8659591,0.8659591,0.80044013,True
tree,3620,54027,5.45,0.94117755,1.2748936,0.9562125,True
tree,3621,54027,1.77,1.1836712,1.1836712,1.1074017,True
tree,3622,54027,3.88,0.79487926,0.79487926,0.82701015,False
tree,3623,54027,2.08,0.74587506,0.74587506,0.9178174,False
tree,3624,54027,5.75,0.48758277,0.6954203,0.6727383,False
tree,3625,54027,7.52,0.68655604,0.6969577,0.74962103,True
tree,3626,54027,1.91,0.8993349,0.8993349,0.91942096,False
tree,3627,54028,32.47,0.7458445,0.7458445,0.7453637,True
tree,3628,54028,23.65,0.6506253,0.6506253,0.9028531,True
tree,3629,54028,24.4,0.6432988,0.6432988,0.8026756,True
tree,3630,54028,20.08,0.8471242,0.8471242,1.0586264,False
tree,3631,54028,13.91,0.7760075,0.7760075,1.0270005,False
tree,3632,54028,31.19,0.4880078,0.556453,0.8211529,True
tree,3633,54028,10.97,0.8736601,0.8736601,0.90312153,True
tree,3634,54028,12.99,0.78561985,0.78561985,0.82353544,False
tree,3635,54028,23.54,0.5306207,0.7747002,0.8134475,True
tree,3636,54028,37.53,0.6096976,0.6096976,0.82902604,False
tree,3637,54028,45.11,0.7258157,0.7258157,0.9229738,True
tree,3638,54028,44.25,0.78452444,0.78452444,0.9480573,True
tree,3639,54029,4.37,0.5952993,0.68597424,0.82143915,False
tree,3640,54029,12.58,0.7522595,0.7522595,0.9083512,True
tree,3641,54029,12.0,0.77967095,0.77967095,0.80030346,True
tree,3642,54029,11.47,0.8480461,0.8653286,0.9208167,True
tree,3643,54029,6.76,0.7755084,0.7755084,0.8172321,False
tree,3644,54029,8.62,0.6282785,0.7270981,0.8122603,False
tree,3645,54029,10.31,0.6504659,0.6504659,0.78360474,True
tree,3646,54029,6.64,0.40652025,0.40652025,0.59991604,False
tree,3647,54029,5.75,1.1101253,1.1101253,1.1435508,True
tree,3648,54029,13.1,0.9987338,0.9987338,0.93702674,True
tree,3649,54029,11.18,0.69705904,0.69705904,0.8136869,True
tree,3650,54029,10.72,0.65908444,0.65908444,0.7680886,True
tree,3651,54032,4.14,0.32919148,0.5879597,0.45407835,False
tree,3652,54032,5.14,0.6188878,0.78437454,0.816091,False
tree,3653,54032,6.05,0.9689909,0.9689909,0.89511263,False
tree,3654,54032,6.87,0.8953304,1.082786,0.98923624,True
tree,3655,54032,4.06,0.9083428,1.0120106,0.82541907,False
tree,3656,54032,4.78,1.0639347,1.0639347,1.0113002,False
tree,3657,54032,4.35,1.1617241,1.1617241,0.93707716,True
tree,3658,54032,4.16,0.62336725,1.1265649,0.74741685,True
tree,3659,54032,4.53,0.632562,1.3133348,0.75271475,True
tree,3660,54032,6.87,0.9806601,1.3617718,1.1276689,False
tree,3661,54032,5.88,0.5580621,1.2770157,0.6636885,True
tree,3662,54032,5.86,0.66828936,1.1875186,0.7559753,True
tree,3663,54034,3.13,0.83085096,0.8607945,1.154189,False
tree,3664,54034,30.52,0.35742941,0.35742941,0.555235,True
tree,3665,54034,12.95,0.65799826,0.6610007,0.85528207,True
tree,3666,54034,9.8,0.47963595,0.47963595,0.7440213,False
tree,3667,54034,4.96,0.6801461,0.82321846,0.8645975,True
tree,3668,54034,11.06,0.62839687,0.62839687,0.85111946,True
tree,3669,54034,15.16,0.5722345,0.5722345,0.9203579,True
tree,3670,54034,7.1,0.61156636,0.6382772,0.79665947,False
tree,3671,54034,7.29,0.8794893,0.8794893,0.7903588,True
tree,3672,54034,60.97,0.17758246,0.20194921,0.2826817,True
tree,3673,54034,11.17,0.50204605,0.54289865,0.829592,False
tree,3674,54034,6.76,0.6963192,0.6963192,0.82368916,True
tree,3675,54036,4.73,0.8040021,0.8040021,1.1188447,True
tree,3676,54036,10.42,0.3965613,0.402024,0.75616854,True
tree,3677,54036,15.82,0.500676,0.6916711,0.89347726,True
tree,3678,54036,10.89,0.49071023,0.58338356,0.7178021,False
tree,3679,54036,5.78,0.5256093,0.5256093,0.6742979,False
tree,3680,54036,12.47,0.5555698,1.0572206,1.0055162,True
tree,3681,54036,5.46,1.2908037,1.2908037,1.679308,True
tree,3682,54036,6.65,0.41098264,0.46472055,0.7119609,False
tree,3683,54036,5.04,0.7507372,0.7684299,0.98559093,False
tree,3684,54036,17.96,0.62042475,0.62042475,0.88278794,True
tree,3685,54036,15.66,0.7772101,0.7772101,0.91997004,False
tree,3686,54036,4.88,0.44158897,0.4965697,0.70020854,False
tree,3687,54044,2.07,0.85919607,0.85919607,0.9222684,False
tree,3688,54044,8.36,1.0226586,1.0226586,0.7712663,True
tree,3689,54044,9.9,0.29479715,0.29479715,0.5391382,False
tree,3690,54044,3.23,1.2104901,1.2104901,1.1064544,True
tree,3691,54044,2.32,0.49392885,0.49392885,0.62075365,False
tree,3692,54044,3.44,1.045387,1.045387,1.3256121,False
tree,3693,54044,3.73,0.7344612,0.7344612,0.99244833,True
tree,3694,54044,2.38,0.9539556,1.0393481,1.0889084,True
tree,3695,54044,4.25,0.7868763,1.1416128,1.0408075,True
tree,3696,54044,18.29,0.5809355,0.5809355,0.7347326,True
tree,3697,54044,14.24,0.5632207,0.68809533,0.80411536,True
tree,3698,54044,2.93,0.8348915,1.2905217,1.2368504,True
tree,3699,54052,2.96,0.45881858,0.45881858,0.62515414,False
tree,3700,54052,6.89,0.6846262,1.0983863,0.99356365,True
tree,3701,54052,8.77,0.54320407,0.5549963,0.7804509,False
tree,3702,54052,3.7,1.0222818,1.0222818,1.1857786,False
tree,3703,54052,3.13,0.6590123,0.6590123,0.7842397,True
tree,3704,54052,3.64,1.2634068,1.2634068,1.0204011,True
tree,3705,54052,3.71,0.698646,0.79820704,0.96907747,True
tree,3706,54052,2.92,0.94733626,0.94733626,0.987427,False
tree,3707,54052,3.65,1.242083,1.242083,1.2906575,True
tree,3708,54052,18.31,0.42045203,0.42045203,0.57377076,True
tree,3709,54052,12.89,0.6041499,0.8463022,0.90795875,True
tree,3710,54052,3.89,0.7362745,0.97792614,1.0314364,True
tree,3711,54057,3.12,0.76711786,1.0217688,0.949914,True
tree,3712,54057,4.12,0.834801,1.1824298,0.9138088,True
tree,3713,54057,5.85,0.99953246,1.3272914,0.95743406,True
tree,3714,54057,6.47,0.84220344,0.92518467,0.9499003,False
tree,3715,54057,3.51,0.88344795,1.1418378,0.8838668,True
tree,3716,54057,4.19,0.6324055,1.3004199,0.75558436,True
tree,3717,54057,3.66,0.8378463,1.3862894,1.0688293,True
tree,3718,54057,4.08,0.8707065,1.1707914,0.86779296,True
tree,3719,54057,3.73,0.69424874,1.5241057,0.8555246,True
tree,3720,54057,5.25,0.78385496,0.9546086,0.86928564,False
tree,3721,54057,4.47,0.524916,0.8080454,0.5681695,False
tree,3722,55002,14.23,0.758951,0.758951,0.95503396,True
tree,3723,55002,13.27,0.8056468,0.88849175,0.90635777,False
tree,3724,55002,17.2,0.7535262,0.7535262,0.92815715,True
tree,3725,55002,19.11,0.9837926,0.9837926,1.0973437,True
tree,3726,55002,14.41,0.85673547,0.85673547,0.86370206,True
tree,3727,55002,18.02,0.71597385,0.71597385,0.8644893,False
tree,3728,55002,10.81,0.43864426,0.43864426,0.6427079,False
tree,3729,55002,13.55,0.75075465,0.75075465,0.8802219,True
tree,3730,55002,15.51,0.870655,0.870655,0.951101,True
tree,3731,55002,27.0,0.4644096,0.8001774,0.8009812,True
tree,3732,55002,26.32,0.59849197,0.6708725,0.78256667,True
tree,3733,55007,19.05,0.69860715,0.7580626,0.9381699,True
tree,3734,55007,21.14,0.6642586,0.6642586,0.93193305,False
tree,3735,55007,24.77,0.64173967,0.64173967,0.97348154,True
tree,3736,55007,24.37,0.8276537,0.84309924,1.112665,True
tree,3737,55007,18.04,0.7929667,0.7929667,0.8169899,True
tree,3738,55007,31.1,0.52090806,0.52090806,0.8023951,True
tree,3739,55007,16.16,0.36569253,0.4309034,0.6197831,False
tree,3740,55007,19.79,0.50710976,0.5953667,0.89529026,True
tree,3741,55007,24.84,0.75908744,0.75908744,0.9291614,True
tree,3742,55007,35.01,0.673921,0.673921,0.8413975,True
tree,3743,55007,37.09,0.7237587,0.7237587,0.86742294,True
tree,3744,55007,35.41,0.6631119,0.6631119,0.9435625,True
tree,3745,55008,82.36,0.6474319,0.6474319,0.92038965,True
tree,3746,55008,79.9,0.594958,0.594958,1.0309566,True
tree,3747,55008,35.79,0.6209292,0.7860867,0.89854085,False
tree,3748,55008,71.68,0.55771774,0.55771774,0.8988408,True
tree,3749,55008,69.12,0.6251396,0.6251396,0.8268954,True
tree,3750,55008,51.37,0.7782002,0.7782002,0.81030977,True
tree,3751,55008,51.96,0.6337434,0.73835236,0.67824996,False
tree,3752,55008,67.84,0.52012455,0.52012455,0.6368825,False
tree,3753,55008,74.11,0.78425336,0.78425336,0.8522488,True
tree,3754,55013,17.5,0.5044376,0.5044376,0.7788282,True
tree,3755,55013,14.34,0.68348944,0.95238924,0.93591064,True
tree,3756,55013,16.06,0.7064034,0.7064034,0.8647159,True
tree,3757,55013,17.5,0.84677434,0.84677434,1.0355258,True
tree,3758,55013,10.29,0.94029343,0.94029343,0.94477314,True
tree,3759,55013,12.01,0.9102609,1.1160485,0.98932034,True
tree,3760,55013,12.28,0.657561,0.657561,1.0255814,True
tree,3761,55013,8.85,0.761632,0.78883123,0.8653232,True
tree,3762,55013,8.3,0.7421089,0.8310107,0.9928628,False
tree,3763,55013,17.84,0.72795486,0.72795486,0.91282743,False
tree,3764,55013,16.68,1.0905954,1.0905954,1.0572075,True
tree,3765,55013,15.5,0.8739994,0.8739994,0.9604773,True
tree,3766,55014,9.68,0.636501,0.636501,0.86801904,True
tree,3767,55014,8.36,0.814287,0.94139373,0.8365052,True
tree,3768,55014,11.56,0.7813003,0.859635,0.8725533,True
tree,3769,55014,21.71,0.58516264,0.663611,0.7428211,True
tree,3770,55014,8.7,0.8886741,0.8886741,0.87383944,True
tree,3771,55014,12.37,0.6218613,0.6827007,0.73539424,True
tree,3772,55014,7.64,0.66945404,0.66945404,0.9006898,True
tree,3773,55014,8.45,0.6757437,0.6757437,0.64699596,True
tree,3774,55014,7.76,0.5502249,0.5502249,0.6884398,False
tree,3775,55014,30.24,0.55457675,0.55457675,0.6692789,True
tree,3776,55014,22.95,0.46930626,0.6174376,0.67211294,True
tree,3777,55014,19.71,0.57838535,0.57838535,0.5789621,True
tree,3778,55016,13.46,0.5507317,0.5507317,0.7993613,False
tree,3779,55016,22.8,0.460053,0.460053,0.72615683,False
tree,3780,55016,17.14,0.677394,0.677394,0.89651644,False
tree,3781,55016,21.95,0.60845464,0.626452,0.8850959,False
tree,3782,55016,14.73,0.8068878,0.8068878,0.82936203,True
tree,3783,55016,21.25,0.49208444,0.49208444,0.76363426,False
tree,3784,55016,17.72,0.31705016,0.36726546,0.5946312,True
tree,3785,55016,16.73,0.4728818,0.54121333,0.8051845,True
tree,3786,55016,26.96,0.51437277,0.51437277,0.6156721,True
tree,3787,55016,29.85,0.7658045,0.7658045,0.8446638,True
tree,3788,55016,31.05,0.722456,0.722456,0.91622883,True
tree,3789,55018,3.87,1.0398327,1.0398327,1.184586,True
tree,3790,55018,12.01,0.701932,0.701932,1.1349337,True
tree,3791,55018,13.04,0.66791695,0.66791695,0.8981061,False
tree,3792,55018,9.91,0.6432976,0.6608622,0.95829964,False
tree,3793,55018,4.85,0.9064225,0.9064225,1.0292227,True
tree,3794,55018,10.03,0.61921203,0.61921203,0.9747229,False
tree,3795,55018,8.25,0.8059155,0.86678034,1.1143285,True
tree,3796,55018,11.85,0.41860437,0.41860437,0.5661795,False
tree,3797,55018,2.81,1.0461245,1.8419758,1.7627773,True
tree,3798,55018,14.3,0.7505989,0.7505989,1.033037,False
tree,3799,55018,13.71,0.45510295,0.4580105,0.7691861,False
tree,3800,55018,4.42,0.7357776,0.8037052,1.2819003,False
tree,3801,55021,5.31,1.1914861,1.1914861,1.2284018,True
tree,3802,55021,8.71,0.6762731,0.6762731,0.77698475,False
tree,3803,55021,10.2,0.8307006,0.9031282,0.9167474,True
tree,3804,55021,13.53,0.807214,0.89542913,0.9616904,True
tree,3805,55021,6.61,0.86805534,0.86805534,0.90097123,True
tree,3806,55021,8.15,0.87514967,0.87514967,0.9011966,False
tree,3807,55021,5.41,1.0078132,1.01921,1.1987518,True
tree,3808,55021,6.66,0.81855124,0.81855124,0.7378086,False
tree,3809,55021,4.75,0.8630849,0.8630849,0.89788955,False
tree,3810,55021,16.72,0.96308583,0.96308583,0.85794896,True
tree,3811,55021,12.11,0.7693947,0.8558684,0.89366186,True
tree,3812,55021,12.09,0.6773656,0.7863169,0.8106274,True
tree,3813,55023,8.37,0.74794585,0.78879553,0.8962783,True
tree,3814,55023,8.28,1.0744523,1.0744523,0.9960029,True
tree,3815,55023,11.7,0.6672051,0.81550103,0.9220789,False
tree,3816,55023,12.93,0.87826955,1.1205989,1.0090107,True
tree,3817,55023,8.8,0.8667371,0.9906165,0.95265007,True
tree,3818,55023,9.31,1.0615302,1.2473264,1.0530112,True
tree,3819,55023,6.11,1.1018403,1.1408463,1.3118335,True
tree,3820,55023,6.82,0.7261397,0.9216124,0.9019967,False
tree,3821,55023,7.87,0.7576554,0.822199,0.6940708,False
tree,3822,55023,17.53,0.3910289,0.9894099,0.7595115,True
tree,3823,55023,13.47,0.5551457,0.9774391,0.8716351,True
tree,3824,55023,11.55,0.5474294,0.91039425,0.92132837,True
tree,3825,55025,11.29,0.6643048,0.6643048,1.1872154,True
tree,3826,55025,14.83,0.7495943,1.0320517,0.88610315,True
tree,3827,55025,16.02,0.6000674,0.6000674,0.8760512,True
tree,3828,55025,23.7,0.4997347,0.6886511,0.94136536,True
tree,3829,55025,12.47,0.5540684,0.6889239,0.85112655,True
tree,3830,55025,17.79,0.74370605,0.74370605,0.968037,True
tree,3831,55025,8.73,0.80377835,0.80377835,1.3998623,True
tree,3832,55025,9.52,0.52141696,0.5371777,0.93980795,False
tree,3833,55025,9.26,0.62355626,0.638982,0.759052,False
tree,3834,55025,40.89,0.44044796,0.44044796,0.74050796,True
tree,3835,55025,18.71,0.58175135,0.58175135,0.8861665,False
tree,3836,55025,16.15,0.58929574,0.58929574,0.8562149,True
tree,3837,55026,38.95,0.66159433,0.66159433,0.936649,True
tree,3838,55026,57.22,0.6198076,0.6198076,0.8482589,True
tree,3839,55026,37.3,0.67170024,0.67170024,1.0948964,True
tree,3840,55026,24.4,0.7564258,1.0219327,1.0364988,True
tree,3841,55026,36.29,0.66273445,0.66273445,0.9097636,True
tree,3842,55026,59.23,0.50294805,0.50294805,0.8307439,True
tree,3843,55026,34.23,0.42403084,0.42403084,0.63372713,False
tree,3844,55026,27.76,0.56733406,0.56733406,0.89698213,False
tree,3845,55026,37.0,0.76237917,0.76237917,0.7731933,True
tree,3846,55026,32.88,0.8242424,0.8242424,0.9229535,True
tree,3847,55026,40.26,0.84167534,0.84167534,0.9585064,True
tree,3848,55026,58.73,0.5852023,0.5852023,0.8179285,True
tree,3849,55029,7.13,0.56825244,0.58091724,0.908977,False
tree,3850,55029,22.9,0.57375383,0.752793,0.8910061,True
tree,3851,55029,22.73,0.5734135,0.5734135,0.8421432,True
tree,3852,55029,27.01,0.40227643,0.6886277,0.8943196,False
tree,3853,55029,12.0,0.6197451,0.6197451,0.7548953,False
tree,3854,55029,18.45,0.5348095,0.9759943,0.9373082,True
tree,3855,55029,22.1,0.5076407,0.5076407,1.0775994,True
tree,3856,55029,12.24,0.6191998,0.6191998,0.84082615,False
tree,3857,55029,12.56,0.38982707,0.43753183,0.6645445,False
tree,3858,55029,37.97,0.4629229,0.4629229,0.743294,False
tree,3859,55029,28.96,0.5115322,0.5115322,0.8156994,True
tree,3860,55029,11.12,0.6998247,0.703334,1.0640135,False
tree,3861,55032,32.21,0.47695637,0.47695637,0.6193915,True
tree,3862,55032,45.37,0.55448765,0.55448765,0.7256472,True
tree,3863,55032,36.62,0.58328444,0.58328444,1.0106483,False
tree,3864,55032,30.65,0.79419,0.79419,1.0310931,True
tree,3865,55032,27.5,0.40765333,0.4760348,0.5449098,False
tree,3866,55032,49.36,0.31511268,0.31511268,0.42318565,False
tree,3867,55032,41.37,0.13899098,0.15805355,0.29776877,False
tree,3868,55032,29.57,0.4501539,0.5432778,0.8537058,True
tree,3869,55032,29.1,0.49223128,0.7219432,0.76149803,True
tree,3870,55032,37.33,0.60195506,0.60195506,0.72464556,True
tree,3871,55032,39.87,0.86021245,0.86021245,0.9933248,True
tree,3872,55032,44.76,0.6001266,0.6001266,0.8630902,True
tree,3873,56001,13.25,0.90491587,0.9536012,1.0597636,True
tree,3874,56001,21.67,0.5928792,0.5928792,0.9354899,True
tree,3875,56001,25.35,0.6278345,0.6278345,0.8437834,False
tree,3876,56001,30.46,0.5948245,0.8268155,0.9182585,True
tree,3877,56001,23.08,0.7966685,0.7966685,0.90608186,True
tree,3878,56001,22.8,0.8747849,0.8747849,0.93307,False
tree,3879,56001,13.53,0.70068055,0.70068055,1.0565556,True
tree,3880,56001,13.06,0.78117585,0.78117585,0.92040044,True
tree,3881,56001,33.96,0.5997896,0.5997896,0.88208866,True
tree,3882,56001,46.74,0.53151494,0.5399391,0.73318934,True
tree,3883,56001,42.95,0.63346815,0.63346815,0.8548174,True
tree,3884,56001,24.88,0.70715666,0.70715666,0.9093033,True
tree,3885,56007,32.78,0.61081284,0.61081284,0.7329269,False
tree,3886,56007,32.51,1.1087489,1.1087489,1.0938015,True
tree,3887,56007,48.36,0.93894845,0.93894845,1.0782434,True
tree,3888,56007,54.63,0.73318815,0.73318815,0.86678547,False
tree,3889,56007,32.2,1.0034118,1.0034118,0.99477303,True
tree,3890,56007,59.11,0.8003887,0.8003887,0.85371214,True
tree,3891,56007,23.15,0.7354825,0.7354825,0.9451301,False
tree,3892,56007,44.37,0.7606504,0.7606504,0.7163964,True
tree,3893,56007,101.2,0.5665334,0.5665334,0.70311373,True
tree,3894,56007,80.6,0.59959716,0.59959716,0.78141767,True
tree,3895,56007,61.79,0.7458975,0.7458975,0.8908899,False
tree,3896,56007,46.12,1.1285083,1.1285083,1.1445961,True
tree,3897,56013,18.22,0.83722985,0.88039696,1.124001,True
tree,3898,56013,15.91,0.6817578,0.8449843,0.9848805,True
tree,3899,56013,27.06,0.6920726,0.6920726,1.0107434,True
tree,3900,56013,26.38,0.7382809,0.7382809,1.0663956,False
tree,3901,56013,17.81,0.7597932,0.8169163,0.85202473,True
tree,3902,56013,28.01,0.60907966,0.60907966,0.7981301,False
tree,3903,56013,18.49,0.5867482,0.5867482,0.8478534,True
tree,3904,56013,19.85,0.6111175,0.6111175,0.8365219,True
tree,3905,56013,34.4,0.8748355,0.8748355,0.97848576,True
tree,3906,56013,36.58,0.8882939,0.8882939,1.0842042,True
tree,3907,56013,33.04,0.9017217,0.9017217,1.03625,True
tree,3908,56013,31.28,0.64645684,0.64645684,0.95993686,True
tree,3909,57004,26.45,1.1924345,1.1924345,1.0612066,True
tree,3910,57004,36.13,0.50528157,0.588482,0.8756776,True
tree,3911,57004,40.12,0.93931836,0.93931836,0.9321492,True
tree,3912,57004,55.44,0.4381479,0.44199604,0.7653517,False
tree,3913,57004,28.87,0.67427367,0.8213495,0.8196718,True
tree,3914,57004,45.18,0.68299943,0.68299943,0.83602023,False
tree,3915,57004,16.62,0.5542013,0.5542013,0.8470961,False
tree,3916,57004,34.47,0.4583165,0.4583165,0.6031727,False
tree,3917,57004,64.77,0.6796646,0.6796646,0.6548051,True
tree,3918,57004,77.63,0.49674937,0.49674937,0.6398157,True
tree,3919,57004,60.5,0.6605211,0.6605211,0.766638,True
tree,3920,57004,40.67,0.59354335,0.59354335,0.84094256,True
tree,3921,57005,33.09,0.9503178,0.9503178,0.9202508,True
tree,3922,57005,37.68,0.5018564,0.55098706,0.8171215,True
tree,3923,57005,46.48,0.7045195,0.7045195,0.9262186,False
tree,3924,57005,48.97,0.5180234,0.5180234,0.8376284,False
tree,3925,57005,26.4,0.7699899,0.80398,0.8110072,True
tree,3926,57005,46.67,0.6219137,0.6219137,0.7644583,False
tree,3927,57005,18.1,0.5167808,0.5167808,0.8466002,False
tree,3928,57005,33.86,0.4605325,0.4605325,0.60249186,False
tree,3929,57005,54.71,0.8132495,0.8132495,0.7527985,True
tree,3930,57005,81.68,0.45061186,0.45061186,0.594727,True
tree,3931,57005,58.91,0.6751657,0.6751657,0.7595005,True
tree,3932,57005,44.57,0.6118876,0.6118876,0.8314321,True
tree,3933,57006,50.65,0.8534025,0.8534025,0.94808227,True
tree,3934,57006,45.85,0.6344775,0.6344775,0.63285893,True
tree,3935,57006,72.27,0.59239346,0.59239346,0.84894395,False
tree,3936,57006,47.28,0.5534485,0.5534485,0.85432345,False
tree,3937,57006,40.64,0.57614857,0.57614857,0.82470375,False
tree,3938,57006,67.05,0.5659042,0.5716941,0.7262182,False
tree,3939,57006,26.59,0.4829448,0.6966759,0.71425813,False
tree,3940,57006,53.59,0.5470087,0.5470087,0.67036086,True
tree,3941,57006,68.15,0.7346306,0.7346306,0.7745924,True
tree,3942,57006,90.86,0.446089,0.446089,0.61548656,True
tree,3943,57006,73.03,0.53279823,0.53279823,0.6910253,False
tree,3944,57006,56.62,0.6817079,0.6817079,0.8440715,True
tree,3945,57007,23.58,0.9197582,0.9197582,0.96771574,True
tree,3946,57007,35.03,0.47633913,0.5452456,0.8451101,True
tree,3947,57007,40.92,0.67911446,0.67911446,0.816786,True
tree,3948,57007,50.81,0.4452435,0.46112105,0.8189543,False
tree,3949,57007,29.11,0.66592073,0.72619116,0.82102,True
tree,3950,57007,37.4,0.5747927,0.5747927,0.731124,False
tree,3951,57007,12.17,0.7964505,0.7964505,0.7078118,True
tree,3952,57007,22.55,0.52391785,0.52391785,0.6053006,False
tree,3953,57007,53.49,0.7536852,0.7536852,0.7293617,True
tree,3954,57007,95.83,0.35083824,0.35083824,0.5109839,True
tree,3955,57007,61.06,0.68232006,0.68232006,0.76139194,True
tree,3956,57007,46.35,0.462406,0.462406,0.7454081,True
tree,3957,57008,20.06,0.8561028,0.8561028,0.97549444,True
tree,3958,57008,23.46,0.6058264,0.6058264,0.8624813,False
tree,3959,57008,30.44,0.6043333,0.6043333,0.8531598,False
tree,3960,57008,30.91,0.6255137,0.62605065,0.8932354,True
tree,3961,57008,18.57,0.7177358,0.7177358,0.80407166,False
tree,3962,57008,27.56,0.6620641,0.6620641,0.77006406,False
tree,3963,57008,15.22,0.6782776,0.6782776,0.9659843,True
tree,3964,57008,13.55,0.41573584,0.41573584,0.6618951,False
tree,3965,57008,21.93,0.9277844,0.9277844,0.9633633,True
tree,3966,57008,36.5,0.8396265,0.8396265,0.8342912,True
tree,3967,57008,31.56,0.7668173,0.7668173,0.85209024,True
tree,3968,57008,21.32,0.63454854,0.63454854,0.83489215,False
tree,3969,58001,54.46,0.45101506,0.7654333,0.747966,True
tree,3970,58001,23.04,0.48110834,0.58040404,0.72066593,False
tree,3971,58001,76.28,0.67173576,0.67173576,0.9056909,True
tree,3972,58001,20.24,0.71473205,0.7474219,0.8575187,False
tree,3973,58001,25.67,0.5770267,0.5770267,0.7603633,False
tree,3974,58001,32.83,0.5141229,0.5141229,0.6787769,False
tree,3975,58001,24.08,0.54715157,0.54715157,0.63736206,True
tree,3976,58001,24.6,0.6036891,0.6036891,0.76647866,False
tree,3977,58001,33.54,0.70893383,0.70893383,0.763048,False
tree,3978,58001,48.88,0.6494721,0.6494721,0.7902145,True
tree,3979,58001,40.85,0.74288076,0.74288076,0.8928628,True
tree,3980,58001,28.46,0.52338636,0.52687556,0.6875461,False
tree,3981,58006,45.15,0.5581411,0.5581411,0.8184707,True
tree,3982,58006,30.86,0.5087586,1.1028754,0.89136356,True
tree,3983,58006,62.69,0.6713661,0.6713661,0.9260888,True
tree,3984,58006,52.61,0.55852216,0.55852216,0.8642715,False
tree,3985,58006,35.89,0.7515481,0.7515481,0.78722996,True
tree,3986,58006,57.2,0.7460192,0.7460192,0.78890896,True
tree,3987,58006,23.03,0.45583385,0.8600138,0.72410625,True
tree,3988,58006,47.99,0.5896144,0.5896144,0.6120799,True
tree,3989,58006,99.33,0.5407868,0.5407868,0.6303969,True
tree,3990,58006,107.73,0.40471643,0.40471643,0.5699679,True
tree,3991,58006,57.99,0.8378694,0.8378694,0.8484525,True
tree,3992,58006,52.53,0.5859215,0.5859215,0.84972274,False
tree,3993,58008,47.93,0.84084,0.84084,0.9584132,True
tree,3994,58008,35.02,0.51477945,0.5579968,0.6758975,False
tree,3995,58008,64.02,0.7056143,0.7056143,0.958415,True
tree,3996,58008,52.17,0.5930505,0.5930505,0.7940847,True
tree,3997,58008,33.87,0.6154532,0.6154532,0.7333029,True
tree,3998,58008,48.57,0.59492147,0.59492147,0.76007664,True
tree,3999,58008,31.54,0.6201692,0.748364,0.8867655,True
tree,4000,58008,42.5,0.568538,0.568538,0.6619489,True
tree,4001,58008,56.12,0.73276705,0.73276705,0.85086274,True
tree,4002,58008,90.07,0.5136526,0.5136526,0.69901186,True
tree,4003,58008,69.55,0.56783617,0.56783617,0.8146302,False
tree,4004,58008,41.74,0.58949584,0.58949584,0.76700556,False
tree,4005,58009,27.04,0.7609714,0.87631077,0.9357134,True
tree,4006,58009,11.24,0.9406734,0.9406734,0.89601755,False
tree,4007,58009,41.38,0.74786776,0.74786776,1.0815766,True
tree,4008,58009,14.75,0.76298,0.76298,1.0303363,False
tree,4009,58009,15.16,0.702263,0.702263,0.99536675,False
tree,4010,58009,20.35,0.7965082,0.7965082,0.9324367,True
tree,4011,58009,19.97,0.6357726,0.71556383,0.93310016,True
tree,4012,58009,20.21,0.5953932,0.5953932,0.9899552,True
tree,4013,58009,20.25,1.1512277,1.1512277,1.0030303,True
tree,4014,58009,35.75,0.8744289,0.8744289,1.0102098,True
tree,4015,58009,26.3,0.7253812,0.7253812,0.87212384,True
tree,4016,58009,16.97,0.8815707,0.8815707,1.0766561,False
tree,4017,59001,47.52,0.7631694,0.79765993,1.0210309,True
tree,4018,59001,35.95,0.7618865,0.7618865,0.74420685,False
tree,4019,59001,68.91,0.62724334,0.62724334,0.8652002,True
tree,4020,59001,60.78,0.5874108,0.5874108,0.8128895,True
tree,4021,59001,33.62,0.6439601,0.6439601,0.8181549,False
tree,4022,59001,59.22,0.47031567,0.47031567,0.6604618,False
tree,4023,59001,35.69,0.6288182,0.6469127,0.9235646,True
tree,4024,59001,51.62,0.52078134,0.52078134,0.6562532,True
tree,4025,59001,92.35,0.57426834,0.57426834,0.67591876,True
tree,4026,59001,90.71,0.50088894,0.50088894,0.7068502,True
tree,4027,59001,80.08,0.5343099,0.5343099,0.7721186,False
tree,4028,59001,50.94,0.5814667,0.5814667,0.7665218,False
tree,4029,60002,23.77,0.6955872,0.7617062,0.9357869,True
tree,4030,60002,20.21,0.7392652,0.80148757,0.9452748,False
tree,4031,60002,30.77,0.5667505,0.5933714,0.8298827,True
tree,4032,60002,36.99,0.46336097,0.6479985,0.88794535,True
tree,4033,60002,24.95,0.6900793,0.6900793,0.8727608,True
tree,4034,60002,69.33,0.5035291,0.5035291,0.7460659,True
tree,4035,60002,17.62,0.5101601,0.7937304,0.7415377,True
tree,4036,60002,33.81,0.42599732,0.42599732,0.56932104,True
tree,4037,60002,78.73,0.33562467,0.61095625,0.65175575,True
tree,4038,60002,49.52,0.56639314,0.56639314,0.71468234,True
tree,4039,60002,63.72,0.5545887,0.5545887,0.7473163,True
tree,4040,60002,35.81,0.46084833,0.46084833,0.72846985,False
tree,4041,60003,19.66,0.8907035,0.8907035,1.0042524,True
tree,4042,60003,16.22,0.24771185,0.2514509,0.61505836,False
tree,4043,60003,27.72,0.66584855,0.66584855,0.94712514,True
tree,4044,60003,26.73,0.61676,0.61676,0.9375532,False
tree,4045,60003,24.42,0.6354436,0.6354436,0.8015087,False
tree,4046,60003,28.04,0.6145758,0.6922724,0.8590409,True
tree,4047,60003,20.91,0.4921386,0.4965912,0.7386604,False
tree,4048,60003,21.89,0.44454727,0.5219945,0.9020538,False
tree,4049,60003,30.81,0.45214185,0.64954543,0.7856126,False
tree,4050,60003,24.87,0.47405803,0.49777496,0.7598488,False
tree,4051,60003,31.02,0.9009934,0.9009934,1.005508,True
tree,4052,60003,26.91,0.6165946,0.89318657,0.7624998,True
tree,4053,60005,25.55,0.6707493,0.79677933,0.9106404,True
tree,4054,60005,25.51,0.617484,0.6852741,0.87227947,True
tree,4055,60005,45.07,0.44889715,0.44889715,0.78108615,True
tree,4056,60005,31.4,0.5123673,0.57816,0.84517306,False
tree,4057,60005,18.15,0.824547,0.8455944,0.93215454,True
tree,4058,60005,21.28,0.79608107,0.79608107,0.9058996,False
tree,4059,60005,10.55,0.55735886,0.8826591,0.8903985,True
tree,4060,60005,38.72,0.6081487,0.6081487,0.7359441,True
tree,4061,60005,45.18,0.80479914,0.80479914,0.876532,True
tree,4062,60005,45.21,0.78753453,0.78753453,0.93307775,True
tree,4063,60005,54.46,0.60256046,0.61054903,0.91810787,True
tree,4064,60005,24.26,0.67880744,0.67880744,0.9295518,False
tree,4065,60006,17.07,0.71126515,0.8922783,0.8714706,True
tree,4066,60006,16.42,0.86104935,0.86104935,0.97046673,True
tree,4067,60006,23.38,0.6744941,0.6744941,0.9555673,False
tree,4068,60006,31.27,0.6062443,0.63856703,1.0300893,True
tree,4069,60006,20.63,0.7782782,0.7782782,0.9025198,True
tree,4070,60006,39.61,0.6377548,0.6377548,0.9888873,True
tree,4071,60006,21.28,0.5684524,0.5684524,0.79585576,False
tree,4072,60006,17.84,0.78353363,0.78353363,0.8371904,True
tree,4073,60006,59.48,0.35088968,0.74544084,0.6963948,True
tree,4074,60006,44.09,0.5320737,0.5320737,0.73233134,True
tree,4075,60006,53.84,0.572166,0.572166,0.74319303,True
tree,4076,60006,30.51,0.85872424,0.85872424,0.85822046,True
tree,4077,60010,19.65,0.9322558,0.9322558,1.0005528,True
tree,4078,60010,17.95,0.8059722,0.8059722,0.9769327,True
tree,4079,60010,26.12,0.6491118,0.6491118,0.89060104,False
tree,4080,60010,24.25,0.58843875,0.7220816,0.77767366,False
tree,4081,60010,20.86,0.7710226,0.7710226,0.8657244,True
tree,4082,60010,35.41,0.59391856,0.59391856,0.74408066,True
tree,4083,60010,12.57,0.7281535,0.7281535,0.81512034,False
tree,4084,60010,24.52,0.56527776,0.56527776,0.69014066,True
tree,4085,60010,67.97,0.33269235,0.56095684,0.7043598,True
tree,4086,60010,52.4,0.49400714,0.49400714,0.6900632,True
tree,4087,60010,57.3,0.5012681,0.5012681,0.67236567,True
tree,4088,60010,21.82,0.6371163,0.6577499,0.80219406,False
tree,4089,61002,24.89,0.6746296,0.6746296,0.9115796,True
tree,4090,61002,18.85,0.6976672,0.6976672,1.1368393,False
tree,4091,61002,34.29,0.5701918,0.5701918,0.9031087,True
tree,4092,61002,23.5,0.5914695,0.75442433,1.045201,False
tree,4093,61002,23.46,0.87517214,0.87517214,0.99675274,True
tree,4094,61002,30.77,0.6201273,0.64062303,0.89720225,True
tree,4095,61002,23.87,0.5825616,0.5825616,0.97591335,False
tree,4096,61002,23.14,0.4816396,0.48428333,0.8870395,False
tree,4097,61002,26.71,0.759319,0.7635927,0.84718573,True
tree,4098,61002,24.22,0.9026272,0.9552176,1.0296571,True
tree,4099,61002,38.63,0.6728158,0.6728158,0.82172716,True
tree,4100,61002,20.1,0.7482929,0.99533516,0.98521745,True
tree,4101,62001,17.1,0.9092025,0.9092025,0.9875013,True
tree,4102,62001,10.93,0.9382041,1.0820204,1.1148685,False
tree,4103,62001,20.7,0.7379414,0.7379414,0.96533465,False
tree,4104,62001,21.33,0.84973216,0.84973216,0.8255526,True
tree,4105,62001,16.89,0.8573493,0.8573493,0.92617345,True
tree,4106,62001,22.77,0.7824668,0.7824668,0.82437307,True
tree,4107,62001,16.41,0.7984257,0.7984257,0.8030504,True
tree,4108,62001,13.21,0.61039144,1.0366912,0.95456254,True
tree,4109,62001,57.41,0.40310284,0.512654,0.6741957,True
tree,4110,62001,29.35,0.68577915,0.68577915,0.7934097,True
tree,4111,62001,44.39,0.64306337,0.64306337,0.7721452,True
tree,4112,62001,21.84,0.7324049,0.8338859,0.849044,True
tree,4113,63001,46.48,0.5228227,0.5228227,0.7699189,True
tree,4114,63001,57.4,0.59126306,0.59126306,0.6743283,True
tree,4115,63001,43.83,0.5997251,0.5997251,0.8701771,True
tree,4116,63001,23.97,0.65750474,0.65750474,0.88401306,False
tree,4117,63001,25.9,0.5756713,0.65941197,0.7295229,True
tree,4118,63001,37.94,0.4990273,0.4990273,0.76072276,False
tree,4119,63001,30.19,0.38757432,0.3942951,0.5683349,False
tree,4120,63001,34.37,0.45870662,0.5160887,0.8372725,False
tree,4121,63001,38.99,0.5181372,0.5807012,0.7656099,True
tree,4122,63001,31.16,0.64028144,0.7874361,0.75873035,True
tree,4123,63001,52.32,0.7072775,0.7072775,0.8419228,True
tree,4124,63001,32.51,0.63333887,0.63333887,0.8243531,True
tree,4125,64002,65.09,0.53467864,0.53467864,0.8512403,True
tree,4126,64002,74.51,0.39289248,0.39289248,0.487308,True
tree,4127,64002,46.91,0.51849717,0.51849717,0.85537714,False
tree,4128,64002,18.43,0.8547219,1.1673832,1.0457308,False
tree,4129,64002,21.61,1.0324986,1.0324986,1.006761,True
tree,4130,64002,42.84,0.6452533,0.786379,1.0287606,False
tree,4131,64002,21.61,0.8649112,0.8649112,0.968412,False
tree,4132,64002,59.75,0.4101665,0.4101665,0.60419405,False
tree,4133,64002,31.19,0.8298651,0.8534471,1.2526442,False
tree,4134,64002,54.79,0.45072317,0.45072317,0.5653482,False
tree,4135,64002,83.61,0.52820665,0.5529945,0.7716863,True
tree,4136,64002,54.14,0.5287639,0.53910154,0.9139538,False
tree,4137,65001,77.81,0.5736735,0.5736735,0.833679,False
tree,4138,65001,71.22,0.52274054,0.52274054,0.67178184,False
tree,4139,65001,55.77,0.94465345,0.94465345,0.94410515,True
tree,4140,65001,40.34,0.7659652,0.7659652,0.7190633,False
tree,4141,65001,76.85,0.47790474,0.47790474,0.88072044,False
tree,4142,65001,123.99,0.49284148,0.49284148,0.93212026,True
tree,4143,65001,74.56,0.6483277,0.6483277,0.81614035,True
tree,4144,65001,106.78,0.52548337,0.52548337,0.71630615,False
tree,4145,65001,98.24,0.53160465,0.53160465,0.8553285,False
tree,4146,65001,138.46,0.37208122,0.37208122,0.6008263,True
tree,4147,65001,97.56,0.5716606,0.5716606,0.65336514,False
tree,4148,65001,96.4,0.6322386,0.6322386,0.91175246,False
tree,4149,65005,17.17,0.5144415,0.5144415,1.0968388,False
tree,4150,65005,29.94,0.48725086,0.48725086,0.6892985,True
tree,4151,65005,31.81,0.47154716,0.60224277,0.77958983,True
tree,4152,65005,22.16,0.5252507,0.5252507,0.90953046,False
tree,4153,65005,19.4,0.7648024,0.7648024,0.9857647,False
tree,4154,65005,35.77,0.6771434,0.757981,0.80985695,True
tree,4155,65005,25.0,0.3777119,0.5163734,0.6832055,False
tree,4156,65005,45.38,0.6026542,0.6026542,0.7596284,True
tree,4157,65005,21.82,0.82433355,1.3730062,1.4559047,True
tree,4158,65005,28.96,0.51790947,0.51790947,0.74909586,False
tree,4159,65005,33.15,0.8507862,0.8507862,0.9341261,True
tree,4160,65005,40.61,0.81610626,1.4025966,1.2086062,True
tree,4161,65008,126.16,0.52066374,0.52066374,0.7906846,False
tree,4162,65008,144.65,0.31381515,0.31381515,0.49829146,False
tree,4163,65008,127.5,0.42363477,0.42363477,0.61137056,False
tree,4164,65008,94.96,0.42797875,0.54056525,0.85906243,False
tree,4165,65008,109.35,0.3718616,0.3718616,0.6244758,False
tree,4166,65008,244.38,0.25615677,0.27967772,0.47756994,False
tree,4167,65008,118.47,0.6209369,0.6209369,0.78822994,True
tree,4168,65008,171.17,0.43473068,0.43473068,0.679678,False
tree,4169,65008,113.03,0.7735997,0.7735997,0.78714484,True
tree,4170,65008,230.91,0.3067592,0.3067592,0.6559086,False
tree,4171,65008,207.65,0.32588673,0.4102472,0.524474,False
tree,4172,65008,150.17,0.51417226,0.5964525,0.7614999,True
tree,4173,66001,10.46,0.53506213,0.53506213,0.55867255,True
tree,4174,66001,10.12,0.83697957,0.83697957,0.83370864,True
tree,4175,66001,18.96,0.72356045,0.72356045,0.77270824,True
tree,4176,66001,11.85,0.70169914,0.70169914,0.7379223,True
tree,4177,66001,5.62,0.74509984,0.74509984,0.7344033,False
tree,4178,66001,15.74,0.7697184,0.7697184,0.76216346,False
tree,4179,66001,6.54,1.0763015,1.0763015,0.9764057,True
tree,4180,66001,7.37,0.6547596,0.81008565,0.6991902,True
tree,4181,66001,12.7,0.6341186,0.9105587,0.704042,True
tree,4182,66001,12.32,1.0532674,1.0532674,0.96455926,True
tree,4183,66001,12.28,1.4552675,1.4552675,1.2762591,True
tree,4184,66001,10.38,0.76986647,0.76986647,0.8320433,True
tree,4185,66004,1.58,0.9900503,1.026748,1.0490277,False
tree,4186,66004,5.16,1.191419,1.191419,1.248514,False
tree,4187,66004,8.12,0.9570708,1.4367995,1.1700578,True
tree,4188,66004,2.83,1.747935,1.747935,1.4227983,True
tree,4189,66004,1.57,1.3602493,1.3602493,1.1535357,False
tree,4190,66004,5.77,0.99535495,1.4799285,1.1868552,True
tree,4191,66004,4.36,1.3321779,1.596406,1.4416819,True
tree,4192,66004,3.26,1.010223,1.0832363,0.97161067,False
tree,4193,66004,9.2,1.441341,1.4959925,1.1833435,True
tree,4194,66004,4.03,1.3597578,1.7088645,1.4715699,True
tree,4195,66004,8.49,1.3163383,1.8939366,1.3478098,True
tree,4196,66004,3.29,1.813573,1.813573,1.5397534,True
tree,4197,66011,106.34,0.56384045,0.56384045,0.76853764,True
tree,4198,66011,39.76,0.5051332,0.5051332,0.77835023,False
tree,4199,66011,43.95,0.91294515,0.91294515,0.95547616,True
tree,4200,66011,37.6,0.6858371,0.6858371,1.072955,False
tree,4201,66011,45.78,0.5623132,0.5623132,0.7770313,False
tree,4202,66011,94.02,0.6467965,0.6467965,0.9854964,True
tree,4203,66011,28.43,0.49262953,0.8087593,0.8181658,False
tree,4204,66011,71.26,0.5731405,0.5731405,0.7256479,True
tree,4205,66011,114.31,0.42730707,0.42730707,0.7059802,True
tree,4206,66011,78.04,0.5090163,0.57823914,0.85671383,False
tree,4207,66011,81.29,0.56898236,0.56898236,0.7184631,False
tree,4208,66011,60.56,0.819649,0.819649,0.9507038,True
tree,4209,67001,43.72,0.6278897,0.67315966,0.79822177,False
tree,4210,67001,18.92,0.900354,1.0442365,1.0188533,True
tree,4211,67001,27.15,0.7508249,0.8699777,0.86091465,True
tree,4212,67001,19.88,0.9134725,1.0195093,1.0174376,True
tree,4213,67001,18.18,1.1395311,1.1395311,1.0844489,True
tree,4214,67001,36.26,0.71844107,0.7320781,0.9894932,True
tree,4215,67001,12.45,1.0782965,1.0782965,0.9909872,True
tree,4216,67001,17.22,1.0044546,1.0044546,0.9019816,True
tree,4217,67001,38.1,0.62143093,0.65176946,0.8595971,True
tree,4218,67001,32.94,0.7284711,0.8150233,0.9313904,True
tree,4219,67001,37.87,0.8373378,0.9069713,1.1702505,True
tree,4220,67001,23.82,0.76561415,0.76561415,0.87878007,False
tree,4221,67006,51.75,0.46743706,0.46743706,0.70755297,True
tree,4222,67006,15.75,1.1879871,1.1879871,1.2515373,True
tree,4223,67006,25.12,0.8884685,0.8884685,0.9029025,True
tree,4224,67006,17.29,0.8294835,0.8575535,0.94364786,False
tree,4225,67006,11.75,0.7560642,0.7560642,1.1008687,False
tree,4226,67006,39.83,0.67779446,0.76134086,0.92390513,True
tree,4227,67006,11.52,0.6572854,1.0673312,0.9719563,True
tree,4228,67006,11.73,0.56453794,0.751829,0.8566578,False
tree,4229,67006,38.98,0.5215499,0.5215499,0.7765144,True
tree,4230,67006,31.7,0.693403,0.693403,1.0396279,False
tree,4231,67006,41.43,0.8906228,0.8906228,1.0873175,True
tree,4232,67006,25.06,0.70763844,0.70763844,0.93023175,True
tree,4233,67008,4.29,0.61229014,0.61229014,0.87546873,False
tree,4234,67008,9.69,0.81607753,1.0440469,1.0235848,True
tree,4235,67008,9.27,1.0299329,1.0395995,0.9316085,True
tree,4236,67008,6.66,1.0012639,1.0012639,1.1086788,False
tree,4237,67008,3.23,0.9474185,0.9474185,1.0601039,False
tree,4238,67008,7.05,1.2194638,1.2194638,1.0002583,True
tree,4239,67008,4.59,1.2691265,1.2691265,1.1590904,True
tree,4240,67008,6.65,0.7450652,0.7450652,0.93258524,True
tree,4241,67008,11.03,1.2865603,1.2865603,1.0129668,True
tree,4242,67008,8.79,1.0301896,1.0301896,1.0458786,True
tree,4243,67008,11.95,1.3075806,1.3075806,1.1993809,True
tree,4244,67008,5.7,1.0637157,1.0637157,1.1429614,True
tree,4245,67015,31.61,0.6774072,0.6774072,0.7471791,True
tree,4246,67015,13.19,0.9494567,0.9494567,1.0540057,True
tree,4247,67015,18.59,0.8974509,0.8974509,0.88687295,True
tree,4248,67015,17.47,0.8549717,0.85693353,0.89603806,False
tree,4249,67015,11.31,0.95568234,0.95568234,0.8818055,True
tree,4250,67015,23.55,1.1666265,1.1666265,1.0214279,True
tree,4251,67015,8.33,1.1241701,1.1241701,0.9971613,True
tree,4252,67015,8.42,0.9756003,1.0704702,1.0778024,True
tree,4253,67015,22.3,0.6307354,0.6307354,0.77179193,False
tree,4254,67015,27.11,0.7715246,0.7715246,0.8822152,False
tree,4255,67015,35.79,0.9637592,0.9637592,1.0150115,True
tree,4256,67015,18.28,0.8237491,0.8237491,0.9455406,True
tree,4257,67018,107.2,0.48716792,0.48716792,0.7138277,True
tree,4258,67018,52.57,0.67089766,0.67089766,0.74831736,True
tree,4259,67018,52.25,0.7282717,0.7282717,0.9746671,False
tree,4260,67018,40.58,0.93456316,0.93456316,0.8117195,False
tree,4261,67018,57.85,0.7704725,0.7704725,0.9451967,True
tree,4262,67018,69.36,0.64413726,0.64413726,0.6872924,False
tree,4263,67018,33.38,0.76446444,0.76446444,0.842066,False
tree,4264,67018,55.78,0.81947356,0.81947356,0.92913604,True
tree,4265,67018,73.87,0.5939926,0.5939926,0.718333,False
tree,4266,67018,72.79,0.5619623,0.7132789,0.8273343,True
tree,4267,67018,76.19,0.7630458,0.7630458,0.84414667,True
tree,4268,67018,64.87,0.8738184,0.8738184,1.0778242,True
tree,4269,68001,3.23,0.703161,0.703161,0.67726094,False
tree,4270,68001,8.52,0.9313431,1.2187177,1.0073636,True
tree,4271,68001,7.66,0.5652584,0.5652584,0.7148693,False
tree,4272,68001,4.2,0.8146664,0.9989507,0.93302196,True
tree,4273,68001,3.34,0.65100074,0.65100074,0.6753834,False
tree,4274,68001,4.64,0.8392118,1.0340029,0.86099434,False
tree,4275,68001,4.24,1.0781422,1.0781422,1.0162431,True
tree,4276,68001,5.8,0.6762779,0.6762779,0.69691586,True
tree,4277,68001,8.63,1.1627522,1.1627522,0.9735105,True
tree,4278,68001,11.04,1.2431995,1.2431995,1.0373752,True
tree,4279,68001,11.16,1.2732028,1.2732028,1.2390136,True
tree,4280,68001,5.48,0.830754,0.830754,0.75373477,True
tree,4281,68003,8.94,0.58776003,0.58776003,0.6247855,False
tree,4282,68003,11.19,0.566613,0.70511526,0.70985675,True
tree,4283,68003,9.3,0.86014545,0.86014545,0.91676915,True
tree,4284,68003,5.32,0.87603766,0.87603766,0.94079894,False
tree,4285,68003,6.93,0.6788443,0.6788443,0.84800804,False
tree,4286,68003,6.64,0.7592218,0.8318063,0.81143016,False
tree,4287,68003,7.68,0.53668934,0.5555007,0.640959,False
tree,4288,68003,7.01,0.55302674,0.6043639,0.6861973,True
tree,4289,68003,12.51,0.6810468,0.6810468,0.6731043,True
tree,4290,68003,20.84,0.67129004,0.67129004,0.71697104,True
tree,4291,68003,21.22,0.60817784,0.80288893,0.7530865,True
tree,4292,68003,10.38,0.73223203,0.73223203,0.74772894,False
tree,4293,68004,4.89,0.6101454,0.6101454,1.0264018,False
tree,4294,68004,8.45,0.58755744,0.58755744,0.8566061,False
tree,4295,68004,9.59,0.6793466,0.76952046,0.94232035,True
tree,4296,68004,4.81,0.66005045,0.66005045,0.87912536,False
tree,4297,68004,3.82,0.5707302,0.5707302,0.6227661,False
tree,4298,68004,7.73,0.37984425,0.41774368,0.65497035,False
tree,4299,68004,3.57,0.5751136,0.5751136,0.75944906,False
tree,4300,68004,6.0,0.19941948,0.19941948,0.32404354,False
tree,4301,68004,13.9,0.52873904,0.52873904,0.5239012,True
tree,4302,68004,20.75,0.63392097,0.63392097,0.5918833,True
tree,4303,68004,20.25,0.83533627,0.83533627,0.7316006,True
tree,4304,68004,8.06,0.54625744,0.54625744,0.6293682,True
tree,4305,68005,3.68,0.45158952,0.45158952,0.62344176,False
tree,4306,68005,7.59,0.905443,1.4163914,0.97107774,True
tree,4307,68005,8.32,0.49532178,0.51563776,0.60344577,False
tree,4308,68005,6.05,0.6432566,0.64403903,0.6831634,False
tree,4309,68005,4.06,0.5739793,0.5739793,0.5512669,True
tree,4310,68005,6.41,0.78296584,0.78296584,0.654881,True
tree,4311,68005,4.85,0.7964072,0.7964072,0.8091474,True
tree,4312,68005,5.46,0.5603402,0.56583834,0.59839994,True
tree,4313,68005,7.8,1.1242085,1.1636316,0.9584037,True
tree,4314,68005,17.17,0.6862294,0.6862294,0.70618165,True
tree,4315,68005,15.8,0.9122823,0.9122823,0.958326,True
tree,4316,68005,5.41,0.528397,0.71181375,0.66551995,True
tree,4317,69002,21.91,0.74685043,0.78849924,1.036079,True
tree,4318,69002,42.87,0.6576787,0.6576787,0.9666847,False
tree,4319,69002,23.16,0.6309289,0.7014777,0.9324019,False
tree,4320,69002,15.65,0.721775,0.721775,1.0673611,True
tree,4321,69002,18.62,0.9275771,0.9275771,1.0814945,True
tree,4322,69002,74.43,0.47563174,0.47563174,0.8196529,True
tree,4323,69002,14.54,0.8047916,0.8047916,0.94933546,False
tree,4324,69002,18.26,0.75326616,0.75326616,0.9560142,True
tree,4325,69002,37.94,0.6053268,0.6053268,0.9113954,False
tree,4326,69002,42.7,0.54368836,0.54368836,0.87137926,True
tree,4327,69002,45.0,0.7793533,0.7793533,0.963822,True
tree,4328,69002,30.46,0.76667726,0.76667726,1.0454556,True
tree,4329,69015,34.58,0.43042147,0.4340019,0.74111027,True
tree,4330,69015,22.9,0.6600403,0.6600403,0.7946893,False
tree,4331,69015,16.6,0.63351697,0.63351697,0.85887766,True
tree,4332,69015,13.01,0.68115354,0.70221937,0.94025064,True
tree,4333,69015,21.98,0.68783444,0.68783444,0.7265789,True
tree,4334,69015,17.87,0.69980526,0.69980526,0.86169624,False
tree,4335,69015,28.23,0.37146935,0.37254384,0.56712097,True
tree,4336,69015,14.12,0.80373824,0.80373824,0.7874161,False
tree,4337,69015,21.61,0.8721718,0.8721718,1.0001484,False
tree,4338,69015,21.09,1.1180445,1.1180445,1.0609895,True
tree,4339,69015,27.44,1.1053493,1.1053493,1.1980778,True
tree,4340,69015,31.11,1.0478657,1.0478657,1.1965094,True
tree,4341,69027,29.17,0.4821259,0.4821259,0.79385364,True
tree,4342,69027,23.55,0.72112966,0.72112966,0.9048486,True
tree,4343,69027,18.23,0.66074234,0.66074234,0.8774901,True
tree,4344,69027,11.42,0.74233204,0.74233204,1.128658,False
tree,4345,69027,20.65,0.85731775,0.85731775,0.8838896,True
tree,4346,69027,30.06,0.5773542,0.5773542,0.90991294,True
tree,4347,69027,16.47,0.60890675,0.6380966,0.84888244,False
tree,4348,69027,35.99,0.626494,0.626494,0.840574,False
tree,4349,69027,28.69,0.6926252,0.6926252,0.92975515,False
tree,4350,69027,40.07,0.7607949,0.7607949,0.99727416,True
tree,4351,69027,32.44,0.7300115,0.7300115,1.0126904,True
tree,4352,71001,32.15,0.56996185,0.56996185,0.89903784,False
tree,4353,71001,42.57,0.63556856,0.63556856,0.8348157,False
tree,4354,71001,25.29,0.6716495,0.6716495,0.99977154,False
tree,4355,71001,17.36,0.6572752,0.6572752,0.9835399,True
tree,4356,71001,22.12,0.8222634,0.8222634,1.0098583,True
tree,4357,71001,57.06,0.75549304,0.75549304,1.0386236,False
tree,4358,71001,24.38,0.5476127,0.87570316,0.87593734,True
tree,4359,71001,23.93,0.8193282,0.8193282,0.9342159,True
tree,4360,71001,40.19,0.6116677,0.6116677,0.8575064,False
tree,4361,71001,50.89,0.6562806,0.6562806,0.9875611,True
tree,4362,71001,38.86,0.8255887,0.8779447,0.9926073,True
tree,4363,71001,32.98,0.71057224,0.71057224,0.9657072,True
tree,4364,71004,27.76,0.72120404,0.72120404,0.99544764,True
tree,4365,71004,50.62,0.6166878,0.6166878,0.9081079,True
tree,4366,71004,21.69,0.7138255,0.7138255,1.001964,False
tree,4367,71004,12.25,0.7979886,0.81606627,1.1220428,True
tree,4368,71004,24.63,0.91158694,0.91158694,1.0702671,True
tree,4369,71004,67.5,0.6371785,0.6371785,0.9052424,True
tree,4370,71004,21.69,0.54565847,0.8468169,0.7591644,True
tree,4371,71004,21.53,0.6711978,0.6711978,0.81978244,True
tree,4372,71004,35.0,0.64669245,0.64669245,0.88412786,False
tree,4373,71004,48.2,0.6697289,0.6697289,0.90975696,True
tree,4374,71004,27.93,0.9640061,1.055107,1.0705236,True
tree,4375,71004,29.86,0.7873065,0.7873065,0.98476285,True
tree,4376,71006,36.89,0.7170122,0.7170122,0.93033135,True
tree,4377,71006,39.41,0.7587943,0.7587943,0.87254196,False
tree,4378,71006,24.01,0.71382535,0.71382535,1.0376431,False
tree,4379,71006,15.93,0.7517325,0.7517325,1.0536904,False
tree,4380,71006,24.57,0.7244114,0.7244114,0.9619423,True
tree,4381,71006,45.2,1.0757219,1.0757219,1.1290958,True
tree,4382,71006,26.01,0.5287797,0.7596203,0.8672107,True
tree,4383,71006,23.2,0.881263,0.881263,0.8939692,True
tree,4384,71006,39.29,0.70542866,0.70542866,0.92287004,False
tree,4385,71006,41.83,0.86301833,0.86301833,1.1776946,True
tree,4386,71006,36.39,0.89527845,0.92699903,1.086501,True
tree,4387,71006,29.8,0.99306357,0.99306357,1.1529971,True
tree,4388,72002,31.15,0.5004125,0.5004125,0.76228046,True
tree,4389,72002,41.35,0.8072409,0.8072409,0.8002435,True
tree,4390,72002,29.07,0.56135935,0.56135935,0.8287712,True
tree,4391,72002,14.96,0.559006,0.6072794,0.90216404,True
tree,4392,72002,15.34,0.41410598,0.4443698,0.7167932,False
tree,4393,72002,47.34,0.9286319,0.9286319,0.9187075,True
tree,4394,72002,19.57,0.6466724,0.6466724,0.7206453,False
tree,4395,72002,34.72,0.7378155,0.7378155,0.76637053,True
tree,4396,72002,37.97,0.5823148,0.7699321,0.7928485,True
tree,4397,72002,26.59,0.97232866,0.97232866,1.1796714,True
tree,4398,72002,30.89,1.1960986,1.1960986,1.2478665,True
tree,4399,72002,28.66,0.7943492,0.84032935,0.89665866,True
tree,4400,72004,55.5,0.6695031,0.6695031,0.8889825,True
tree,4401,72004,42.61,0.74391437,0.74391437,1.0199184,True
tree,4402,72004,27.71,0.7344999,0.7344999,1.0107085,False
tree,4403,72004,19.29,0.7956418,0.91342336,1.0182875,True
tree,4404,72004,30.07,0.57007474,0.57007474,0.825036,True
tree,4405,72004,126.26,0.4537925,0.4537925,0.709897,True
tree,4406,72004,27.36,0.59987307,0.66154563,0.9138712,True
tree,4407,72004,54.89,0.5553201,0.5553201,0.7743897,True
tree,4408,72004,43.99,0.49208903,0.49208903,0.7823507,False
tree,4409,72004,51.43,0.5936782,0.5936782,1.033542,False
tree,4410,72004,44.72,0.83237326,0.83237326,1.0215427,True
tree,4411,72004,38.27,0.8548316,0.8548316,1.1223913,True
tree,4412,72005,87.49,0.5793734,0.5793734,0.80212975,False
tree,4413,72005,55.57,0.42814988,0.42814988,0.6652865,False
tree,4414,72005,37.91,0.6580608,0.6580608,0.8566857,False
tree,4415,72005,39.8,0.7903179,0.7903179,1.0247424,True
tree,4416,72005,45.72,0.64434755,0.64434755,0.83813024,True
tree,4417,72005,180.5,0.34288487,0.34288487,0.6219794,True
tree,4418,72005,36.26,0.49849102,0.54689413,0.7826465,True
tree,4419,72005,75.67,0.48531708,0.48531708,0.7125896,True
tree,4420,72005,50.96,0.8782595,0.8782595,1.0529188,True
tree,4421,72005,59.19,0.8132808,0.8132808,0.8813496,True
tree,4422,72005,73.3,0.8875105,0.8875105,0.992483,True
tree,4423,72005,51.0,0.80550057,0.80550057,1.0596763,True
tree,4424,73005,53.74,0.75855345,0.75855345,0.9119472,True
tree,4425,73005,34.52,0.49601147,0.49601147,0.8137276,False
tree,4426,73005,29.03,0.8265129,0.8265129,1.016254,False
tree,4427,73005,27.32,0.75323296,0.85665125,0.984245,True
tree,4428,73005,32.97,0.72919667,0.72919667,0.8414288,False
tree,4429,73005,159.17,0.34009385,0.34009385,0.577024,True
tree,4430,73005,23.49,0.53263015,0.53263015,0.7998143,False
tree,4431,73005,59.03,0.5784914,0.5784914,0.8552742,True
tree,4432,73005,48.77,0.77749574,0.77749574,0.98473084,True
tree,4433,73005,42.22,1.0593497,1.0593497,1.0637327,True
tree,4434,73005,53.41,0.5997651,0.5997651,0.8636242,False
tree,4435,73010,28.77,0.91803443,1.0961794,1.1129748,True
tree,4436,73010,22.92,0.92402434,0.92402434,0.9932067,False
tree,4437,73010,23.63,1.0849689,1.0849689,1.0265913,True
tree,4438,73010,21.37,1.1308968,1.1308968,1.0084858,True
tree,4439,73010,32.87,0.80998254,0.80998254,0.89365387,False
tree,4440,73010,61.78,0.5105893,0.5407224,0.6643809,True
tree,4441,73010,19.53,1.0017661,1.0017661,0.97236305,True
tree,4442,73010,22.57,0.9260012,0.9260012,0.9905134,True
tree,4443,73010,26.99,0.87102866,0.87102866,0.89478666,False
tree,4444,73010,34.76,0.775638,0.775638,0.7848457,False
tree,4445,73010,30.42,0.76576996,0.76576996,0.832152,False
tree,4446,73010,40.91,0.82602537,0.82602537,0.86941975,True
tree,4447,73011,56.34,0.75790066,0.75790066,0.89904386,True
tree,4448,73011,34.78,0.47996548,0.47996548,0.7277723,False
tree,4449,73011,33.28,0.61643684,0.61643684,0.7698966,False
tree,4450,73011,29.42,0.64103246,0.64103246,0.85356456,True
tree,4451,73011,30.79,0.6178307,0.707556,0.8786132,False
tree,4452,73011,133.48,0.44166052,0.44166052,0.68801993,True
tree,4453,73011,22.55,0.55544466,0.55544466,0.8211409,False
tree,4454,73011,66.15,0.49383911,0.49383911,0.725883,True
tree,4455,73011,49.3,0.82103366,0.82103366,0.9868454,True
tree,4456,73011,47.36,0.8596611,0.8596611,0.9164985,False
tree,4457,73011,42.88,1.0222583,1.0222583,1.0771362,True
tree,4458,73011,44.61,0.80248815,0.80248815,1.0317491,False
tree,4459,74001,65.16,0.82365847,0.82365847,1.0124336,True
tree,4460,74001,91.92,0.52441907,0.52441907,0.7482722,True
tree,4461,74001,40.84,0.8284096,0.8284096,0.9921118,True
tree,4462,74001,42.16,1.0716497,1.0716497,1.0189906,True
tree,4463,74001,36.58,0.78355116,0.78355116,0.9661914,False
tree,4464,74001,66.79,0.7166863,0.7674923,0.9425695,False
tree,4465,74001,39.22,0.94073814,0.94073814,1.0190042,False
tree,4466,74001,57.26,0.7334006,0.7334006,0.8421709,False
tree,4467,74001,71.64,0.79785675,0.79785675,0.97588056,True
tree,4468,74001,48.59,1.0091765,1.0091765,0.94780886,True
tree,4469,74001,63.97,0.7145769,0.7145769,0.92039716,False
tree,4470,74001,116.44,0.548059,0.6211578,0.9788172,True
tree,4471,74006,45.87,0.77858686,0.77858686,0.98807657,True
tree,4472,74006,72.25,0.5957892,0.5957892,0.8313033,True
tree,4473,74006,37.01,1.0472487,1.0472487,0.9479218,True
tree,4474,74006,53.55,0.7964911,0.7964911,0.8689203,True
tree,4475,74006,36.03,0.6780411,0.6780411,1.0172521,False
tree,4476,74006,48.63,0.75427014,0.75427014,0.8884134,True
tree,4477,74006,34.25,0.753094,0.753094,0.98771775,True
tree,4478,74006,49.41,0.6652886,0.6652886,0.90701616,True
tree,4479,74006,51.78,0.80763507,0.80763507,0.96906525,False
tree,4480,74006,36.81,0.6179084,0.6179084,0.8465668,False
tree,4481,74006,44.69,0.7149171,0.7149171,0.89596283,False
tree,4482,74006,69.97,0.6663711,0.8447759,1.1576812,True
tree,4483,75003,25.3,1.0003295,1.0563676,1.0981067,True
tree,4484,75003,29.08,0.6585815,0.6585815,0.78222483,False
tree,4485,75003,22.6,0.95784885,0.95784885,0.9378718,True
tree,4486,75003,26.27,0.9617133,0.9617133,0.9149668,False
tree,4487,75003,24.51,1.042958,1.042958,1.137262,True
tree,4488,75003,81.32,0.39645228,0.39645228,0.53185135,False
tree,4489,75003,15.7,0.9763924,1.0850668,0.9184094,True
tree,4490,75003,21.31,0.84191006,0.84191006,0.86836165,True
tree,4491,75003,22.24,0.80702406,0.9421948,0.8876459,False
tree,4492,75003,31.41,0.8028241,0.8028241,0.8303896,False
tree,4493,75003,27.44,0.78102815,0.78102815,0.814691,False
tree,4494,75003,34.56,0.7410827,0.76921564,0.93857336,True
tree,4495,75004,36.83,1.1294116,1.1294116,1.0698338,True
tree,4496,75004,46.32,0.5728955,0.5909355,0.6935224,True
tree,4497,75004,27.03,0.56132823,0.56132823,0.7647863,False
tree,4498,75004,28.34,0.77834785,0.77834785,1.0234649,False
tree,4499,75004,23.35,1.1259899,1.1259899,1.223665,True
tree,4500,75004,95.35,0.5223999,0.5223999,0.8347099,True
tree,4501,75004,23.92,0.72386354,0.7529337,0.8965934,True
tree,4502,75004,57.64,0.6833117,0.6833117,1.0254564,True
tree,4503,75004,32.19,1.0309163,1.0309163,0.9948879,True
tree,4504,75004,37.85,0.65705734,0.65705734,0.8641306,False
tree,4505,75004,30.12,0.9309185,0.9309185,0.96508205,False
tree,4506,75004,82.34,0.6314111,0.6314111,0.81412363,True
tree,4507,76005,35.92,0.6667812,0.6667812,0.9585537,False
tree,4508,76005,30.47,0.5222028,0.5222028,0.916216,False
tree,4509,76005,23.62,0.53079295,0.7707718,0.8086024,True
tree,4510,76005,24.88,0.65220565,0.85003346,0.963627,True
tree,4511,76005,17.61,0.45611328,0.49971077,0.81279784,False
tree,4512,76005,126.34,0.39430535,0.39430535,0.65173125,True
tree,4513,76005,12.58,0.60883933,0.60883933,0.74782336,False
tree,4514,76005,39.83,0.4815029,0.4815029,0.70496607,True
tree,4515,76005,33.12,0.7705746,0.7705746,0.9638702,True
tree,4516,76005,50.2,0.5335912,0.5335912,0.86762136,True
tree,4517,76005,30.3,0.6415702,0.6415702,0.7772308,False
tree,4518,76005,27.1,0.61947006,0.61947006,0.8908148,True
tree,4519,76007,20.86,0.8524369,0.8604499,1.0050355,True
tree,4520,76007,16.16,0.7601846,0.7601846,1.0212871,False
tree,4521,76007,18.43,0.62366456,0.69736177,0.90344596,True
tree,4522,76007,18.34,0.96604335,0.96604335,1.0140885,True
tree,4523,76007,15.75,0.73418134,0.73418134,0.89917064,True
tree,4524,76007,44.3,0.57866454,1.0194905,1.0264306,True
tree,4525,76007,8.32,0.6969831,0.81335855,0.86457896,False
tree,4526,76007,18.44,0.86792254,0.86792254,0.90605855,True
tree,4527,76007,20.21,1.0789036,1.0789036,1.1192831,True
tree,4528,76007,32.07,0.7009591,0.7009591,0.9662134,True
tree,4529,76007,19.19,0.8198254,0.8198254,0.9396779,False
tree,4530,76007,17.85,0.8960455,0.8960455,0.99795634,True
tree,4531,76008,41.2,0.7000314,0.7000314,0.88248104,True
tree,4532,76008,21.74,0.5638308,0.5638308,0.82325584,False
tree,4533,76008,22.26,0.4770838,0.4770838,0.84648114,False
tree,4534,76008,24.28,0.7262774,0.7262774,0.85666275,True
tree,4535,76008,34.72,0.6441474,0.75528413,0.8276426,True
tree,4536,76008,51.57,0.69390726,0.69390726,0.8519592,True
tree,4537,76008,19.51,0.49627653,0.5855887,0.80676293,True
tree,4538,76008,38.87,0.569027,0.569027,0.6980545,False
tree,4539,76008,51.57,0.45748383,0.45748383,0.72436666,False
tree,4540,76008,39.91,0.4184217,0.4184217,0.78556514,False
tree,4541,76008,32.62,0.8556987,0.8556987,0.9023514,True
tree,4542,76008,25.53,0.6287624,0.6287624,0.8841053,False
tree,4543,76011,77.39,0.673974,0.673974,0.9624775,True
tree,4544,76011,23.16,0.70772314,0.70772314,1.0408033,False
tree,4545,76011,25.12,0.8480559,0.8480559,0.8027259,False
tree,4546,76011,30.11,0.93048996,0.93048996,1.1492294,True
tree,4547,76011,38.69,1.1052215,1.1052215,1.1315386,True
tree,4548,76011,74.74,0.68890876,0.68890876,1.0738256,True
tree,4549,76011,23.59,0.74568933,1.0377795,1.0886799,False
tree,4550,76011,38.85,0.7890752,0.7890752,0.90686196,False
tree,4551,76011,39.07,0.6241205,0.6241205,0.8229736,False
tree,4552,76011,33.13,0.90783614,0.90783614,1.1046052,True
tree,4553,76011,34.03,0.8813396,0.8813396,1.0916066,True
tree,4554,77002,30.83,1.0945747,1.0945747,1.4462926,True
tree,4555,77002,28.06,0.5020627,0.5495212,0.9350635,False
tree,4556,77002,22.2,0.638491,0.638491,0.8710803,False
tree,4557,77002,38.44,0.6385641,0.6385641,0.96394944,False
tree,4558,77002,24.73,0.7025948,0.7025948,0.98892283,False
tree,4559,77002,67.23,0.6868639,0.6868639,0.9975711,True
tree,4560,77002,18.82,1.139476,1.139476,1.1141382,True
tree,4561,77002,39.59,0.5266083,0.5266083,0.668789,True
tree,4562,77002,28.97,1.076094,1.076094,1.0991406,True
tree,4563,77002,38.82,0.6794684,0.6794684,0.9040676,False
tree,4564,77002,34.97,0.64062995,0.6501685,0.969756,False
tree,4565,77002,55.79,0.8749787,0.8749787,1.073137,True
tree,4566,78003,22.73,0.6693123,0.6693123,0.79858094,False
tree,4567,78003,21.09,0.6758995,0.6758995,1.0150625,False
tree,4568,78003,18.03,0.62118363,0.75872445,0.88680494,False
tree,4569,78003,27.25,0.86719805,0.86719805,1.0684458,True
tree,4570,78003,17.64,0.6702392,0.6702392,0.974732,False
tree,4571,78003,31.99,0.84699464,0.84699464,0.9687344,True
tree,4572,78003,15.07,0.76451916,0.76451916,0.78715086,True
tree,4573,78003,23.5,0.5093977,0.5118653,0.6543375,False
tree,4574,78003,20.26,1.1056938,1.1056938,1.063182,True
tree,4575,78003,27.31,0.669249,0.669249,0.8414534,False
tree,4576,78003,19.7,0.7707164,0.7707164,0.88325405,False
tree,4577,78003,38.74,0.75911707,0.75911707,0.9135652,True
tree,4578,78004,34.97,0.80934244,0.80934244,1.0537318,True
tree,4579,78004,34.62,0.46006316,0.51793253,0.8388697,False
tree,4580,78004,32.44,0.6828632,0.6828632,0.8714178,False
tree,4581,78004,47.87,0.6325952,0.6325952,0.84270215,False
tree,4582,78004,38.31,0.86579716,0.86579716,0.98225856,True
tree,4583,78004,47.13,1.0481771,1.0481771,1.1207308,True
tree,4584,78004,26.99,0.6197413,0.6197413,0.7390301,False
tree,4585,78004,58.14,0.3831167,0.3831167,0.52799284,True
tree,4586,78004,37.35,0.4598132,0.4598132,0.62186635,False
tree,4587,78004,43.51,0.5591436,0.5591436,0.70746416,False
tree,4588,78004,38.07,0.6980538,0.6980538,0.76059467,True
tree,4589,78004,58.59,0.7807395,0.7807395,0.9186243,True
tree,4590,79002,25.2,0.5636574,0.7532146,0.9156122,True
tree,4591,79002,38.86,0.7694763,0.7694763,0.99061537,True
tree,4592,79002,26.24,0.8168837,0.8168837,1.052999,True
tree,4593,79002,43.11,0.64395726,0.64395726,0.9457199,True
tree,4594,79002,22.9,0.8073959,0.8073959,0.97525674,False
tree,4595,79002,41.2,0.6545287,0.67969185,1.0827732,False
tree,4596,79002,15.64,0.9142131,0.9142131,0.8831568,True
tree,4597,79002,33.97,0.42860213,0.42860213,0.5651801,True
tree,4598,79002,24.61,0.8268871,0.8268871,0.8690905,True
tree,4599,79002,34.57,0.43836886,0.43836886,0.64375454,False
tree,4600,79002,29.41,0.769071,0.769071,0.8523114,True
tree,4601,79002,33.29,0.82038945,0.82038945,0.9350571,True
tree,4602,79003,33.77,0.37901655,0.73492265,0.74666554,True
tree,4603,79003,37.65,0.8448092,0.8448092,0.9809202,True
tree,4604,79003,28.9,0.6309507,0.898772,0.90642536,True
tree,4605,79003,62.96,0.46036783,0.46036783,0.69793177,True
tree,4606,79003,37.51,1.033281,1.033281,0.91970634,True
tree,4607,79003,47.76,0.5751893,0.5949397,0.84850544,False
tree,4608,79003,18.44,0.74121916,1.1100504,1.0295442,True
tree,4609,79003,31.99,0.5436006,0.5436006,0.61881524,False
tree,4610,79003,30.79,0.7303312,0.7303312,0.79262024,False
tree,4611,79003,31.54,0.56944895,0.56944895,0.6534102,False
tree,4612,79003,30.14,0.6786798,0.6786798,0.76241,True
tree,4613,79003,27.84,0.91036844,0.91036844,1.0379431,False
tree,4614,79004,33.45,1.0271329,1.0271329,0.89398736,True
tree,4615,79004,45.52,0.70235604,0.70235604,0.95996004,True
tree,4616,79004,35.11,0.7118232,0.7118232,0.9826852,True
tree,4617,79004,39.66,0.6778403,0.9254153,0.95604837,False
tree,4618,79004,30.91,0.9236424,0.9236424,1.0621351,True
tree,4619,79004,61.1,0.83924776,0.83924776,0.99406093,True
tree,4620,79004,21.59,0.77956516,0.77956516,0.99043304,False
tree,4621,79004,56.89,0.42676583,0.42676583,0.5895702,True
tree,4622,79004,30.38,0.67307395,0.70507336,0.905248,False
tree,4623,79004,47.36,0.5413705,0.5413705,0.6817768,False
tree,4624,79004,34.48,0.9616672,0.9616672,1.029918,True
tree,4625,79004,51.32,0.88917065,0.88917065,0.993062,True
tree,4626,79005,21.29,0.6088344,0.6895492,0.96180326,False
tree,4627,79005,41.56,0.6825653,0.6825653,1.0360634,True
tree,4628,79005,31.53,0.63746494,0.63746494,0.8889587,True
tree,4629,79005,42.51,0.7401484,0.7401484,1.037074,True
tree,4630,79005,22.45,0.77287114,0.77287114,1.058835,False
tree,4631,79005,42.11,0.70493746,0.70493746,1.0708014,False
tree,4632,79005,17.58,0.4896691,0.4896691,0.8102184,False
tree,4633,79005,36.07,0.33320993,0.33320993,0.46123415,False
tree,4634,79005,23.91,0.67626303,0.6929109,0.98314935,False
tree,4635,79005,37.33,0.48680633,0.48680633,0.8305876,False
tree,4636,79005,28.68,0.88105917,0.88105917,0.8515942,True
tree,4637,79005,42.54,0.7681985,0.7681985,0.94477,True
tree,4638,79006,26.53,0.5530604,0.8991255,0.8784974,True
tree,4639,79006,44.3,0.7248289,0.7248289,0.98419195,True
tree,4640,79006,29.18,0.81031454,0.81031454,1.0641853,True
tree,4641,79006,55.12,0.50263023,0.50263023,0.75856876,True
tree,4642,79006,27.58,0.92110753,0.92110753,0.89494526,True
tree,4643,79006,45.7,0.5878929,0.6594609,0.95623034,False
tree,4644,79006,17.57,0.7784684,0.8305925,1.0315658,False
tree,4645,79006,45.61,0.36190462,0.36190462,0.52079105,True
tree,4646,79006,30.39,0.6090321,0.6090321,0.8170338,False
tree,4647,79006,41.72,0.4032696,0.4032696,0.59055185,False
tree,4648,79006,34.17,0.7047256,0.7047256,0.82396215,True
tree,4649,79006,28.5,0.78058004,0.78058004,0.95404905,False
tree,4650,80001,26.27,0.64710826,0.70863366,1.0368536,True
tree,4651,80001,33.63,0.6964611,0.6964611,1.0536854,True
tree,4652,80001,30.97,0.70703995,0.70703995,0.9561585,True
tree,4653,80001,37.81,0.7297043,0.7297043,1.0397192,True
tree,4654,80001,20.99,0.7812647,0.7812647,1.0347847,False
tree,4655,80001,45.03,0.6144551,0.6144551,1.0123448,True
tree,4656,80001,12.94,0.53796935,0.7797514,0.97725266,True
tree,4657,80001,24.19,0.41305277,0.41305277,0.60924494,False
tree,4658,80001,25.23,0.6145499,0.6145499,0.97860724,False
tree,4659,80001,35.91,0.45872724,0.45872724,0.7617157,True
tree,4660,80001,31.09,0.594823,0.594823,0.78704476,False
tree,4661,80001,40.23,0.8077221,0.8077221,0.96092296,True
tree,4662,81003,32.66,0.5817613,0.7841721,1.0323359,False
tree,4663,81003,56.18,0.66456217,0.66456217,0.8535972,True
tree,4664,81003,35.88,0.67513317,0.8149924,0.91656846,False
tree,4665,81003,23.14,0.99593544,0.99593544,1.0293657,False
tree,4666,81003,58.01,0.6869053,0.6869053,0.81201315,False
tree,4667,81003,24.09,0.70071256,0.8253688,0.8872616,False
tree,4668,81003,32.44,0.6873354,0.6873354,0.8541952,False
tree,4669,81003,36.24,0.7716677,0.7716677,1.0083952,True
tree,4670,81003,31.42,0.5779933,0.5779933,0.9594786,False
tree,4671,81003,29.84,0.6216913,0.6216913,0.9823633,False
tree,4672,81003,37.06,0.8380772,0.8380772,1.0300974,True
tree,4673,81003,32.57,0.47145453,0.47145453,0.7642131,False
tree,4674,82001,20.5,1.0267847,1.0267847,1.08685,True
tree,4675,82001,23.65,0.97193646,0.97193646,1.0992441,False
tree,4676,82001,22.26,0.8457603,0.8457603,1.1651819,True
tree,4677,82001,26.12,0.8656763,0.8656763,0.99624497,True
tree,4678,82001,27.8,1.32901,1.32901,1.022158,True
tree,4679,82001,28.6,0.65738076,0.7493553,0.8848007,True
tree,4680,82001,17.23,0.61328954,0.96290547,0.87051183,True
tree,4681,82001,16.0,0.62546253,0.7725487,0.8590383,False
tree,4682,82001,18.25,0.74624276,1.0428784,0.9259954,True
tree,4683,82001,17.86,0.97245824,0.97245824,1.0156307,True
tree,4684,82001,19.2,0.6838009,0.79549366,0.9664126,True
tree,4685,82001,20.28,1.1524781,1.1524781,1.1279383,True
tree,4686,82003,34.13,0.6831814,0.6831814,0.857917,True
tree,4687,82003,31.92,0.65856326,0.66040075,0.75740474,False
tree,4688,82003,37.48,0.6165611,0.6165611,0.93233186,False
tree,4689,82003,30.78,0.82578814,0.82578814,0.9049809,True
tree,4690,82003,36.29,0.64634514,0.64634514,0.6600243,False
tree,4691,82003,37.96,0.46208346,0.5943787,0.70955175,True
tree,4692,82003,24.49,0.64952517,0.64952517,0.7896827,False
tree,4693,82003,24.89,0.5522935,0.5522935,0.7248963,False
tree,4694,82003,30.78,0.6104679,0.6104679,0.6969726,True
tree,4695,82003,22.51,0.6963018,0.6963018,0.7913393,False
tree,4696,82003,31.36,0.46146047,0.51570535,0.7329642,True
tree,4697,82003,24.61,0.4462848,0.67211384,0.6951597,True
tree,4698,83003,29.24,0.80433804,0.80433804,1.0116758,True
tree,4699,83003,31.43,0.67731816,0.67731816,0.92289186,False
tree,4700,83003,21.19,0.7810039,0.7810039,1.3229885,False
tree,4701,83003,38.23,0.6758953,0.73609424,1.0166166,True
tree,4702,83003,33.91,0.9960395,0.9960395,0.9289254,True
tree,4703,83003,27.81,0.5291438,0.5291438,0.6549074,False
tree,4704,83003,24.05,0.72792524,0.9637051,0.87036145,True
tree,4705,83003,39.53,0.35599068,0.35599068,0.45713976,True
tree,4706,83003,41.17,0.6252356,0.6252356,0.9628238,True
tree,4707,83003,26.07,0.5855834,0.5855834,0.60401493,False
tree,4708,83003,21.63,0.28054932,0.28054932,0.3174212,False
tree,4709,83003,25.27,0.74033654,0.74033654,0.8951102,False
tree,4710,83004,25.49,0.4095813,0.67039883,0.7894061,True
tree,4711,83004,29.64,0.63484085,0.63484085,0.78587025,False
tree,4712,83004,22.41,0.6537305,0.67739433,1.1446763,False
tree,4713,83004,41.27,0.62498915,0.62962073,0.86176664,True
tree,4714,83004,37.01,0.9805346,0.9805346,0.8988646,True
tree,4715,83004,32.82,0.46603256,0.56651753,0.7899739,False
tree,4716,83004,19.96,0.5460515,0.91813564,0.8974713,True
tree,4717,83004,22.06,0.4349551,0.5508056,0.5861111,False
tree,4718,83004,36.82,0.5736164,0.5736164,0.85773516,True
tree,4719,83004,20.81,0.7552793,0.7552793,1.1708502,False
tree,4720,83004,16.15,0.58177984,0.58177984,0.7544681,False
tree,4721,83004,22.97,0.7658877,0.9662499,1.085718,True
tree,4722,84001,16.95,0.85733575,0.87890625,0.9387436,False
tree,4723,84001,20.54,1.0640111,1.0640111,1.0229623,True
tree,4724,84001,14.69,0.7184014,0.76417214,0.7482318,False
tree,4725,84001,18.71,0.89530367,0.89530367,1.0935847,True
tree,4726,84001,19.41,0.871793,0.871793,0.82975394,True
tree,4727,84001,24.75,1.0800972,1.0800972,0.8956802,True
tree,4728,84001,15.74,0.6278851,0.760859,0.80560905,True
tree,4729,84001,17.59,0.66146356,0.66146356,0.74802345,True
tree,4730,84001,12.44,0.7350658,0.7350658,0.8147714,False
tree,4731,84001,20.09,0.77527434,0.77527434,0.8111008,False
tree,4732,84001,11.67,1.0688115,1.0688115,0.95247054,True
tree,4733,84001,18.46,0.87293863,0.87293863,0.92391634,True
tree,4734,84004,16.71,0.82872605,0.82872605,0.93821913,False
tree,4735,84004,22.45,0.86553884,0.86553884,0.8775211,True
tree,4736,84004,16.42,0.60110825,0.6896268,0.8315027,False
tree,4737,84004,32.39,0.7997404,0.7997404,0.9972379,True
tree,4738,84004,20.66,0.7818958,0.7818958,0.91404915,True
tree,4739,84004,29.77,0.7723494,0.7723494,0.9141264,True
tree,4740,84004,14.68,0.6165636,0.6165636,0.78543884,False
tree,4741,84004,26.56,0.40037563,0.40037563,0.5477529,True
tree,4742,84004,15.64,0.85978246,0.90232277,1.0353531,True
tree,4743,84004,23.21,0.82352495,0.82352495,1.0249199,True
tree,4744,84004,14.65,0.9228674,0.9228674,0.9275043,True
tree,4745,84004,31.73,0.8021365,0.8021365,1.0361495,True
tree,4746,84005,17.73,0.9322516,0.9322516,1.0589771,True
tree,4747,84005,20.23,0.95316625,0.95316625,0.9756619,True
tree,4748,84005,15.1,0.86512494,0.86512494,1.0739789,True
tree,4749,84005,27.43,0.8524402,0.8524402,1.0009385,True
tree,4750,84005,23.46,0.8244626,0.8244626,0.84246135,True
tree,4751,84005,24.32,0.6912761,0.9805306,1.0272813,True
tree,4752,84005,13.97,0.6876459,0.6893588,0.81216496,False
tree,4753,84005,24.39,0.51094425,0.51094425,0.57516533,True
tree,4754,84005,15.83,0.8196678,0.90689254,0.8992489,True
tree,4755,84005,20.49,0.9087487,0.9087487,0.9353012,True
tree,4756,84005,14.5,0.7565785,0.7565785,0.8484128,True
tree,4757,84005,22.0,0.6743535,1.1084176,0.9921949,True
tree,4758,84008,42.78,0.6491305,0.6491305,0.7886624,False
tree,4759,84008,36.97,0.6875715,0.6875715,0.70957035,False
tree,4760,84008,27.11,0.4087287,0.4087287,0.6409204,False
tree,4761,84008,31.62,0.71441555,0.94052243,1.1352121,True
tree,4762,84008,34.93,0.6131328,0.64971685,0.762396,False
tree,4763,84008,30.44,1.0350164,1.0350164,1.1029187,True
tree,4764,84008,16.01,0.7810619,0.7810619,1.0439249,False
tree,4765,84008,34.15,0.597751,0.597751,0.6847872,True
tree,4766,84008,34.66,0.4512312,0.4512312,0.6560163,False
tree,4767,84008,35.8,0.6646029,0.6646029,0.96629304,True
tree,4768,84008,19.02,0.6162192,0.6162192,0.7463758,False
tree,4769,84008,29.38,0.8039528,0.8039528,0.8172903,True
tree,4770,84012,23.09,0.8264324,0.8264324,1.1541042,False
tree,4771,84012,27.66,0.94842154,0.94842154,1.1009681,True
tree,4772,84012,22.44,0.6366359,0.6367666,1.044672,False
tree,4773,84012,24.74,0.8121341,0.94731855,1.2034528,True
tree,4774,84012,22.76,1.0761578,1.0761578,1.1052823,True
tree,4775,84012,26.73,1.1409613,1.1409613,1.2971687,True
tree,4776,84012,14.54,0.7531383,0.9272021,1.112989,False
tree,4777,84012,24.28,0.70638126,0.70638126,0.7971042,True
tree,4778,84012,19.39,0.773448,0.773448,0.9759036,False
tree,4779,84012,25.61,0.81549996,0.81549996,1.159909,False
tree,4780,84012,16.03,0.9287289,0.9287289,1.1185615,False
tree,4781,84012,18.93,0.86231524,0.9919496,1.2541097,False
tree,4782,84013,16.6,0.998892,0.998892,1.1420264,True
tree,4783,84013,18.49,1.0409895,1.0409895,1.0238262,True
tree,4784,84013,13.42,0.96232224,0.96232224,1.1559961,True
tree,4785,84013,26.91,0.8747725,0.8747725,1.0312011,True
tree,4786,84013,22.28,0.8646309,0.8646309,0.8961879,True
tree,4787,84013,23.04,0.73229104,1.0043334,1.0526143,True
tree,4788,84013,12.73,0.7572271,0.7572271,0.87567204,False
tree,4789,84013,23.37,0.5302801,0.5302801,0.5992377,True
tree,4790,84013,14.15,0.90196437,1.0551099,0.9921683,True
tree,4791,84013,18.84,0.9922974,0.9922974,0.98620397,True
tree,4792,84013,13.53,0.80013734,0.80013734,0.907719,True
tree,4793,84013,20.55,0.67451894,1.129172,1.0318896,True
tree,4794,84014,32.01,0.6615971,0.6615971,0.93193895,False
tree,4795,84014,34.78,0.6611862,0.6611862,0.8094283,False
tree,4796,84014,23.46,0.7377622,0.7377622,1.0959077,False
tree,4797,84014,36.88,0.71751195,0.7365881,1.0828345,True
tree,4798,84014,33.17,0.7631501,0.87411726,0.89627916,True
tree,4799,84014,34.55,0.5062398,0.5062398,0.7229383,False
tree,4800,84014,18.0,0.82711864,0.82711864,1.0352271,False
tree,4801,84014,35.93,0.58305126,0.58305126,0.6366565,True
tree,4802,84014,36.36,0.7566004,0.7566004,1.1078609,True
tree,4803,84014,31.2,0.781749,0.781749,1.0040662,True
tree,4804,84014,21.08,0.5644925,0.5644925,0.7124081,False
tree,4805,84014,28.14,0.6751391,0.6751391,0.8728535,False
tree,4806,84016,29.34,0.8712168,0.8712168,1.0210956,True
tree,4807,84016,31.73,0.8745419,0.8745419,1.0176823,True
tree,4808,84016,12.32,1.3540707,1.3540707,1.4474187,True
tree,4809,84016,16.74,1.1892234,1.1892234,1.1635232,False
tree,4810,84016,21.18,1.233635,1.233635,1.2688315,True
tree,4811,84016,14.93,1.0039973,1.0039973,1.1261137,False
tree,4812,84016,13.7,1.2803453,1.2803453,1.1966279,True
tree,4813,84016,12.64,1.1944362,1.1944362,1.1344917,True
tree,4814,84016,9.84,1.4094458,1.4094458,1.2899777,False
tree,4815,84016,22.21,0.6957998,0.6957998,0.9624315,True
tree,4816,84016,16.58,0.9131086,0.9131086,1.0295124,False
tree,4817,84016,14.68,1.1777213,1.1777213,1.2136943,True
tree,4818,84017,24.28,0.82410187,1.138387,1.0032872,True
tree,4819,84017,32.54,0.94749594,0.94749594,0.9463608,True
tree,4820,84017,24.21,0.8202466,0.8202466,0.85783535,True
tree,4821,84017,22.31,0.9907286,0.9907286,0.9411581,True
tree,4822,84017,27.75,1.0234848,1.0234848,0.92385846,True
tree,4823,84017,32.55,1.2618045,1.2618045,1.0783887,True
tree,4824,84017,23.18,0.726778,0.726778,0.86305165,False
tree,4825,84017,20.39,0.6251228,0.6251228,0.7060348,False
tree,4826,84017,23.38,0.66558486,0.98593235,0.9145689,True
tree,4827,84017,39.85,0.64430934,0.64430934,0.77066,True
tree,4828,84017,19.88,0.6988809,0.6988809,0.8275097,False
tree,4829,84017,20.0,0.9671938,0.9671938,0.97420156,True
tree,4830,84018,16.66,0.83670455,0.99128044,1.0585467,True
tree,4831,84018,20.34,0.99337494,0.99337494,1.003229,True
tree,4832,84018,15.21,0.6347238,0.815482,0.93234366,False
tree,4833,84018,29.81,0.82807285,0.82807285,1.0800906,True
tree,4834,84018,19.68,0.9939632,0.9939632,1.0510254,True
tree,4835,84018,26.07,0.7984383,0.9108164,1.0629288,True
tree,4836,84018,13.83,0.68677425,0.68677425,0.8686153,False
tree,4837,84018,25.9,0.43742096,0.43742096,0.5712694,True
tree,4838,84018,15.75,0.8506896,0.8506896,0.9873654,True
tree,4839,84018,21.43,0.93207204,0.93207204,1.0610693,True
tree,4840,84018,13.87,0.8376574,0.8376574,0.8924065,False
tree,4841,84018,26.94,0.96610117,0.96610117,1.1087811,True
tree,4842,84019,25.62,0.7210053,0.7210053,0.975072,True
tree,4843,84019,16.4,0.9203876,0.9203876,1.0408335,False
tree,4844,84019,11.08,1.0992885,1.0992885,1.3275447,True
tree,4845,84019,31.2,0.44906357,0.5493133,0.82346123,True
tree,4846,84019,21.77,0.78027755,0.78027755,0.89219725,True
tree,4847,84019,21.93,0.7555286,0.7555286,0.9246174,False
tree,4848,84019,11.22,0.7379077,0.92507267,0.9184875,True
tree,4849,84019,21.47,0.57240194,0.57240194,0.73301286,True
tree,4850,84019,11.0,0.5626766,0.90845966,1.08586,True
tree,4851,84019,16.85,0.55945736,0.9102901,0.9833379,True
tree,4852,84019,19.01,0.63048625,0.63048625,0.853558,True
tree,4853,84019,18.48,0.7622167,0.8650702,0.9671238,True
tree,4854,84020,43.7,0.8436586,0.8436586,0.93700933,True
tree,4855,84020,35.74,0.81865185,0.9338786,0.9743535,True
tree,4856,84020,30.12,0.47104946,0.64402753,0.7911224,False
tree,4857,84020,31.53,0.6718326,0.6718326,0.7763397,False
tree,4858,84020,38.72,0.77745855,0.77745855,0.92384374,True
tree,4859,84020,63.8,0.8149192,0.8149192,0.88973385,True
tree,4860,84020,25.24,0.58277327,1.0152608,0.8062196,True
tree,4861,84020,41.42,0.45786425,0.45786425,0.65949714,True
tree,4862,84020,27.24,1.2303121,1.2303121,1.0388747,True
tree,4863,84020,72.47,0.55833536,0.55833536,0.7550079,True
tree,4864,84020,24.66,0.6491549,0.6491549,0.73444533,False
tree,4865,84020,33.01,0.604678,0.9829508,0.99250305,True
tree,4866,84022,19.36,0.80905634,0.80905634,1.0983797,False
tree,4867,84022,28.53,0.41527313,0.45909175,0.6925055,False
tree,4868,84022,25.1,0.71503496,0.7241008,1.1421862,True
tree,4869,84022,34.8,0.66425294,0.73583025,0.94416857,True
tree,4870,84022,25.98,0.53390616,0.7167616,0.72666055,False
tree,4871,84022,30.33,1.0296577,1.0296577,1.1031382,True
tree,4872,84022,15.39,0.7188276,0.8062686,0.9417484,True
tree,4873,84022,34.68,0.41747266,0.41747266,0.48614952,True
tree,4874,84022,31.27,0.50357825,0.50357825,0.70176643,False
tree,4875,84022,29.01,0.43272045,0.43272045,0.5648482,False
tree,4876,84022,22.81,0.67060107,0.67060107,0.84992754,True
tree,4877,84022,29.06,0.79331356,0.8301079,0.887315,True
tree,4878,85001,12.28,1.035978,1.035978,0.9477517,False
tree,4879,85001,17.2,1.1684419,1.1684419,1.0424097,True
tree,4880,85001,12.93,1.1247106,1.1247106,1.0138837,True
tree,4881,85001,16.53,0.93547976,0.9910845,0.91709316,False
tree,4882,85001,15.72,1.2561526,1.2561526,0.986081,True
tree,4883,85001,18.11,0.9357449,0.9587719,0.91556937,False
tree,4884,85001,9.77,1.0640374,1.2211221,1.1863054,True
tree,4885,85001,11.56,0.8920962,1.0401578,0.9441506,True
tree,4886,85001,11.36,0.879957,0.9583487,0.9433333,False
tree,4887,85001,16.79,1.1774578,1.1774578,1.1281719,True
tree,4888,85001,13.37,0.8981092,0.9428119,0.90418154,False
tree,4889,85001,13.38,0.9253673,1.2068697,0.9945388,True
tree,4890,85002,40.47,0.88876855,0.88876855,0.84825027,True
tree,4891,85002,53.99,0.6139537,0.6139537,0.7558086,True
tree,4892,85002,40.98,0.44830218,0.44830218,0.6911957,False
tree,4893,85002,25.21,0.86471766,0.86471766,1.0881068,False
tree,4894,85002,24.55,0.98225254,0.98225254,1.1670954,False
tree,4895,85002,48.95,0.9479564,0.9479564,1.0462813,True
tree,4896,85002,20.84,0.62118095,0.91686046,0.8923852,True
tree,4897,85002,34.04,0.57571095,0.57571095,0.7127792,True
tree,4898,85002,23.76,0.6205743,0.6205743,1.0616294,False
tree,4899,85002,43.31,0.7072125,0.7072125,1.0414538,True
tree,4900,85002,29.08,0.5695932,0.5695932,0.8857369,False
tree,4901,85002,27.28,0.8209909,0.87386125,1.235724,True
tree,4902,85003,72.46,0.97909015,0.97909015,1.2037466,False
tree,4903,85003,61.7,0.91168463,0.91168463,1.2203739,False
tree,4904,85003,43.31,0.6990316,1.2311337,1.1825666,True
tree,4905,85003,50.75,1.1450968,1.1450968,0.95074815,True
tree,4906,85003,91.96,0.52835816,0.52835816,0.7640079,False
tree,4907,85003,88.06,0.6203974,0.6578133,0.78656065,False
tree,4908,85003,42.44,0.9517503,0.9517503,1.1067405,True
tree,4909,85003,62.4,0.95878434,0.95878434,0.9077822,True
tree,4910,85003,82.75,0.6919092,0.75740695,0.9299633,True
tree,4911,85003,72.49,0.81517875,0.81517875,1.1788261,True
tree,4912,85003,82.09,0.71131057,0.71131057,0.75498515,False
tree,4913,85003,37.9,0.9636819,0.9636819,1.0010258,False
tree,4914,94001,15.93,0.75106555,0.7640883,0.7817793,False
tree,4915,94001,25.07,0.9490996,1.0486001,0.9995515,True
tree,4916,94001,14.95,0.87618667,1.1517358,0.9579215,True
tree,4917,94001,21.84,0.8490272,0.872974,0.8975901,False
tree,4918,94001,30.16,0.7697279,0.79890764,0.85381734,False
tree,4919,94001,25.09,0.8438042,0.9106647,1.0396973,True
tree,4920,94001,19.46,1.1248468,1.1248468,1.0868696,True
tree,4921,94001,17.9,0.70747113,0.7186633,0.748982,False
tree,4922,94001,22.72,0.9242203,0.9433891,0.988207,True
tree,4923,94001,17.71,1.1472296,1.182037,1.1889633,False
tree,4924,94001,20.72,0.9046033,0.9046033,0.9854105,True
tree,4925,94001,16.21,0.74313295,0.74313295,0.7434334,False
tree,4926,97002,30.37,0.7045537,0.7045537,0.8187237,True
tree,4927,97002,14.94,0.7156143,1.1887656,1.0206845,True
tree,4928,97002,31.87,0.4858215,0.49680147,0.7559927,True
tree,4929,97002,34.04,0.620716,0.620716,0.836655,True
tree,4930,97002,14.41,0.59674054,0.93510866,0.94601744,False
tree,4931,97002,30.41,0.8103712,0.8103712,1.014074,True
tree,4932,97002,22.35,0.7696963,0.7696963,1.0810643,True
tree,4933,97002,18.55,0.62667423,0.7172418,0.821477,False
tree,4934,97002,15.02,0.8216307,0.82843894,1.2595593,True
tree,4935,97002,14.56,0.53694326,0.6759777,0.6718081,True
tree,4936,97002,12.71,1.0015101,1.0015101,0.9239747,False
tree,4937,97002,12.94,1.0787271,1.2990296,1.4956765,True
tree,4938,101002,6.77,0.6335184,0.6335184,0.9577343,True
tree,4939,101002,10.13,0.46335298,0.46335298,0.75150186,True
tree,4940,101002,10.7,0.8370405,0.8370405,1.1399232,True
tree,4941,101002,16.79,1.1531521,1.1531521,1.2717355,True
tree,4942,101002,11.06,0.45557955,0.45557955,0.730551,False
tree,4943,101002,10.36,0.5897625,0.5897625,0.7657256,True
tree,4944,101002,5.61,0.52703303,0.56922334,0.8358588,True
tree,4945,101002,5.05,0.51432544,0.58302474,0.80078167,False
tree,4946,101002,4.53,0.7317655,1.054495,0.9314496,False
tree,4947,101002,8.46,0.6165778,0.6165778,0.9737869,False
tree,4948,101002,8.54,0.5979251,0.7370702,0.93323666,True
tree,4949,101002,5.46,0.8142451,0.8142451,0.96793073,True
lstm_e16,0,6007,17.67,0.7559035,0.7559035,0.7688341,False
lstm_e16,1,6007,22.34,0.86932665,0.86932665,0.8501504,True
lstm_e16,2,6007,14.89,1.0190272,1.0190272,1.032552,True
lstm_e16,3,6007,17.66,0.82661223,0.97068644,0.953003,False
lstm_e16,4,6007,31.27,0.74509,0.74509,0.7474453,True
lstm_e16,5,6007,22.119999,1.2044657,1.2044657,0.9520283,True
lstm_e16,6,6007,14.31,0.93329114,0.93329114,0.92680216,True
lstm_e16,7,6007,14.16,0.7451206,0.7451206,0.74806154,False
lstm_e16,8,6007,14.83,0.83031005,0.9048065,0.92604053,True
lstm_e16,9,6007,18.12,0.93419784,0.93419784,0.94327897,False
lstm_e16,10,6007,16.2,0.988578,0.988578,0.91482365,True
lstm_e16,11,6007,13.44,0.8924547,0.93371433,1.0157083,True
lstm_e16,12,7001,33.31,0.23628853,0.23628853,0.3709375,False
lstm_e16,13,7001,34.07,0.35509393,0.3851397,0.45926535,False
lstm_e16,14,7001,28.19,0.77290577,0.77290577,1.015863,True
lstm_e16,15,7001,43.06,1.033999,1.033999,0.87710255,True
lstm_e16,16,7001,42.89,0.34008563,0.34008563,0.4954247,False
lstm_e16,17,7001,32.89,0.71787417,0.71787417,0.83306277,False
lstm_e16,18,7001,32.83,0.7692418,0.7692418,0.9574397,True
lstm_e16,19,7001,21.81,0.30488715,0.30488715,0.50505066,False
lstm_e16,20,7001,21.21,0.7915159,0.7915159,1.0470704,False
lstm_e16,21,7001,26.99,0.46909446,0.46909446,0.75223446,False
lstm_e16,22,7001,28.21,0.47943032,0.47943032,0.53382707,False
lstm_e16,23,7001,20.55,0.37732446,0.42561334,0.6218166,False
lstm_e16,24,7002,27.02,0.30443275,0.30443275,0.4524723,False
lstm_e16,25,7002,26.82,0.6743855,0.6743855,0.8041484,True
lstm_e16,26,7002,19.1,0.70618606,0.70618606,0.95549196,True
lstm_e16,27,7002,43.3,0.72781754,0.72781754,0.81556004,True
lstm_e16,28,7002,22.48,0.6099381,0.6099381,0.96201825,True
lstm_e16,29,7002,26.57,0.6276434,0.6276434,0.88112926,False
lstm_e16,30,7002,30.549997,0.68181837,0.68181837,0.80203414,True
lstm_e16,31,7002,15.13,0.37574118,0.37574118,0.5541651,False
lstm_e16,32,7002,17.94,0.8305014,0.8305014,0.9507848,True
lstm_e16,33,7002,14.369999,0.30801797,0.30801797,0.5211589,False
lstm_e16,34,7002,19.77,0.98335385,0.98335385,0.90131754,True
lstm_e16,35,7002,17.97,0.50754213,0.50754213,0.66494143,False
lstm_e16,36,7003,8.73,0.54153496,0.54153496,0.5656226,False
lstm_e16,37,7003,14.23,0.8568391,0.8568391,1.0064565,True
lstm_e16,38,7003,5.37,0.5066678,0.5066678,0.5294773,False
lstm_e16,39,7003,28.819998,0.8509306,0.8509306,1.032978,True
lstm_e16,40,7003,11.71,1.3781391,1.3781391,1.3241286,True
lstm_e16,41,7003,6.3200006,0.4590476,0.4590476,0.743454,False
lstm_e16,42,7003,26.02,0.7567585,0.7567585,0.87213784,True
lstm_e16,43,7003,6.7700005,0.93576574,1.0194231,1.1776013,True
lstm_e16,44,7003,9.93,1.3403459,1.3403459,1.3077211,True
lstm_e16,45,7003,9.27,0.75400484,1.0138344,1.0130682,True
lstm_e16,46,7003,17.1,0.99443424,0.99443424,1.2140706,True
lstm_e16,47,7003,5.5300007,0.78439236,0.78439236,0.86980754,False
lstm_e16,48,8004,17.26,0.32263866,0.32263866,0.5050361,False
lstm_e16,49,8004,20.84,0.7567254,0.7567254,0.8573717,True
lstm_e16,50,8004,15.33,0.2313354,0.2313354,0.3511597,False
lstm_e16,51,8004,22.45,0.8508511,0.8508511,0.738246,True
lstm_e16,52,8004,21.3,0.7829344,0.7829344,1.0431426,True
lstm_e16,53,8004,24.4,0.6133234,0.6133234,0.9080632,True
lstm_e16,54,8004,21.49,0.4188017,0.42462507,0.64942914,True
lstm_e16,55,8004,13.73,0.27640602,0.27640602,0.3998425,False
lstm_e16,56,8004,12.32,0.8381576,0.8381576,0.91422874,True
lstm_e16,57,8004,11.76,0.30517766,0.30517766,0.53968394,False
lstm_e16,58,8004,25.26,0.31530637,0.31530637,0.41816416,False
lstm_e16,59,8004,15.56,0.361885,0.361885,0.40230337,False
lstm_e16,60,8005,14.66,0.69364524,0.69364524,0.66199076,True
lstm_e16,61,8005,12.43,0.36108,0.614087,0.562827,False
lstm_e16,62,8005,8.26,0.52910954,0.59631366,0.5780679,False
lstm_e16,63,8005,13.79,0.6072438,0.70530015,0.65884423,True
lstm_e16,64,8005,18.94,0.42960086,0.47367853,0.599496,True
lstm_e16,65,8005,21.15,0.4835486,0.67639506,0.6633322,True
lstm_e16,66,8005,7.17,0.82400054,0.82400054,0.92652893,True
lstm_e16,67,8005,8.17,0.5828437,0.5828437,0.6336819,False
lstm_e16,68,8005,6.88,0.53147286,0.53147286,0.72218883,False
lstm_e16,69,8005,13.03,0.560009,0.560009,0.6460527,False
lstm_e16,70,8005,16.73,0.44941247,0.46845168,0.54256576,False
lstm_e16,71,8005,9.66,0.76274115,0.76274115,0.81900185,True
lstm_e16,72,8006,10.77,0.95563567,0.95563567,0.7971811,True
lstm_e16,73,8006,12.86,0.68171674,0.68171674,0.79742473,True
lstm_e16,74,8006,6.57,0.87063444,0.87063444,0.97444636,False
lstm_e16,75,8006,15.39,0.81466717,0.81466717,0.75766486,True
lstm_e16,76,8006,10.85,0.6463949,0.93973875,0.9172886,True
lstm_e16,77,8006,12.77,1.0120456,1.0120456,0.9293965,False
lstm_e16,78,8006,9.51,0.7390828,0.7390828,0.8679794,True
lstm_e16,79,8006,6.76,0.49860314,0.49860314,0.63797706,False
lstm_e16,80,8006,9.68,0.7236543,0.7236543,0.8271777,False
lstm_e16,81,8006,8.799999,0.8521509,0.8521509,0.8351423,False
lstm_e16,82,8006,11.76,0.51840836,0.5286808,0.52048236,False
lstm_e16,83,8006,10.42,0.71273273,0.71273273,0.79471064,True
lstm_e16,84,8009,22.57,0.31917712,0.31917712,0.5220423,False
lstm_e16,85,8009,24.809998,0.3804248,0.3804248,0.54248697,False
lstm_e16,86,8009,17.8,0.59179395,0.59179395,0.847848,True
lstm_e16,87,8009,26.17,0.6828187,0.6828187,0.69293547,True
lstm_e16,88,8009,23.62,0.30846396,0.30846396,0.47346875,False
lstm_e16,89,8009,22.49,0.81214,0.81214,1.1187376,True
lstm_e16,90,8009,18.93,0.76814055,0.76814055,0.87204593,True
lstm_e16,91,8009,14.43,0.3784614,0.3784614,0.59861404,False
lstm_e16,92,8009,18.45,0.63121325,0.63121325,0.69855833,False
lstm_e16,93,8009,18.33,0.62362784,0.62362784,1.0447448,False
lstm_e16,94,8009,17.9,0.5069282,0.5167661,0.637929,False
lstm_e16,95,8009,14.490001,0.5735647,0.59303516,0.7889768,False
lstm_e16,96,9002,21.87,0.6312442,0.6312442,0.7946799,True
lstm_e16,97,9002,13.5,0.57274556,0.57274556,0.745934,True
lstm_e16,98,9002,11.98,0.9549691,0.9549691,0.89689434,False
lstm_e16,99,9002,24.29,0.7269002,0.7269002,0.96768355,True
lstm_e16,100,9002,19.41,0.80599666,0.8076998,0.9935372,True
lstm_e16,101,9002,27.92,0.559902,0.581997,0.8484331,True
lstm_e16,102,9002,17.6,0.7069041,0.7069041,0.88958746,True
lstm_e16,103,9002,12.0,0.48493132,0.5312709,0.84085953,False
lstm_e16,104,9002,10.98,1.0243845,1.0243845,0.94416755,True
lstm_e16,105,9002,15.25,0.47571352,0.47571352,0.66391855,True
lstm_e16,106,9002,20.85,0.8475996,0.8475996,0.9451807,True
lstm_e16,107,9002,10.18,0.43221807,0.43221807,0.7174266,False
lstm_e16,108,9003,30.52,0.63028246,0.63028246,0.815966,False
lstm_e16,109,9003,15.17,0.7487283,0.7487283,0.93878746,True
lstm_e16,110,9003,9.84,0.54501826,0.6094901,0.6329777,False
lstm_e16,111,9003,30.88,0.97889876,0.97889876,1.1583468,True
lstm_e16,112,9003,27.14,0.95157415,0.95157415,1.055446,True
lstm_e16,113,9003,21.13,0.8105063,0.8105063,1.060895,True
lstm_e16,114,9003,25.92,0.69191843,0.69191843,0.81643003,True
lstm_e16,115,9003,11.74,0.618157,0.618157,0.961495,False
lstm_e16,116,9003,17.210001,1.1440119,1.1440119,1.0664061,True
lstm_e16,117,9003,12.86,0.4949327,0.8036731,0.78732234,True
lstm_e16,118,9003,21.24,0.48479155,0.48479155,0.67759895,False
lstm_e16,119,9003,15.31,0.50948095,0.50948095,0.72978073,False
lstm_e16,120,9005,26.34,0.31081825,0.31085342,0.48426166,False
lstm_e16,121,9005,20.63,0.7675657,0.7675657,0.8300229,True
lstm_e16,122,9005,21.05,0.094409645,0.094409645,0.18375576,False
lstm_e16,123,9005,20.25,0.5100556,0.5100556,0.7777546,False
lstm_e16,124,9005,28.42,0.9671695,0.9671695,1.2105167,True
lstm_e16,125,9005,32.049995,0.8305528,0.8305528,0.96427274,False
lstm_e16,126,9005,17.01,0.8105639,0.8105639,0.8639686,True
lstm_e16,127,9005,17.96,0.57447046,0.57447046,0.85877126,True
lstm_e16,128,9005,15.16,0.8501656,0.8501656,1.1280965,True
lstm_e16,129,9005,20.66,0.2716639,0.2716639,0.49221218,False
lstm_e16,130,9005,34.93,0.8388235,0.8388235,0.93105245,True
lstm_e16,131,9005,15.94,0.5587646,0.5587646,0.5613973,False
lstm_e16,132,10002,24.28,0.34970954,0.43530035,0.6288353,True
lstm_e16,133,10002,5.61,0.87292486,0.87292486,1.0132244,False
lstm_e16,134,10002,25.040003,0.6355494,0.6355494,0.89420694,True
lstm_e16,135,10002,6.97,1.0723697,1.0723697,1.1438835,True
lstm_e16,136,10002,10.12,0.6805079,0.99190897,0.9794004,True
lstm_e16,137,10002,34.75,0.58522,0.58522,0.83057564,True
lstm_e16,138,10002,9.25,0.9409154,0.9409154,1.1243997,True
lstm_e16,139,10002,11.33,0.6667844,0.6667844,0.8549108,False
lstm_e16,140,10002,9.23,0.6083013,1.0006808,1.1452274,True
lstm_e16,141,10002,6.94,0.680149,1.0414009,1.0786496,True
lstm_e16,142,10002,16.22,0.5110313,0.5110313,0.67458344,False
lstm_e16,143,10002,6.81,0.93474895,0.93474895,1.018518,True
lstm_e16,144,11001,14.449999,0.3674209,0.397829,0.58106357,False
lstm_e16,145,11001,8.37,0.6726509,0.6726509,0.7706075,False
lstm_e16,146,11001,17.05,0.6823749,0.6823749,0.79034215,True
lstm_e16,147,11001,10.9,0.74825585,0.74825585,0.8193382,True
lstm_e16,148,11001,8.93,0.85124755,1.0221615,1.0252402,True
lstm_e16,149,11001,22.430002,0.56737816,0.71433365,0.57589597,True
lstm_e16,150,11001,5.38,0.94499904,0.94499904,1.029072,True
lstm_e16,151,11001,6.7,0.53590703,0.636332,0.7452528,True
lstm_e16,152,11001,4.09,1.0300431,1.0300431,0.9473363,False
lstm_e16,153,11001,9.459999,0.5822339,0.5822339,0.6412741,True
lstm_e16,154,11001,16.41,0.82152957,0.82152957,0.8748347,True
lstm_e16,155,11001,8.09,0.67671657,0.67671657,0.74466205,True
lstm_e16,156,11003,12.029999,0.39849138,0.39849138,0.47947946,False
lstm_e16,157,11003,12.91,0.6762365,0.76293606,0.8541392,True
lstm_e16,158,11003,13.809999,0.7421791,0.8862608,0.85047686,True
lstm_e16,159,11003,14.24,0.5372462,0.5372462,0.7668589,True
lstm_e16,160,11003,11.51,0.8965062,0.8965062,1.1229631,True
lstm_e16,161,11003,33.07,0.39215654,0.50693744,0.5883743,True
lstm_e16,162,11003,7.83,0.6892377,0.7617926,1.1293741,True
lstm_e16,163,11003,9.28,0.44935933,0.44935933,0.5460614,False
lstm_e16,164,11003,4.85,0.59617686,0.6334975,0.94405526,False
lstm_e16,165,11003,11.549999,0.5754786,0.5754786,0.6734333,True
lstm_e16,166,11003,19.35,0.2880117,0.2880117,0.38252464,False
lstm_e16,167,11003,8.42,0.5435301,0.7628358,0.74109346,True
lstm_e16,168,12001,19.16,0.5081628,0.6190481,0.643766,True
lstm_e16,169,12001,14.76,0.32520926,0.32520926,0.49221575,False
lstm_e16,170,12001,24.739998,0.29710189,0.3150053,0.41675135,False
lstm_e16,171,12001,24.48,0.63021237,0.63021237,0.7384866,True
lstm_e16,172,12001,18.8,0.57902247,0.68175155,0.87832147,False
lstm_e16,173,12001,53.89,0.5123791,0.5123791,0.8376392,True
lstm_e16,174,12001,8.1,0.8019476,0.8019476,1.1520253,False
lstm_e16,175,12001,10.859999,0.56889445,0.56889445,0.62289035,True
lstm_e16,176,12001,17.59,0.37119055,0.37119055,0.6901425,False
lstm_e16,177,12001,15.34,0.66862935,0.66862935,0.79538196,False
lstm_e16,178,12001,33.61,0.36514893,0.36514893,0.4470327,False
lstm_e16,179,12001,14.389999,0.52238077,0.70033747,0.69215834,True
lstm_e16,180,12002,17.43,0.6641272,0.6641272,0.71291816,True
lstm_e16,181,12002,11.54,0.3787201,0.3787201,0.5877242,False
lstm_e16,182,12002,20.86,0.34713402,0.3600477,0.47172943,False
lstm_e16,183,12002,21.84,0.68372554,0.68372554,0.79600984,True
lstm_e16,184,12002,17.48,0.5575998,0.6938506,0.84657043,False
lstm_e16,185,12002,37.88,0.6542783,0.6542783,0.91858584,False
lstm_e16,186,12002,9.77,0.6718725,0.6718725,1.0052474,True
lstm_e16,187,12002,9.94,0.6786368,0.6786368,0.72042084,True
lstm_e16,188,12002,15.84,0.42564508,0.42564508,0.7832484,False
lstm_e16,189,12002,16.24,0.6336552,0.6336552,0.7458106,False
lstm_e16,190,12002,27.61,0.46191975,0.46191975,0.5324226,False
lstm_e16,191,12002,14.06,0.5237764,0.7719404,0.73544264,True
lstm_e16,192,14001,11.620001,0.8093648,0.8093648,0.8884166,False
lstm_e16,193,14001,8.23,0.6343001,0.88579357,1.0679209,False
lstm_e16,194,14001,16.37,1.0123712,1.0123712,0.9250575,True
lstm_e16,195,14001,6.44,0.74506503,0.74506503,0.91623086,False
lstm_e16,196,14001,5.56,0.5980632,0.81889457,0.9434608,False
lstm_e16,197,14001,10.970001,0.72185016,0.72185016,0.9745686,True
lstm_e16,198,14001,4.67,0.9756411,1.097277,1.1537124,True
lstm_e16,199,14001,9.77,0.58297515,0.58297515,0.9430956,False
lstm_e16,200,14001,4.41,0.7513442,0.7905023,0.84095037,False
lstm_e16,201,14001,11.24,0.5818479,0.68347204,0.90308815,False
lstm_e16,202,14001,15.690001,0.8070921,0.8070921,0.7321906,False
lstm_e16,203,14001,4.49,1.01717,1.01717,1.0758651,True
lstm_e16,204,14002,15.98,0.5827076,0.5827076,0.7264097,False
lstm_e16,205,14002,7.3,1.0202837,1.0202837,1.0335364,True
lstm_e16,206,14002,18.52,0.7459743,0.7459743,0.7289548,False
lstm_e16,207,14002,8.39,0.7089564,0.7089564,0.68964475,False
lstm_e16,208,14002,7.93,0.7391814,0.7391814,0.83833015,True
lstm_e16,209,14002,21.24,0.481181,0.55054754,0.5772317,True
lstm_e16,210,14002,4.47,0.8179442,0.8179442,0.92006403,False
lstm_e16,211,14002,9.15,0.8845123,0.8845123,1.0632589,True
lstm_e16,212,14002,9.76,1.2405792,1.2405792,1.1871815,True
lstm_e16,213,14002,8.37,0.61923873,0.648978,0.8876971,False
lstm_e16,214,14002,18.18,0.9166853,0.9166853,0.8702753,True
lstm_e16,215,14002,6.8399997,0.5792864,0.5792864,0.7579378,False
lstm_e16,216,15006,21.59,0.76359975,0.76359975,0.73829335,True
lstm_e16,217,15006,16.37,0.761115,0.761115,0.7896298,True
lstm_e16,218,15006,17.529999,0.9300433,0.9300433,0.8983993,True
lstm_e16,219,15006,18.3,0.67424935,0.67424935,0.81149894,False
lstm_e16,220,15006,16.11,0.6358527,0.6358527,0.71981007,False
lstm_e16,221,15006,31.680002,0.60467833,0.60467833,0.6947444,False
lstm_e16,222,15006,9.939999,0.70539296,0.72627026,0.87631476,True
lstm_e16,223,15006,13.130001,0.6643408,0.6643408,0.8056292,True
lstm_e16,224,15006,16.94,0.5220882,0.5220882,0.8328548,False
lstm_e16,225,15006,16.009998,0.84243107,0.84243107,0.886101,False
lstm_e16,226,15006,22.83,0.68796426,0.68796426,0.73033416,True
lstm_e16,227,15006,13.200001,0.6518635,0.7504865,0.7875742,False
lstm_e16,228,15007,25.01,0.6056995,0.89050674,0.8525296,True
lstm_e16,229,15007,22.5,0.76267064,0.830058,0.82151544,True
lstm_e16,230,15007,19.81,0.6951171,0.6951171,0.842569,False
lstm_e16,231,15007,28.66,0.6449117,0.6449117,0.7713358,False
lstm_e16,232,15007,26.47,0.6532296,0.6532296,0.72874147,True
lstm_e16,233,15007,40.63,0.59087896,0.59087896,0.7548438,False
lstm_e16,234,15007,12.130001,0.9327236,0.9327236,0.93316555,True
lstm_e16,235,15007,16.89,0.7440331,0.7440331,0.8295744,True
lstm_e16,236,15007,19.25,0.5877869,0.5877869,0.83272713,False
lstm_e16,237,15007,23.47,0.6702008,0.67854005,0.8623934,False
lstm_e16,238,15007,28.08,0.68681395,0.68681395,0.7608142,True
lstm_e16,239,15007,16.31,0.6833725,0.92112947,0.81740063,True
lstm_e16,240,15010,19.18,0.5389209,0.5389209,0.6741569,True
lstm_e16,241,15010,14.29,0.5357825,0.5357825,0.71613973,True
lstm_e16,242,15010,28.83,0.7556815,0.7556815,0.77769154,True
lstm_e16,243,15010,24.49,0.52878904,0.52878904,0.70998263,True
lstm_e16,244,15010,24.73,0.37958336,0.37958336,0.6375061,False
lstm_e16,245,15010,32.92,1.0601294,1.0664834,0.97666204,True
lstm_e16,246,15010,6.62,0.86723715,0.86723715,0.95346004,True
lstm_e16,247,15010,7.95,0.672598,0.672598,0.93691903,False
lstm_e16,248,15010,16.66,0.44977748,0.45342532,0.9083897,False
lstm_e16,249,15010,21.67,0.5837202,0.7043563,0.9579577,True
lstm_e16,250,15010,32.33,0.4964818,0.4964818,0.65356845,True
lstm_e16,251,15010,19.03,0.43082854,0.49007377,0.74567336,False
lstm_e16,252,15011,38.07,0.5313928,0.5313928,0.7318868,True
lstm_e16,253,15011,24.16,0.5550065,0.6107069,0.8904069,True
lstm_e16,254,15011,26.39,0.3208954,0.46380332,0.54681045,True
lstm_e16,255,15011,33.040005,0.46022868,0.46022868,0.6921786,False
lstm_e16,256,15011,37.22,0.4278658,0.4278658,0.6131095,False
lstm_e16,257,15011,50.77,0.37483534,0.37894505,0.5820529,False
lstm_e16,258,15011,17.5,0.32666615,0.4346726,0.6085008,False
lstm_e16,259,15011,25.36,0.4222485,0.4222485,0.54777133,False
lstm_e16,260,15011,24.05,0.4090286,0.4090286,0.64821935,False
lstm_e16,261,15011,29.7,0.32735002,0.32735002,0.7249649,False
lstm_e16,262,15011,31.080002,0.6150614,0.6150614,0.7817849,True
lstm_e16,263,15011,15.879999,0.6672297,0.6672297,0.9007173,False
lstm_e16,264,15012,28.21,0.42048123,0.6096551,0.6478095,True
lstm_e16,265,15012,21.25,0.4232087,0.61000866,0.5829639,False
lstm_e16,266,15012,17.67,0.71865666,0.71865666,1.1302625,False
lstm_e16,267,15012,20.47,0.7138517,0.7138517,0.87617576,False
lstm_e16,268,15012,26.52,0.533362,0.533362,0.6681706,True
lstm_e16,269,15012,31.149998,0.83797187,0.83797187,0.79550385,True
lstm_e16,270,15012,12.46,0.72229856,0.72229856,0.9042164,True
lstm_e16,271,15012,12.49,0.721178,0.721178,0.74448735,False
lstm_e16,272,15012,18.33,0.50188535,0.50188535,0.8258133,False
lstm_e16,273,15012,21.65,0.5780027,0.6259663,0.7765391,False
lstm_e16,274,15012,21.22,0.7575811,0.7575811,0.8584283,True
lstm_e16,275,15012,16.56,0.57110983,0.6234136,0.72404844,False
lstm_e16,276,15013,47.13,0.50187165,0.50187165,0.6621508,True
lstm_e16,277,15013,24.99,0.6794495,0.6794495,0.83518875,True
lstm_e16,278,15013,35.57,0.18466279,0.33491403,0.37835613,False
lstm_e16,279,15013,47.39,0.3780335,0.3780335,0.60923254,False
lstm_e16,280,15013,30.200003,0.44651476,0.44651476,0.60824126,True
lstm_e16,281,15013,42.31,0.74918365,0.74918365,0.81724644,True
lstm_e16,282,15013,17.94,0.4068523,0.4068523,0.57559586,False
lstm_e16,283,15013,21.34,0.6101281,0.6101281,0.6691925,True
lstm_e16,284,15013,29.35,0.28794056,0.28794056,0.6159779,False
lstm_e16,285,15013,43.96,0.41223967,0.41223967,0.83846456,False
lstm_e16,286,15013,43.57,0.51746196,0.5331585,0.6701532,True
lstm_e16,287,15013,35.49,0.3431829,0.3431829,0.5864189,False
lstm_e16,288,16001,30.35,0.5719993,0.6357741,0.77099705,True
lstm_e16,289,16001,30.72,0.7552323,0.7552323,0.8975621,True
lstm_e16,290,16001,24.59,0.67972106,0.8393806,0.9144524,True
lstm_e16,291,16001,32.02,0.5840107,0.5840107,0.7205255,True
lstm_e16,292,16001,18.47,0.6825556,0.6825556,0.7731128,False
lstm_e16,293,16001,38.72,0.94217306,0.94217306,0.90775883,True
lstm_e16,294,16001,13.41,0.59480685,0.66859853,0.8406283,True
lstm_e16,295,16001,16.45,0.80218655,0.80218655,0.9269408,True
lstm_e16,296,16001,15.46,0.62279594,0.62279594,0.95855963,False
lstm_e16,297,16001,27.86,0.6468057,0.6468057,0.9155011,False
lstm_e16,298,16001,27.78,0.59542495,0.7303185,0.8064751,True
lstm_e16,299,16001,18.27,0.88582927,0.88582927,1.1186677,True
lstm_e16,300,16003,71.78,0.6355318,0.6355318,0.68942714,True
lstm_e16,301,16003,45.31,0.6050251,0.6050251,0.78493726,False
lstm_e16,302,16003,63.63,0.9209801,0.9209801,0.9074522,True
lstm_e16,303,16003,51.64,0.55985177,0.55985177,0.55663335,False
lstm_e16,304,16003,62.7,0.8680388,0.8680388,0.9745229,True
lstm_e16,305,16003,75.74,0.777993,0.8078696,0.8881555,True
lstm_e16,306,16003,35.02,0.6017993,0.6017993,0.8409216,True
lstm_e16,307,16003,53.19,0.88891965,0.88891965,0.85693365,True
lstm_e16,308,16003,47.58,0.51775277,0.51775277,0.82029825,False
lstm_e16,309,16003,64.55,0.6011644,0.6011644,0.9283743,False
lstm_e16,310,16003,76.37,0.40720737,0.40720737,0.62857574,False
lstm_e16,311,16003,31.190002,0.94895965,0.94895965,1.1787577,True
lstm_e16,312,16004,27.44,0.63609,0.7715064,0.78864133,True
lstm_e16,313,16004,29.31,0.8024219,0.8024219,0.89087564,True
lstm_e16,314,16004,22.43,0.6633324,0.6633324,0.7718334,False
lstm_e16,315,16004,28.06,0.6509237,0.6509237,0.7577263,True
lstm_e16,316,16004,19.53,0.82156396,0.82156396,0.93063974,False
lstm_e16,317,16004,39.28,0.97603005,0.97603005,0.9283359,True
lstm_e16,318,16004,12.75,0.7109329,0.7792333,0.88294184,True
lstm_e16,319,16004,17.16,0.7795132,0.7795132,0.94299954,True
lstm_e16,320,16004,14.709999,1.0248369,1.0248369,0.9301913,True
lstm_e16,321,16004,22.04,0.82267034,0.8333745,0.9301287,False
lstm_e16,322,16004,24.99,0.79451734,0.79451734,0.8109625,True
lstm_e16,323,16004,16.98,0.95856434,0.95856434,1.0904982,True
lstm_e16,324,17001,31.82,0.6747561,0.6747561,0.867435,True
lstm_e16,325,17001,31.45,1.0151058,1.0151058,1.0035442,True
lstm_e16,326,17001,19.11,0.6514213,0.88332367,0.8252168,False
lstm_e16,327,17001,19.31,0.9443445,1.0530707,1.2933117,False
lstm_e16,328,17001,21.62,0.8584999,0.8584999,0.8137877,False
lstm_e16,329,17001,55.41,0.55224836,0.55224836,0.71041894,True
lstm_e16,330,17001,27.29,0.48825943,0.5235196,0.64018756,True
lstm_e16,331,17001,28.53,0.86470133,0.86470133,0.84778464,True
lstm_e16,332,17001,17.87,0.7021361,0.8440457,0.9119757,True
lstm_e16,333,17001,68.13,0.35875615,0.35875615,0.5969172,True
lstm_e16,334,17001,21.82,0.66385114,0.6814232,0.7935842,True
lstm_e16,335,17001,28.04,0.8644203,0.8644203,1.0110065,True
lstm_e16,336,17003,23.86,0.75182354,0.75182354,1.0178891,False
lstm_e16,337,17003,19.08,0.908409,0.908409,1.0158467,False
lstm_e16,338,17003,12.72,0.8979324,0.9899108,1.0994277,False
lstm_e16,339,17003,13.38,0.9961213,1.1259328,1.4893405,False
lstm_e16,340,17003,16.44,0.9414546,0.9414546,1.085208,False
lstm_e16,341,17003,16.28,1.1439196,1.1439196,1.2933422,True
lstm_e16,342,17003,11.76,1.1393094,1.1393094,1.0640649,True
lstm_e16,343,17003,14.21,1.3225079,1.3225079,1.1650633,True
lstm_e16,344,17003,9.29,1.3949957,1.3949957,1.1836506,True
lstm_e16,345,17003,21.16,0.8267776,0.8267776,1.109307,True
lstm_e16,346,17003,18.37,0.76788366,0.76788366,0.9436979,False
lstm_e16,347,17003,20.07,0.73172164,0.73172164,0.94966537,False
lstm_e16,348,17005,25.959997,0.6611651,0.6611651,0.85614485,False
lstm_e16,349,17005,19.17,0.7312751,0.7312751,0.90026706,False
lstm_e16,350,17005,15.43,0.7127401,0.7127401,0.99749434,False
lstm_e16,351,17005,20.49,0.6681207,0.6681207,0.9880323,True
lstm_e16,352,17005,21.15,0.5941485,0.5941485,0.81349343,False
lstm_e16,353,17005,20.14,0.6529532,0.6529532,0.7912906,False
lstm_e16,354,17005,17.28,0.60993624,0.68150085,0.793244,False
lstm_e16,355,17005,21.63,0.8782369,0.8782369,0.8236974,True
lstm_e16,356,17005,11.43,1.0782591,1.0782591,1.0128965,True
lstm_e16,357,17005,21.98,0.77015364,0.77015364,0.92699444,True
lstm_e16,358,17005,21.69,0.6796735,0.6796735,0.8127297,False
lstm_e16,359,17005,19.38,0.85948855,0.85948855,0.94252366,False
lstm_e16,360,18001,41.75,0.55864394,0.55864394,0.619524,True
lstm_e16,361,18001,35.06,0.76578015,0.76578015,0.90948087,True
lstm_e16,362,18001,28.39,0.4868587,0.6314161,0.8119479,False
lstm_e16,363,18001,21.69,0.67428243,0.7760138,0.95828515,False
lstm_e16,364,18001,22.41,0.5664177,0.6579764,0.7596839,False
lstm_e16,365,18001,40.99,1.0901538,1.0901538,1.178951,True
lstm_e16,366,18001,20.59,0.52267677,0.52267677,0.66962713,False
lstm_e16,367,18001,23.5,0.9854152,0.9854152,0.9758173,True
lstm_e16,368,18001,18.24,0.5061629,0.5061629,0.7136402,False
lstm_e16,369,18001,40.65,0.54556346,0.54556346,0.7269508,False
lstm_e16,370,18001,22.88,0.6498177,0.66827303,0.92426926,False
lstm_e16,371,18001,27.35,0.7265387,0.7265387,1.0019572,True
lstm_e16,372,18002,41.68,0.37984946,0.61519945,0.64417243,True
lstm_e16,373,18002,33.85,0.5125849,0.5125849,0.5923646,True
lstm_e16,374,18002,31.76,0.3879928,0.56852436,0.6381318,True
lstm_e16,375,18002,18.94,0.6887123,0.6887123,0.91866803,True
lstm_e16,376,18002,18.81,0.340545,0.39773142,0.6000861,False
lstm_e16,377,18002,33.54,0.862698,0.862698,0.8499922,True
lstm_e16,378,18002,21.46,0.42877734,0.42877734,0.6623311,False
lstm_e16,379,18002,30.02,0.37563083,0.4798197,0.54334784,True
lstm_e16,380,18002,14.869999,0.6712225,0.6712225,0.78619325,False
lstm_e16,381,18002,36.82,0.44482857,0.48392382,0.6186986,True
lstm_e16,382,18002,24.66,0.43121523,0.46207038,0.69197494,False
lstm_e16,383,18003,29.490002,0.6541218,0.83010316,0.900779,True
lstm_e16,384,18003,35.89,0.8377311,0.8377311,0.8979859,True
lstm_e16,385,18003,25.84,0.68477154,0.68477154,0.7921937,False
lstm_e16,386,18003,34.64,0.67788064,0.67788064,0.7024694,True
lstm_e16,387,18003,31.300001,0.58850765,0.58850765,0.63663304,False
lstm_e16,388,18003,52.88,0.6135252,0.6135252,0.67734975,True
lstm_e16,389,18003,19.42,0.6350152,0.6350152,0.76087177,True
lstm_e16,390,18003,26.21,0.679357,0.6998121,0.75726813,True
lstm_e16,391,18003,20.23,0.7809662,0.8208097,0.7967397,True
lstm_e16,392,18003,36.13,0.7147266,0.71813476,0.9261966,True
lstm_e16,393,18003,39.48,0.4939977,0.4939977,0.5560069,False
lstm_e16,394,18003,20.79,1.0949152,1.0949152,1.071876,True
lstm_e16,395,19001,23.950003,0.90447503,0.90447503,0.9468236,True
lstm_e16,396,19001,19.17,0.6524296,0.6524296,0.91593444,False
lstm_e16,397,19001,13.27,0.62056047,0.6768549,0.99541014,False
lstm_e16,398,19001,19.78,0.67311263,0.67311263,1.0542437,True
lstm_e16,399,19001,16.28,0.95890707,0.95890707,0.9209617,True
lstm_e16,400,19001,19.17,0.664887,0.664887,0.82828355,False
lstm_e16,401,19001,13.51,0.6177599,0.6177599,0.8111711,True
lstm_e16,402,19001,15.17,0.9009281,0.9009281,0.8334728,True
lstm_e16,403,19001,12.14,0.8244364,0.8244364,0.92190266,True
lstm_e16,404,19001,18.42,0.6721195,0.6721195,0.8706168,False
lstm_e16,405,19001,24.22,0.56859607,0.71863174,0.75611645,True
lstm_e16,406,19001,16.35,1.0303156,1.0303156,0.83530027,True
lstm_e16,407,19006,16.139997,0.88797253,0.88797253,0.9323212,True
lstm_e16,408,19006,16.08,0.61476344,0.61476344,0.71245563,False
lstm_e16,409,19006,9.58,0.7303913,1.0014651,0.8871041,True
lstm_e16,410,19006,13.35,0.7270566,0.7270566,0.84842396,True
lstm_e16,411,19006,9.02,0.73693097,0.8015443,0.9135573,False
lstm_e16,412,19006,17.99,0.98711175,0.98711175,0.8817709,True
lstm_e16,413,19006,13.72,0.98616594,0.98616594,0.9421181,True
lstm_e16,414,19006,10.58,0.8077833,0.8077833,0.76568353,False
lstm_e16,415,19006,12.11,1.0856616,1.0856616,0.9101776,True
lstm_e16,416,19006,12.3,0.61821485,0.75475746,0.83975863,False
lstm_e16,417,19006,20.04,0.69917566,0.69917566,0.77806276,True
lstm_e16,418,19006,10.77,0.75938994,0.75938994,0.7882034,False
lstm_e16,419,19010,20.23,0.61778605,0.61778605,0.7228729,True
lstm_e16,420,19010,11.93,0.8189258,0.8189258,0.959328,False
lstm_e16,421,19010,6.51,0.96248096,1.225518,0.9427483,False
lstm_e16,422,19010,5.87,0.81627125,0.81627125,0.78864074,True
lstm_e16,423,19010,3.81,0.9934672,1.0440552,1.1296674,False
lstm_e16,424,19010,8.87,1.1363658,1.1363658,1.2249656,False
lstm_e16,425,19010,7.25,1.4273492,1.4273492,1.435438,False
lstm_e16,426,19010,4.54,2.2533205,2.2533205,2.0481465,True
lstm_e16,427,19010,6.05,2.4464545,2.4464545,1.8555689,True
lstm_e16,428,19010,6.5,1.4109503,1.4109503,1.4030465,True
lstm_e16,429,19010,7.4,1.4376515,1.4376515,1.5328532,True
lstm_e16,430,19010,5.21,0.9942255,0.9992837,1.1421386,False
lstm_e16,431,20002,12.41,0.963546,0.963546,0.97045046,True
lstm_e16,432,20002,8.180001,0.81073093,0.81073093,1.0288657,True
lstm_e16,433,20002,7.31,1.0675875,1.0675875,1.0383688,True
lstm_e16,434,20002,2.4100003,0.80506676,0.80506676,0.8763095,True
lstm_e16,435,20002,2.54,0.7183392,0.7183392,0.72125846,True
lstm_e16,436,20002,8.88,1.0158008,1.0158008,0.954594,True
lstm_e16,437,20002,6.45,0.7871323,0.7871323,0.7721419,False
lstm_e16,438,20002,9.34,0.80409306,0.80409306,0.8853602,True
lstm_e16,439,20002,5.92,0.64966726,1.0292943,0.9772411,True
lstm_e16,440,20002,10.65,0.6404493,0.6404493,0.671803,True
lstm_e16,441,20002,10.24,0.7821237,1.0369598,0.9167694,True
lstm_e16,442,20002,6.41,0.70413435,0.70413435,0.79098576,True
lstm_e16,443,20003,15.3,0.3202885,0.46028206,0.6302513,False
lstm_e16,444,20003,16.26,0.51220334,0.51220334,0.60940194,False
lstm_e16,445,20003,10.12,0.52192205,0.5818777,0.7638898,False
lstm_e16,446,20003,8.02,0.3325254,0.51235104,0.57812023,False
lstm_e16,447,20003,4.8500004,0.48107606,0.509856,0.82802165,False
lstm_e16,448,20003,14.6,0.6967241,0.6967241,0.938625,True
lstm_e16,449,20003,11.22,0.37671596,0.37671596,0.5356117,False
lstm_e16,450,20003,6.9700003,0.903411,0.98185843,0.997956,True
lstm_e16,451,20003,7.38,0.82637054,0.82637054,0.71112853,False
lstm_e16,452,20003,11.94,0.96548474,0.96548474,1.3331513,True
lstm_e16,453,20003,11.24,0.7395816,0.7516302,0.9422927,False
lstm_e16,454,20003,7.339999,0.9890134,0.9890134,1.0108297,True
lstm_e16,455,20007,14.520001,0.9626912,0.9626912,1.0458528,True
lstm_e16,456,20007,19.67,0.95859736,0.95859736,0.8060631,True
lstm_e16,457,20007,13.83,0.7653378,0.7653378,0.8258419,True
lstm_e16,458,20007,8.49,0.6099897,0.9683635,1.11658,True
lstm_e16,459,20007,4.94,1.0785888,1.0785888,1.0913357,True
lstm_e16,460,20007,13.779999,0.7986836,0.7986836,0.830855,False
lstm_e16,461,20007,19.67,0.7659361,0.8504679,1.2192843,True
lstm_e16,462,20007,8.43,0.5459827,0.5459827,0.9290948,False
lstm_e16,463,20007,14.64,1.3112632,1.3112632,1.0433769,True
lstm_e16,464,20007,12.38,0.94671303,0.94671303,1.2986846,False
lstm_e16,465,20007,12.12,1.0235517,1.0235517,1.3570969,False
lstm_e16,466,20007,6.08,0.6215892,0.6215892,0.942234,False
lstm_e16,467,21003,14.83,0.82481873,0.82481873,1.0658578,True
lstm_e16,468,21003,17.0,0.5513145,0.79612726,0.80587333,True
lstm_e16,469,21003,12.61,0.5458791,0.6640023,0.8392741,False
lstm_e16,470,21003,25.8,0.7489498,0.7489498,0.9906077,True
lstm_e16,471,21003,16.72,0.862146,0.862146,0.8556196,True
lstm_e16,472,21003,37.96,0.7403597,0.7403597,0.81096464,True
lstm_e16,473,21003,12.1,0.61190104,0.61190104,0.8178408,False
lstm_e16,474,21003,17.86,0.55369616,0.56323844,0.6477335,True
lstm_e16,475,21003,13.03,0.8402279,0.8402279,1.0230118,True
lstm_e16,476,21003,18.63,0.5956062,0.6259662,0.8045649,False
lstm_e16,477,21003,18.44,0.48898536,0.48898536,0.6404935,False
lstm_e16,478,21003,25.72,0.60394645,0.60394645,0.77550477,True
lstm_e16,479,21006,15.59,0.6670288,0.84233385,0.7799473,True
lstm_e16,480,21006,18.03,0.5389328,0.7600591,0.7823803,True
lstm_e16,481,21006,14.71,0.6358485,0.90177155,0.8729212,True
lstm_e16,482,21006,24.56,0.82954836,0.82954836,1.1017087,True
lstm_e16,483,21006,13.89,1.0557367,1.0557367,1.059564,True
lstm_e16,484,21006,36.29,0.8195313,0.8195313,0.91118073,True
lstm_e16,485,21006,12.64,0.5922566,0.5922566,0.78348416,False
lstm_e16,486,21006,21.95,0.5568999,0.5568999,0.6396879,True
lstm_e16,487,21006,14.09,0.9089735,0.9089735,1.1157563,True
lstm_e16,488,21006,26.12,0.92496103,0.92496103,1.0685668,True
lstm_e16,489,21006,19.77,0.6308066,0.6308066,0.7016303,False
lstm_e16,490,21006,25.54,0.63869375,0.63869375,0.831967,False
lstm_e16,491,21008,18.06,0.6373432,0.6373432,0.78497154,False
lstm_e16,492,21008,15.310001,0.6308358,0.6308358,0.80386853,False
lstm_e16,493,21008,15.140001,0.61182165,0.61182165,0.83352995,False
lstm_e16,494,21008,18.27,0.8364905,0.8364905,0.7343469,True
lstm_e16,495,21008,14.16,0.8069172,0.8069172,0.84158593,True
lstm_e16,496,21008,42.74,0.536947,0.5463498,0.7105945,True
lstm_e16,497,21008,13.870001,0.48657656,0.48657656,0.6839431,False
lstm_e16,498,21008,20.99,0.5579542,0.56300116,0.6624125,True
lstm_e16,499,21008,14.300001,0.76528597,0.76528597,0.85342425,False
lstm_e16,500,21008,29.24,0.8344309,0.8344309,0.9207151,True
lstm_e16,501,21008,14.960001,0.50851774,0.8947123,0.8447035,False
lstm_e16,502,21008,22.02,0.57502973,0.57502973,0.70659703,True
lstm_e16,503,21009,13.209999,0.7614493,0.7614493,0.87985814,True
lstm_e16,504,21009,12.35,0.77286196,0.77286196,0.8659642,True
lstm_e16,505,21009,11.119999,0.784414,0.8631874,0.8358522,False
lstm_e16,506,21009,13.9,0.7546022,0.7546022,0.8708625,True
lstm_e16,507,21009,9.699999,0.86882275,0.86882275,0.95366883,True
lstm_e16,508,21009,21.55,0.673015,0.74219334,0.88194555,True
lstm_e16,509,21009,10.699999,0.56892467,0.56892467,0.67052287,False
lstm_e16,510,21009,16.29,0.56929237,0.56929237,0.6932694,True
lstm_e16,511,21009,9.140001,0.8299628,0.8299628,0.93532366,True
lstm_e16,512,21009,18.81,0.8563508,0.8563508,1.0302458,True
lstm_e16,513,21009,12.1,0.8824635,0.89526385,0.96147186,False
lstm_e16,514,21009,14.109999,0.54731196,0.61491495,0.7018579,False
lstm_e16,515,21011,21.53,0.7451305,0.7451305,0.7334655,True
lstm_e16,516,21011,24.73,0.5201025,0.7786507,0.7002747,True
lstm_e16,517,21011,20.74,0.82531244,0.82531244,0.9266887,True
lstm_e16,518,21011,25.03,0.7712832,0.7712832,0.9223132,False
lstm_e16,519,21011,11.99,0.8861641,1.0708562,1.1452796,False
lstm_e16,520,21011,39.51,0.5403845,0.5403845,0.77694726,False
lstm_e16,521,21011,13.38,0.56540704,0.6156492,0.82485706,False
lstm_e16,522,21011,29.29,0.6557434,0.6557434,0.6401289,True
lstm_e16,523,21011,17.88,0.80183864,0.80183864,0.9368794,False
lstm_e16,524,21011,39.4,0.60105807,0.60105807,0.8770241,True
lstm_e16,525,21011,35.41,0.5061351,0.5061351,0.55036724,True
lstm_e16,526,21011,23.78,0.8184895,0.8184895,1.0348212,False
lstm_e16,527,21012,35.47,0.6650271,0.6650271,0.8419647,True
lstm_e16,528,21012,22.510002,0.54321676,0.54321676,0.9071113,False
lstm_e16,529,21012,20.75,0.55638564,0.55638564,0.8590393,False
lstm_e16,530,21012,29.799995,0.5678359,0.7407205,0.87603533,True
lstm_e16,531,21012,18.46,0.38551518,0.81475556,0.8847563,False
lstm_e16,532,21012,70.18,0.5915507,0.5915507,0.771441,True
lstm_e16,533,21012,17.690002,0.60369474,0.60369474,0.8484685,True
lstm_e16,534,21012,36.17,0.6104115,0.6104115,0.68325573,True
lstm_e16,535,21012,20.740002,1.1054487,1.1054487,1.1195142,True
lstm_e16,536,21012,38.46,0.6533368,0.6533368,0.74328625,False
lstm_e16,537,21012,30.839996,0.5878969,0.6230861,0.92219305,True
lstm_e16,538,21012,44.18,0.74346507,0.74346507,0.85317343,True
lstm_e16,539,21013,18.88,0.6174027,0.6174027,0.76010585,False
lstm_e16,540,21013,13.58,0.767996,0.767996,0.9152435,True
lstm_e16,541,21013,20.96,0.44022697,0.45971027,0.6027858,False
lstm_e16,542,21013,13.34,0.5944826,0.63116384,0.74026877,True
lstm_e16,543,21013,10.76,0.9194858,0.9194858,0.9264171,True
lstm_e16,544,21013,21.41,0.8132844,0.8132844,0.9152827,False
lstm_e16,545,21013,15.45,0.44574305,0.44574305,0.850702,True
lstm_e16,546,21013,9.52,0.9902503,0.9902503,1.0014644,False
lstm_e16,547,21013,8.32,0.979379,0.979379,0.9676639,True
lstm_e16,548,21013,17.34,0.55375695,0.55375695,0.78381175,False
lstm_e16,549,21013,16.53,0.75961477,0.75961477,0.88905615,False
lstm_e16,550,21013,21.87,0.48619968,0.48619968,0.7174655,True
lstm_e16,551,21015,16.18,0.30485502,0.41453144,0.5408333,False
lstm_e16,552,21015,19.12,0.67385465,0.67385465,0.9102668,True
lstm_e16,553,21015,20.0,0.65848,0.65848,0.85478157,True
lstm_e16,554,21015,8.64,0.4500858,0.6596893,0.85162693,False
lstm_e16,555,21015,7.68,0.535111,0.535111,0.827766,False
lstm_e16,556,21015,20.24,0.7648465,0.7648465,1.1532749,True
lstm_e16,557,21015,20.51,0.31851262,0.31851262,0.51942474,True
lstm_e16,558,21015,10.42,1.0600156,1.0600156,1.1905065,True
lstm_e16,559,21015,8.48,1.0480056,1.0480056,1.0059805,False
lstm_e16,560,21015,8.540001,1.3871067,1.3871067,1.5360813,True
lstm_e16,561,21015,17.22,0.8215806,0.8215806,0.9444719,False
lstm_e16,562,21015,15.290001,0.49909922,0.49909922,0.7212127,False
lstm_e16,563,21016,15.9,0.3815,0.5931018,0.5916055,False
lstm_e16,564,21016,16.2,0.6116906,0.6116906,0.9690392,False
lstm_e16,565,21016,11.94,0.6123314,0.78141826,0.80250514,False
lstm_e16,566,21016,6.82,0.8936031,0.8936031,1.1102498,False
lstm_e16,567,21016,6.56,0.65890354,0.7268882,0.98627,False
lstm_e16,568,21016,23.47,0.9000263,0.9000263,1.1452025,True
lstm_e16,569,21016,13.48,0.7533745,0.7533745,0.75384676,True
lstm_e16,570,21016,21.22,0.39920413,0.39920413,0.75450665,False
lstm_e16,571,21016,17.46,0.9063928,0.9063928,1.1391138,True
lstm_e16,572,21016,10.73,0.81728214,0.81728214,0.97306025,False
lstm_e16,573,21016,36.15,0.5817583,0.5817583,0.6541457,True
lstm_e16,574,21016,18.09,0.48957774,0.51677364,0.89857167,False
lstm_e16,575,21017,65.590004,0.82839775,0.82839775,0.8915998,True
lstm_e16,576,21017,44.89,1.0243722,1.0243722,1.0563843,True
lstm_e16,577,21017,66.740005,0.7491214,0.7491214,0.95034546,True
lstm_e16,578,21017,56.21,0.8104112,0.8104112,1.2118053,False
lstm_e16,579,21017,41.439995,0.7475645,0.7475645,1.0583575,False
lstm_e16,580,21017,64.05,0.9789549,0.9789549,1.0735816,True
lstm_e16,581,21017,35.53,0.85814756,0.85814756,1.0308553,False
lstm_e16,582,21017,86.06,0.5821457,0.5821457,0.7124678,True
lstm_e16,583,21017,35.66,0.92548877,0.92548877,1.2172437,False
lstm_e16,584,21017,66.45,0.86855614,0.86855614,1.1589079,True
lstm_e16,585,21017,67.25,0.5292287,0.55944765,0.72613865,False
lstm_e16,586,21017,74.1,1.071305,1.071305,1.1567779,True
lstm_e16,587,21018,16.610003,0.8025287,0.8025287,0.94165397,True
lstm_e16,588,21018,16.78,0.56864756,0.56864756,0.625564,False
lstm_e16,589,21018,11.439999,0.8216262,0.8216262,0.9425003,False
lstm_e16,590,21018,14.109999,0.9014859,0.9014859,1.1701415,True
lstm_e16,591,21018,16.51,0.6922178,0.6922178,0.7837179,True
lstm_e16,592,21018,25.74,0.943567,0.943567,1.0144501,True
lstm_e16,593,21018,10.67,0.65092456,0.65092456,0.9147551,False
lstm_e16,594,21018,11.67,0.6813403,0.6813403,0.6776077,True
lstm_e16,595,21018,8.39,0.7675453,0.7675453,0.8281609,False
lstm_e16,596,21018,11.559999,0.5867594,0.5867594,0.7585155,False
lstm_e16,597,21018,10.18,0.80752623,0.80752623,0.9792232,False
lstm_e16,598,21018,21.38,0.6277479,0.6277479,0.6916835,True
lstm_e16,599,21022,16.7,0.7889458,0.7889458,1.020764,False
lstm_e16,600,21022,29.399998,0.67462367,0.67462367,0.81644845,True
lstm_e16,601,21022,19.42,0.46798253,0.47221243,0.76709354,False
lstm_e16,602,21022,7.5,0.8463131,0.8463131,0.9597116,True
lstm_e16,603,21022,5.93,0.69607925,0.69607925,0.919643,False
lstm_e16,604,21022,24.45,0.6625453,0.6625453,0.9462168,True
lstm_e16,605,21022,28.400002,0.43341148,0.43341148,0.62927985,True
lstm_e16,606,21022,10.78,0.78678733,0.78678733,0.99657756,False
lstm_e16,607,21022,18.1,1.0938547,1.0938547,1.1313629,True
lstm_e16,608,21022,13.94,0.6584304,0.6584304,0.85562634,False
lstm_e16,609,21022,25.24,0.78226537,0.78226537,0.9358688,True
lstm_e16,610,21022,16.88,0.5730286,0.68818176,1.0691395,True
lstm_e16,611,21023,19.69,0.530243,0.530243,0.591446,False
lstm_e16,612,21023,24.26,0.8691904,0.8691904,1.0621473,True
lstm_e16,613,21023,18.72,0.848049,0.848049,1.0722301,True
lstm_e16,614,21023,19.09,0.112483636,0.18810673,0.345579,False
lstm_e16,615,21023,12.18,0.52191466,0.52191466,0.5926213,True
lstm_e16,616,21023,43.15,0.13564238,0.22100392,0.26310182,False
lstm_e16,617,21023,22.59,0.5729365,0.5729365,0.79336286,True
lstm_e16,618,21023,25.99,0.16567884,0.16567884,0.27403653,False
lstm_e16,619,21023,10.33,0.64252466,0.64252466,0.81890786,True
lstm_e16,620,21023,34.67,0.23390219,0.23390219,0.37081677,False
lstm_e16,621,21023,17.54,0.94673574,1.2089843,1.2243783,True
lstm_e16,622,21023,24.48,0.113690495,0.23915114,0.23839684,False
lstm_e16,623,21024,26.86,0.5825183,0.5825183,0.7138363,True
lstm_e16,624,21024,14.79,0.6419495,0.6419495,0.85170954,False
lstm_e16,625,21024,20.0,0.65604204,0.65604204,0.87959874,False
lstm_e16,626,21024,21.32,0.9628865,0.9628865,0.7866334,True
lstm_e16,627,21024,12.98,0.7365684,0.7365684,0.76425344,False
lstm_e16,628,21024,41.01,0.6667944,0.6667944,0.87477225,True
lstm_e16,629,21024,14.72,0.7154867,0.7154867,0.9318274,True
lstm_e16,630,21024,16.97,0.5246138,0.8306872,0.75062174,True
lstm_e16,631,21024,15.63,1.0352098,1.0352098,1.2722917,True
lstm_e16,632,21024,30.63,0.616366,0.616366,0.72980464,False
lstm_e16,633,21024,19.76,0.48015624,0.48015624,0.7627269,False
lstm_e16,634,21024,15.04,0.858747,0.858747,1.1570798,True
lstm_e16,635,22001,13.82,0.5524612,0.5524612,0.5980489,False
lstm_e16,636,22001,37.06,0.75932956,0.75932956,0.9467752,True
lstm_e16,637,22001,18.079998,0.7968001,0.7968001,0.78818494,True
lstm_e16,638,22001,17.629997,0.58496636,0.58496636,0.77468854,True
lstm_e16,639,22001,6.08,0.63408154,0.63408154,0.7999348,False
lstm_e16,640,22001,34.96,0.76675427,0.76675427,0.8795024,True
lstm_e16,641,22001,23.309998,0.7155072,0.7155072,0.8143534,True
lstm_e16,642,22001,18.829998,0.5700484,0.5700484,0.75807506,True
lstm_e16,643,22001,20.169998,0.6888189,0.6974146,0.9465807,True
lstm_e16,644,22001,11.06,0.75791305,0.75791305,0.92435205,False
lstm_e16,645,22001,27.64,0.7012874,0.7012874,0.8100576,True
lstm_e16,646,22001,17.18,0.7462875,0.7462875,0.8981361,True
lstm_e16,647,22006,11.49,0.30220672,0.6568115,0.5965219,True
lstm_e16,648,22006,27.59,0.8344197,0.8344197,0.9811243,True
lstm_e16,649,22006,14.400001,0.7149893,0.7149893,0.84298015,False
lstm_e16,650,22006,9.76,0.5844068,0.5844068,0.64949566,True
lstm_e16,651,22006,2.84,0.5206917,0.5206917,0.57678217,False
lstm_e16,652,22006,31.48,0.79435086,0.79435086,0.9231337,True
lstm_e16,653,22006,9.16,0.9886548,0.9886548,0.91247475,True
lstm_e16,654,22006,13.69,0.70255446,0.70255446,0.90793777,True
lstm_e16,655,22006,9.42,0.9501214,0.9501214,0.9351484,True
lstm_e16,656,22006,12.220001,1.0163245,1.0163245,1.111898,True
lstm_e16,657,22006,18.91,0.7157216,0.7157216,0.97821975,False
lstm_e16,658,22006,8.3,0.7402423,0.7402423,0.8613749,False
lstm_e16,659,22007,13.33,0.37122428,0.6957262,0.63028955,True
lstm_e16,660,22007,31.25,0.90784895,0.90784895,0.9332236,True
lstm_e16,661,22007,20.07,0.3731726,0.563257,0.747628,False
lstm_e16,662,22007,13.42,0.6720976,0.6720976,0.81030816,True
lstm_e16,663,22007,4.66,0.65488565,0.65488565,0.7830419,False
lstm_e16,664,22007,39.22,0.8087241,0.8087241,0.8793041,True
lstm_e16,665,22007,10.42,1.1640381,1.1640381,1.0087322,True
lstm_e16,666,22007,22.57,0.5411237,0.5411237,0.6593071,True
lstm_e16,667,22007,28.79,0.5679077,0.5679077,0.82087284,True
lstm_e16,668,22007,15.87,0.573151,0.573151,0.76280296,False
lstm_e16,669,22007,25.92,0.63576,0.63576,0.7387362,True
lstm_e16,670,22007,15.26,0.7993542,0.7993542,0.9492881,True
lstm_e16,671,22009,12.24,0.90284956,1.0508132,1.1684701,True
lstm_e16,672,22009,38.21,0.7071298,0.7071298,0.99458003,True
lstm_e16,673,22009,22.13,0.7252705,0.7252705,0.72062695,True
lstm_e16,674,22009,18.25,0.5271969,0.5271969,0.82908493,False
lstm_e16,675,22009,8.42,0.63443136,0.63443136,0.8671995,False
lstm_e16,676,22009,41.2,0.78821236,0.78821236,0.8563089,True
lstm_e16,677,22009,27.72,0.51865906,0.51865906,0.73160976,True
lstm_e16,678,22009,18.91,0.51449597,0.51449597,0.70185137,False
lstm_e16,679,22009,23.34,0.7352963,0.7352963,1.0483259,True
lstm_e16,680,22009,16.61,0.7056148,0.7056148,1.011916,True
lstm_e16,681,22009,30.47,0.7264203,0.7264203,0.80223924,True
lstm_e16,682,22009,16.48,0.7535105,0.7535105,1.0308099,True
lstm_e16,683,23001,22.87,0.66296846,0.7300778,0.9426185,True
lstm_e16,684,23001,18.26,0.8964601,0.8964601,1.0466547,True
lstm_e16,685,23001,15.869999,0.51426035,0.68180025,0.7133675,False
lstm_e16,686,23001,12.81,1.181403,1.181403,0.98113996,True
lstm_e16,687,23001,14.08,0.8169517,0.9172677,0.9705688,True
lstm_e16,688,23001,57.67,0.65267277,0.65267277,0.83186036,True
lstm_e16,689,23001,10.1,0.6080398,0.8908753,0.95090806,False
lstm_e16,690,23001,13.93,0.68422586,0.9582516,1.0006738,True
lstm_e16,691,23001,20.899998,0.737512,0.737512,0.99087065,True
lstm_e16,692,23001,25.69,0.84329915,0.84329915,1.096613,True
lstm_e16,693,23001,15.75,1.0460542,1.1862432,1.1232241,True
lstm_e16,694,23001,17.86,0.7860486,0.7860486,1.0099224,True
lstm_e16,695,23004,31.68,0.6021638,0.6021638,0.9664294,False
lstm_e16,696,23004,27.19,0.8826953,0.8826953,0.9107375,True
lstm_e16,697,23004,28.34,0.63173777,0.63173777,0.99476945,False
lstm_e16,698,23004,19.36,0.7234438,0.9637798,1.057951,True
lstm_e16,699,23004,23.16,0.88448906,0.88448906,0.9819928,True
lstm_e16,700,23004,79.85,0.69854057,0.69854057,0.91916007,True
lstm_e16,701,23004,19.59,0.5776598,0.75841826,0.9804779,True
lstm_e16,702,23004,18.43,0.8501983,0.8501983,1.0045565,True
lstm_e16,703,23004,25.92,0.5906851,0.5906851,0.9254869,False
lstm_e16,704,23004,30.19,0.76045096,0.76045096,0.9644561,True
lstm_e16,705,23004,25.23,1.0996372,1.0996372,1.239394,True
lstm_e16,706,23004,25.0,0.7290586,0.7290586,0.9464088,True
lstm_e16,707,23006,37.71,0.6910204,0.6910204,1.0182631,False
lstm_e16,708,23006,48.41,0.8003898,0.8003898,0.9197102,True
lstm_e16,709,23006,34.77,0.618299,0.618299,1.009485,False
lstm_e16,710,23006,27.28,0.76458985,0.8004421,0.987525,True
lstm_e16,711,23006,26.75,0.88817716,0.88817716,0.9846076,True
lstm_e16,712,23006,74.89,0.88094294,0.88094294,1.0304995,True
lstm_e16,713,23006,25.25,0.5837429,0.9373266,0.9579384,True
lstm_e16,714,23006,29.02,0.7752133,0.7752133,0.88637286,True
lstm_e16,715,23006,32.68,0.8424641,0.8424641,0.96639687,True
lstm_e16,716,23006,38.25,0.89537615,0.89537615,0.9355991,True
lstm_e16,717,23006,35.04,1.0653949,1.0653949,1.1734532,True
lstm_e16,718,23006,31.29,0.70912296,0.70912296,0.9000651,True
lstm_e16,719,23007,8.29,0.27831814,0.45910037,0.5541235,False
lstm_e16,720,23007,16.75,0.86610496,0.86610496,0.8707894,True
lstm_e16,721,23007,17.85,0.72801036,0.72801036,0.7732984,True
lstm_e16,722,23007,10.62,0.56295204,0.56295204,0.6113739,True
lstm_e16,723,23007,2.89,1.194584,1.194584,1.0810583,True
lstm_e16,724,23007,28.33,0.43443015,0.43443015,0.5356349,False
lstm_e16,725,23007,5.59,0.55591327,0.87800425,0.8071672,True
lstm_e16,726,23007,7.93,0.54340655,0.54340655,0.732392,False
lstm_e16,727,23007,9.07,0.62078846,0.62078846,0.80245346,False
lstm_e16,728,23007,13.14,0.5296113,0.5620188,0.5877622,True
lstm_e16,729,23007,19.83,0.47863415,0.47863415,0.5557932,True
lstm_e16,730,23007,6.87,0.68336046,0.68336046,0.889233,False
lstm_e16,731,23008,26.78,0.56752914,0.56752914,0.69556695,True
lstm_e16,732,23008,27.53,0.7647981,0.7647981,1.0022469,True
lstm_e16,733,23008,21.83,0.6830022,0.6830022,0.61464113,False
lstm_e16,734,23008,18.35,1.0066415,1.0066415,0.8783483,True
lstm_e16,735,23008,14.190001,0.32621634,0.32621634,0.6483561,False
lstm_e16,736,23008,54.56,0.5359502,0.5359502,0.72866464,True
lstm_e16,737,23008,14.739998,0.7223472,0.7223472,0.8873703,False
lstm_e16,738,23008,22.56,0.53060603,0.53060603,0.7096867,True
lstm_e16,739,23008,45.25,0.43236744,0.43236744,0.7367443,True
lstm_e16,740,23008,36.04,0.5366819,0.5366819,0.84160274,True
lstm_e16,741,23008,24.7,0.7044347,0.7044347,0.70671624,True
lstm_e16,742,23008,21.3,0.5987925,0.5987925,0.7797744,False
lstm_e16,743,23011,65.32,0.72117674,0.72117674,0.7515487,True
lstm_e16,744,23011,24.18,0.5362475,0.5362475,1.0818359,False
lstm_e16,745,23011,35.24,1.0909472,1.0909472,1.2018168,True
lstm_e16,746,23011,26.84,1.0223709,1.298713,1.2450489,True
lstm_e16,747,23011,27.72,0.38040227,0.38040227,0.71616966,False
lstm_e16,748,23011,67.83,0.9063887,0.9063887,1.0996327,True
lstm_e16,749,23011,27.87,0.96331364,0.96331364,0.9327093,True
lstm_e16,750,23011,48.07,0.7584277,0.7584277,0.7825974,True
lstm_e16,751,23011,32.26,0.8906092,0.8906092,1.0343691,False
lstm_e16,752,23011,52.64,0.7947495,0.7947495,0.8231648,True
lstm_e16,753,23011,29.93,0.9483707,0.9483707,1.181205,False
lstm_e16,754,23011,47.19,0.60420984,0.60420984,0.78660065,False
lstm_e16,755,24001,15.03,0.8252723,0.8252723,0.8844978,True
lstm_e16,756,24001,29.530003,0.9248117,0.9248117,1.0213332,True
lstm_e16,757,24001,32.15,0.6849858,0.6849858,0.87385094,True
lstm_e16,758,24001,12.88,0.5912348,0.90952593,0.9222523,True
lstm_e16,759,24001,8.02,0.8809794,0.8809794,0.95434177,True
lstm_e16,760,24001,33.71,0.6010656,0.6010656,0.8629965,False
lstm_e16,761,24001,10.08,0.8504722,0.8504722,0.87506515,True
lstm_e16,762,24001,12.78,0.68092346,0.68092346,0.8764637,True
lstm_e16,763,24001,13.98,0.62255603,0.62255603,0.851793,False
lstm_e16,764,24001,23.78,0.6846549,0.6846549,1.0150645,True
lstm_e16,765,24001,14.9,0.8482939,0.8482939,0.91570824,False
lstm_e16,766,24001,23.13,0.5782031,0.5782031,0.8545886,True
lstm_e16,767,24003,37.5,0.6834386,0.6834386,0.7201265,True
lstm_e16,768,24003,31.72,0.8259105,0.8259105,0.8822489,True
lstm_e16,769,24003,33.76,0.8185726,0.8185726,0.9323841,True
lstm_e16,770,24003,27.34,0.4955162,0.4955162,0.8450911,False
lstm_e16,771,24003,17.23,0.68153477,0.68153477,0.84868556,True
lstm_e16,772,24003,69.22,0.72981596,0.72981596,0.86589366,True
lstm_e16,773,24003,14.49,0.64485306,0.64485306,0.8606998,False
lstm_e16,774,24003,26.69,0.37892514,0.3999394,0.6104824,False
lstm_e16,775,24003,43.52,0.6213182,0.6213182,0.6899422,True
lstm_e16,776,24003,27.39,0.27124247,0.27124247,0.3816666,False
lstm_e16,777,24003,39.29,0.52662396,0.52662396,0.69748765,True
lstm_e16,778,24004,15.5,0.94325966,0.94325966,0.9822329,True
lstm_e16,779,24004,21.91,1.0200962,1.0470386,1.1829766,True
lstm_e16,780,24004,22.38,0.9325992,0.9325992,1.0405713,True
lstm_e16,781,24004,15.04,0.84666085,0.84666085,0.9019571,True
lstm_e16,782,24004,7.13,0.74177605,0.74177605,1.1557121,False
lstm_e16,783,24004,22.03,0.55980825,0.55980825,0.7921175,False
lstm_e16,784,24004,10.44,0.82680094,0.82680094,1.0990467,True
lstm_e16,785,24004,12.36,0.59671676,0.64482456,0.8174657,False
lstm_e16,786,24004,12.96,0.6784527,0.6784527,0.96038646,False
lstm_e16,787,24004,13.64,1.2839231,1.2839231,1.1269289,True
lstm_e16,788,24004,16.67,0.905562,0.905562,1.098344,False
lstm_e16,789,24004,19.35,0.7459225,0.7459225,0.90317893,True
lstm_e16,790,24005,11.39,0.2725886,0.4736331,0.61145055,True
lstm_e16,791,24005,21.77,0.9400455,0.9400455,0.99553293,True
lstm_e16,792,24005,30.31,0.63939476,0.63939476,0.90299773,True
lstm_e16,793,24005,8.74,0.71026534,0.7614476,0.9681469,True
lstm_e16,794,24005,2.46,0.9798929,0.9798929,1.2874135,True
lstm_e16,795,24005,15.88,0.91533536,0.91533536,1.2203312,True
lstm_e16,796,24005,6.71,0.4820851,0.75260663,0.82628554,True
lstm_e16,797,24005,12.99,0.5941157,0.5941157,0.89843804,True
lstm_e16,798,24005,8.59,0.6821214,0.6821214,0.94004333,True
lstm_e16,799,24005,10.52,0.6732174,0.6732174,0.9219806,False
lstm_e16,800,24005,15.54,0.62187845,0.7097502,0.8116615,False
lstm_e16,801,24005,7.5299997,0.70773464,0.70773464,0.92361426,True
lstm_e16,802,25001,24.16,0.5746691,0.5746691,0.93326193,False
lstm_e16,803,25001,26.4,0.9820881,0.9820881,1.0385361,True
lstm_e16,804,25001,23.03,0.7363511,0.7363511,0.90850747,True
lstm_e16,805,25001,15.59,0.55773264,0.8807786,0.85212183,True
lstm_e16,806,25001,11.93,0.63628024,0.73391914,0.74401116,True
lstm_e16,807,25001,44.74,0.8002495,0.8002495,0.9581747,True
lstm_e16,808,25001,14.470001,0.39117345,0.92699784,0.6992654,True
lstm_e16,809,25001,15.92,0.66523254,0.66523254,0.8530373,True
lstm_e16,810,25001,22.39,0.5476724,0.5476724,0.7605928,False
lstm_e16,811,25001,34.04,0.65572375,0.65572375,0.8853155,False
lstm_e16,812,25001,17.23,1.1305119,1.1996168,1.1805686,True
lstm_e16,813,25001,32.92,0.5577632,0.5577632,0.85759,True
lstm_e16,814,25006,37.92,0.79368067,0.79368067,0.9758747,False
lstm_e16,815,25006,55.53,0.8597339,0.8597339,0.91094697,True
lstm_e16,816,25006,26.67,0.79291767,0.84344774,0.9683986,True
lstm_e16,817,25006,27.37,0.42829886,0.79982805,0.69286734,True
lstm_e16,818,25006,16.82,0.58611524,0.71164256,0.68325174,False
lstm_e16,819,25006,58.92,0.8073618,0.8073618,0.8408031,True
lstm_e16,820,25006,21.5,1.152433,1.152433,0.97237927,True
lstm_e16,821,25006,29.61,0.77972645,0.77972645,0.9140808,True
lstm_e16,822,25006,36.81,0.81635517,0.81635517,0.86583114,True
lstm_e16,823,25006,40.31,0.5540026,0.5540026,0.8108012,False
lstm_e16,824,25006,27.97,0.70231533,0.70231533,0.7955209,False
lstm_e16,825,25006,30.26,0.66269296,0.66269296,0.83824795,True
lstm_e16,826,25012,45.35,0.94262207,0.94262207,0.8517245,False
lstm_e16,827,25012,42.19,1.0286486,1.0286486,1.0909206,True
lstm_e16,828,25012,33.47,0.94858205,0.94858205,0.85083467,True
lstm_e16,829,25012,32.66,0.97411054,0.97411054,1.1374549,True
lstm_e16,830,25012,24.99,0.82921994,0.82921994,0.86409694,True
lstm_e16,831,25012,57.3,1.1124706,1.164017,1.1142484,True
lstm_e16,832,25012,21.69,0.6040863,1.2997761,0.9827972,True
lstm_e16,833,25012,31.09,0.6468567,0.6468567,0.63195914,False
lstm_e16,834,25012,36.98,0.52614087,0.56760776,0.9341525,False
lstm_e16,835,25012,50.97,1.1084899,1.1084899,1.0560584,True
lstm_e16,836,25012,35.15,0.9202986,0.9202986,0.963626,False
lstm_e16,837,25012,48.859997,0.7372723,0.7372723,0.9284299,True
lstm_e16,838,25020,4.34,1.1138804,1.1138804,0.9850835,True
lstm_e16,839,25020,8.429999,1.7729907,1.7729907,1.2469211,True
lstm_e16,840,25020,11.71,1.1991495,1.1991495,1.0839205,True
lstm_e16,841,25020,4.92,1.2626598,1.2626598,0.8765389,True
lstm_e16,842,25020,2.09,0.5626497,0.5626497,0.6334199,False
lstm_e16,843,25020,6.5,1.6011822,1.6011822,1.2774873,True
lstm_e16,844,25020,3.6,0.6527601,0.6527601,0.46352747,True
lstm_e16,845,25020,5.88,1.1750475,1.1750475,1.1235006,True
lstm_e16,846,25020,3.55,0.797768,0.797768,0.9770049,False
lstm_e16,847,25020,6.05,1.1395785,1.1395785,0.99970365,True
lstm_e16,848,25020,7.47,1.0479586,1.2601012,1.0115873,True
lstm_e16,849,25020,4.21,0.5823027,0.5823027,0.61269134,False
lstm_e16,850,26003,2.19,0.87489295,0.89240974,0.90493685,False
lstm_e16,851,26003,1.67,0.950181,0.950181,1.1324102,True
lstm_e16,852,26003,4.49,0.7506826,0.7506826,0.75356144,False
lstm_e16,853,26003,1.45,0.5773545,0.6021727,0.57965624,False
lstm_e16,854,26003,1.61,0.50637,0.5085344,0.56794345,False
lstm_e16,855,26003,3.19,0.8312093,0.8312093,0.88645375,False
lstm_e16,856,26003,1.31,0.6401896,0.6401896,0.62575656,False
lstm_e16,857,26003,3.47,0.7378657,0.74574655,0.81816167,False
lstm_e16,858,26003,1.46,0.73859966,0.73859966,0.7543793,True
lstm_e16,859,26003,3.6,0.7023029,0.7023029,0.7323979,False
lstm_e16,860,26003,4.28,0.8618155,0.8618155,0.8491356,True
lstm_e16,861,26003,2.31,0.6533378,0.6533378,0.63230914,True
lstm_e16,862,27001,13.05,0.6748498,0.6748498,0.94083655,True
lstm_e16,863,27001,37.43,0.73897475,0.73897475,0.74329185,True
lstm_e16,864,27001,23.61,0.53735405,0.5380096,0.6826374,True
lstm_e16,865,27001,9.36,0.76109827,0.76109827,0.98037684,False
lstm_e16,866,27001,8.2,0.65141064,0.65141064,0.8137423,False
lstm_e16,867,27001,41.11,0.70623493,0.70623493,0.84690154,True
lstm_e16,868,27001,12.96,0.84507805,0.84507805,0.85929143,True
lstm_e16,869,27001,13.61,0.8108593,0.8108593,0.8292847,True
lstm_e16,870,27001,18.24,0.58116657,0.58116657,0.79011,True
lstm_e16,871,27001,23.96,0.87346065,0.87346065,1.0140002,True
lstm_e16,872,27001,24.84,0.7176618,0.7176618,0.8363107,True
lstm_e16,873,27001,31.140001,0.67340297,0.67340297,0.8063375,True
lstm_e16,874,27003,12.99,0.8410655,0.8410655,0.8573248,True
lstm_e16,875,27003,14.06,1.289476,1.289476,1.0741795,True
lstm_e16,876,27003,11.74,0.7874265,0.80217355,0.8799896,False
lstm_e16,877,27003,8.79,0.95047563,0.95047563,1.0398328,True
lstm_e16,878,27003,11.42,0.75268704,0.75268704,0.8594949,True
lstm_e16,879,27003,14.460001,1.1273568,1.5439596,1.1128829,True
lstm_e16,880,27003,10.49,0.8268396,0.8268396,0.87146986,True
lstm_e16,881,27003,12.55,0.89997727,0.89997727,0.90461123,True
lstm_e16,882,27003,13.34,0.8833498,0.8833498,0.9957219,True
lstm_e16,883,27003,13.97,1.2658323,1.2658323,1.1411825,True
lstm_e16,884,27003,13.97,1.0216682,1.2247567,0.98219156,True
lstm_e16,885,27003,13.83,1.1034713,1.1858029,1.0006527,True
lstm_e16,886,27006,10.02,0.941332,0.941332,1.0153663,True
lstm_e16,887,27006,20.74,0.413786,0.413786,0.674571,False
lstm_e16,888,27006,13.68,0.73520786,0.73520786,0.7079959,True
lstm_e16,889,27006,11.13,0.7199882,0.7199882,0.94025123,True
lstm_e16,890,27006,6.56,0.9520192,0.9520192,0.8887057,True
lstm_e16,891,27006,14.97,0.5229518,0.5229518,0.7487304,True
lstm_e16,892,27006,12.46,0.66871345,0.66871345,0.96370625,True
lstm_e16,893,27006,14.19,0.63175756,0.63175756,0.68651575,True
lstm_e16,894,27006,13.49,0.54851717,0.54851717,0.6784051,False
lstm_e16,895,27006,42.39,0.49983945,0.49983945,0.67878896,True
lstm_e16,896,27006,27.23,0.5998048,0.5998048,0.8038147,True
lstm_e16,897,27006,35.76,0.57826066,0.57826066,0.7062591,True
lstm_e16,898,27007,25.37,0.59767115,0.6817811,0.7763985,True
lstm_e16,899,27007,36.54,1.1498647,1.1498647,1.0763645,True
lstm_e16,900,27007,30.959997,0.51376694,0.51383895,0.7678698,False
lstm_e16,901,27007,18.08,0.6467634,0.64817995,0.8734145,False
lstm_e16,902,27007,13.25,0.52263373,0.52572334,0.6652866,False
lstm_e16,903,27007,46.39,0.37192535,0.66207236,0.74489266,False
lstm_e16,904,27007,11.93,1.128479,1.128479,1.0500671,True
lstm_e16,905,27007,14.01,0.480723,0.480723,0.6361108,False
lstm_e16,906,27007,20.83,0.46723706,0.78346926,0.8162199,True
lstm_e16,907,27007,36.17,0.61655045,0.61655045,0.8037267,False
lstm_e16,908,27007,36.64,0.6420396,0.6420396,0.7958086,False
lstm_e16,909,27007,30.01,0.5017814,0.80812305,0.8330341,True
lstm_e16,910,27009,8.98,0.7655877,0.7655877,0.82156,True
lstm_e16,911,27009,12.07,1.347512,1.4968919,1.2885396,True
lstm_e16,912,27009,11.05,0.932506,0.932506,0.973686,True
lstm_e16,913,27009,7.4299994,0.88152707,1.0271652,0.98428017,True
lstm_e16,914,27009,5.8599997,0.4708602,0.4811354,0.5709066,False
lstm_e16,915,27009,13.61,1.0566231,1.0584402,1.0682377,True
lstm_e16,916,27009,6.1499996,0.9723284,0.9723284,1.0042311,False
lstm_e16,917,27009,7.1099997,1.0239254,1.0239254,0.9768633,True
lstm_e16,918,27009,9.38,0.7447463,0.7447463,0.8296316,True
lstm_e16,919,27009,10.76,0.98573697,0.98573697,0.97135,False
lstm_e16,920,27009,10.86,1.1509147,1.1509147,1.1575562,True
lstm_e16,921,27009,10.76,0.8951737,0.8951737,0.9553204,True
lstm_e16,922,27021,6.3400006,0.91026556,0.91026556,0.98896885,True
lstm_e16,923,27021,12.690001,0.9111043,0.9111043,0.88185054,True
lstm_e16,924,27021,13.1,0.79243606,0.79243606,0.83756125,True
lstm_e16,925,27021,7.72,0.85653436,0.85653436,0.9553403,True
lstm_e16,926,27021,5.48,0.8289914,0.8289914,1.0870559,True
lstm_e16,927,27021,7.79,0.6291778,0.75557506,0.78390425,True
lstm_e16,928,27021,9.1,1.0292153,1.0292153,0.9714724,True
lstm_e16,929,27021,11.860001,0.7126383,0.7126383,0.78595966,True
lstm_e16,930,27021,10.15,0.71506613,0.71506613,0.88915724,True
lstm_e16,931,27021,24.62,0.7771581,0.7771581,0.7841087,True
lstm_e16,932,27021,14.280001,0.7410686,0.8275251,0.8881277,True
lstm_e16,933,27021,17.03,0.6721247,0.6721247,0.7799077,True
lstm_e16,934,27023,10.98,0.9962225,0.9962225,0.9779807,True
lstm_e16,935,27023,25.51,0.555514,0.555514,0.90303874,False
lstm_e16,936,27023,13.3,1.0020653,1.0020653,1.03057,True
lstm_e16,937,27023,9.18,0.8668576,0.8668576,1.1101563,True
lstm_e16,938,27023,9.32,0.7893779,0.7893779,0.88272667,True
lstm_e16,939,27023,10.41,0.86863244,0.86863244,1.0535061,True
lstm_e16,940,27023,12.14,0.6464669,0.7129497,0.93229955,True
lstm_e16,941,27023,17.6,0.57445544,0.57445544,0.79861164,True
lstm_e16,942,27023,12.28,0.79356337,0.79356337,1.0028752,True
lstm_e16,943,27023,31.289999,0.6682187,0.6682187,0.9885732,True
lstm_e16,944,27023,18.79,0.5846339,0.5846339,0.8067629,False
lstm_e16,945,27023,20.23,0.81695384,0.81695384,0.9887969,True
lstm_e16,946,27025,6.65,0.42819983,0.42819983,0.5840129,False
lstm_e16,947,27025,9.4,1.2219758,1.2219758,0.96537584,True
lstm_e16,948,27025,16.36,0.6663078,0.6663078,0.7419414,True
lstm_e16,949,27025,7.23,0.595709,0.7909276,0.8939325,True
lstm_e16,950,27025,6.18,0.26632032,0.2977994,0.5269041,False
lstm_e16,951,27025,10.15,0.50486594,0.50486594,0.7591023,False
lstm_e16,952,27025,9.49,0.7650148,0.7650148,0.76691693,True
lstm_e16,953,27025,12.57,0.61341095,0.61341095,0.73663837,True
lstm_e16,954,27025,12.52,0.5486447,0.5486447,0.65384233,True
lstm_e16,955,27025,25.07,0.59656125,0.70436376,0.81380326,True
lstm_e16,956,27025,11.73,0.6977667,0.6977667,0.91687614,False
lstm_e16,957,27025,14.65,0.73303473,0.73303473,0.73801595,True
lstm_e16,958,27026,9.36,0.27090394,0.27760085,0.4687965,False
lstm_e16,959,27026,14.12,0.5725829,0.78049415,0.94810736,False
lstm_e16,960,27026,17.54,0.69090515,0.69090515,0.8554305,True
lstm_e16,961,27026,9.57,0.5838982,0.6290785,0.8623427,False
lstm_e16,962,27026,7.55,0.22207245,0.24968241,0.42688057,False
lstm_e16,963,27026,10.03,0.5453955,0.5804661,0.7154372,False
lstm_e16,964,27026,14.69,0.5734851,0.5734851,0.7469398,True
lstm_e16,965,27026,13.44,0.6507101,0.6507101,0.8708429,False
lstm_e16,966,27026,12.48,0.7072721,0.7072721,0.8178485,True
lstm_e16,967,27026,35.07,0.57525116,0.57525116,0.83938575,True
lstm_e16,968,27026,14.95,0.8400506,0.8400506,1.0865372,True
lstm_e16,969,27026,16.97,0.82047564,0.82047564,0.8925857,True
lstm_e16,970,27029,17.85,0.8301532,0.8301532,0.96743375,True
lstm_e16,971,27029,32.199997,0.46543598,0.46714437,0.77503145,False
lstm_e16,972,27029,17.57,0.74838054,0.74838054,0.8642097,True
lstm_e16,973,27029,13.720001,0.81376576,0.81376576,1.0074701,True
lstm_e16,974,27029,20.94,0.75549304,0.75549304,0.9339481,True
lstm_e16,975,27029,48.18,0.7858735,0.7858735,0.89484817,True
lstm_e16,976,27029,16.74,0.4541064,0.52951634,0.69181406,False
lstm_e16,977,27029,17.52,0.50552726,0.6925608,0.7675723,True
lstm_e16,978,27029,34.99,0.5392921,0.5392921,0.7302857,True
lstm_e16,979,27029,41.08,0.7266607,0.7266607,0.8658004,True
lstm_e16,980,27029,32.71,0.81002986,0.81002986,0.8957553,True
lstm_e16,981,27029,38.03,0.6897269,0.6897269,0.8351997,True
lstm_e16,982,27030,5.67,0.857987,0.857987,0.8382546,True
lstm_e16,983,27030,12.780001,0.66667557,0.7791656,0.8178328,False
lstm_e16,984,27030,12.17,0.8909393,0.8909393,0.88783973,True
lstm_e16,985,27030,7.33,0.78174925,0.78174925,0.8568087,True
lstm_e16,986,27030,5.89,0.84191424,0.84191424,0.84293646,True
lstm_e16,987,27030,8.22,0.91108054,0.91108054,0.979545,True
lstm_e16,988,27030,9.200001,0.8987362,0.8987362,0.784031,True
lstm_e16,989,27030,11.49,0.60025644,0.6533014,0.7394558,True
lstm_e16,990,27030,11.190001,0.6149164,0.6149164,0.8270234,True
lstm_e16,991,27030,20.2,0.72006726,0.7728684,0.77711993,True
lstm_e16,992,27030,14.360001,0.80352503,0.80352503,0.9469327,True
lstm_e16,993,27030,13.700001,0.67417264,0.67417264,0.7175819,True
lstm_e16,994,27032,9.98,0.65558183,0.65558183,0.8821678,True
lstm_e16,995,27032,10.72,0.6924153,0.96646494,0.9111012,True
lstm_e16,996,27032,6.29,0.986658,0.986658,0.8520589,True
lstm_e16,997,27032,3.75,1.325574,1.325574,1.161803,True
lstm_e16,998,27032,5.3999996,0.75894725,0.75894725,0.8253697,True
lstm_e16,999,27032,10.61,0.7318898,1.0078294,0.911629,True
lstm_e16,1000,27032,7.46,0.7509064,0.7509064,0.84244037,True
lstm_e16,1001,27032,4.29,0.42186245,0.52879083,0.7057033,False
lstm_e16,1002,27032,10.13,0.6047273,0.6047273,0.8265284,True
lstm_e16,1003,27032,10.1,0.8664093,0.8664093,1.1580218,False
lstm_e16,1004,27032,8.97,1.0856153,1.0856153,0.93864167,True
lstm_e16,1005,27032,11.97,0.6957363,0.6957363,0.81621265,True
lstm_e16,1006,27034,34.84,0.85763335,0.85763335,0.9656413,False
lstm_e16,1007,27034,48.87,0.98674935,0.98674935,1.0991929,True
lstm_e16,1008,27034,31.45,0.6171257,0.7836545,0.8426333,True
lstm_e16,1009,27034,23.0,0.8173904,0.8173904,0.94993013,True
lstm_e16,1010,27034,25.53,0.5040798,0.5040798,0.6786825,False
lstm_e16,1011,27034,53.27,1.1090088,1.1090088,1.0667807,True
lstm_e16,1012,27034,19.79,0.46143734,0.8361335,0.7951368,True
lstm_e16,1013,27034,20.09,0.5452213,0.5662453,0.7230171,False
lstm_e16,1014,27034,37.56,0.6119418,0.6119418,0.82155746,True
lstm_e16,1015,27034,43.8,0.9162332,0.9162332,1.2276486,True
lstm_e16,1016,27034,37.2,0.8486896,0.9508357,1.0678185,True
lstm_e16,1017,27034,40.58,0.8719413,0.8719413,1.0132657,True
lstm_e16,1018,27035,20.4,0.84826577,0.84826577,0.7835608,False
lstm_e16,1019,27035,28.510002,1.1548502,1.1548502,0.86064315,True
lstm_e16,1020,27035,21.07,0.63206536,0.7023345,0.66923857,True
lstm_e16,1021,27035,13.35,0.6530396,0.8523632,0.95846474,True
lstm_e16,1022,27035,17.77,0.79454917,0.79454917,0.8218747,True
lstm_e16,1023,27035,41.77,1.0335172,1.0335172,1.0163715,True
lstm_e16,1024,27035,14.76,0.80310166,0.80310166,0.9255883,True
lstm_e16,1025,27035,11.16,0.5679308,0.5679308,0.765487,False
lstm_e16,1026,27035,18.22,1.0276797,1.0276797,0.78610075,True
lstm_e16,1027,27035,24.209997,1.3694623,1.3694623,1.0756656,True
lstm_e16,1028,27035,26.01,1.0677434,1.0677434,0.9782487,False
lstm_e16,1029,27035,24.36,1.0065558,1.0065558,0.89712006,True
lstm_e16,1030,27038,8.89,0.9100512,0.9698567,0.9418288,True
lstm_e16,1031,27038,23.43,0.49609515,0.49609515,0.73416245,True
lstm_e16,1032,27038,31.34,0.5752758,0.6790466,0.73455155,True
lstm_e16,1033,27038,7.87,0.68320286,0.68320286,0.6784869,False
lstm_e16,1034,27038,8.65,0.4551633,0.4721097,0.6993804,False
lstm_e16,1035,27038,40.91,0.4832605,0.4832605,0.7101212,True
lstm_e16,1036,27038,7.93,0.71909165,0.71909165,0.74473566,False
lstm_e16,1037,27038,12.25,0.9594445,1.0358557,1.0016379,True
lstm_e16,1038,27038,19.33,0.23529968,0.23529968,0.25227386,False
lstm_e16,1039,27038,28.51,0.37874678,0.37874678,0.60044473,False
lstm_e16,1040,27038,13.67,1.5210546,1.5210546,1.4079661,True
lstm_e16,1041,27038,12.01,0.38328007,0.38448194,0.44311625,False
lstm_e16,1042,27042,16.32,0.42949304,0.42949304,0.6217814,True
lstm_e16,1043,27042,21.48,0.69961315,0.69961315,0.8768474,True
lstm_e16,1044,27042,20.62,0.8520848,0.937776,0.9500774,True
lstm_e16,1045,27042,7.32,0.66499597,0.66499597,0.8035353,False
lstm_e16,1046,27042,11.53,0.44795084,0.44795084,0.75082064,True
lstm_e16,1047,27042,17.18,0.8191884,0.8191884,1.038577,True
lstm_e16,1048,27042,12.39,0.5895713,0.7154732,0.81801325,False
lstm_e16,1049,27042,11.1,0.7341283,0.836339,0.9436949,True
lstm_e16,1050,27042,8.62,0.5246218,0.5609865,0.80495304,False
lstm_e16,1051,27042,10.54,0.88511074,0.90674883,0.9116962,True
lstm_e16,1052,27042,24.77,0.9162866,0.9162866,1.0184771,True
lstm_e16,1053,27042,9.15,0.5653681,0.5653681,0.7274308,True
lstm_e16,1054,27047,76.17,1.124572,1.124572,1.0947622,True
lstm_e16,1055,27047,59.11,1.0709835,1.0709835,1.0826585,True
lstm_e16,1056,27047,47.6,0.99391043,0.99391043,0.91657335,True
lstm_e16,1057,27047,32.68,0.78112745,0.8348872,1.0448061,False
lstm_e16,1058,27047,57.129997,0.9234842,0.9234842,1.0812173,True
lstm_e16,1059,27047,107.4,1.1291293,1.1291293,1.261691,True
lstm_e16,1060,27047,37.089996,0.53293514,0.53293514,0.75967586,False
lstm_e16,1061,27047,56.939995,0.8716822,0.8716822,0.9261478,True
lstm_e16,1062,27047,61.17,0.6299705,0.6299705,1.0457017,False
lstm_e16,1063,27047,75.18,0.8905166,0.8905166,1.083238,True
lstm_e16,1064,27047,64.97,0.963981,0.963981,1.1730973,False
lstm_e16,1065,27047,53.089996,0.7575585,0.7575585,0.7827463,False
lstm_e16,1066,27051,11.31,0.38372296,0.38372296,0.50290364,False
lstm_e16,1067,27051,38.39,0.6080388,0.69017625,0.8160447,True
lstm_e16,1068,27051,25.17,0.8268307,0.8268307,0.94131255,True
lstm_e16,1069,27051,9.82,0.4183411,0.4183411,0.61032045,False
lstm_e16,1070,27051,13.85,0.54092777,0.54092777,0.7213441,True
lstm_e16,1071,27051,32.36,0.7957813,0.7957813,0.9362998,True
lstm_e16,1072,27051,19.88,0.6437525,0.6437525,0.7765947,True
lstm_e16,1073,27051,20.29,0.80700916,0.80700916,0.9632156,True
lstm_e16,1074,27051,14.549999,0.671605,0.9256511,0.87729096,True
lstm_e16,1075,27051,26.96,0.8176903,0.8176903,1.064913,True
lstm_e16,1076,27051,17.87,0.89473253,0.89473253,0.99633235,True
lstm_e16,1077,27051,22.95,0.96921384,0.96921384,0.91019034,True
lstm_e16,1078,27071,7.6999993,0.8578993,0.8578993,0.9112393,True
lstm_e16,1079,27071,14.57,1.1437739,1.562706,1.1873685,True
lstm_e16,1080,27071,12.92,0.78736955,1.0380331,0.89245903,True
lstm_e16,1081,27071,7.11,1.1200614,1.1200614,1.1278058,True
lstm_e16,1082,27071,5.06,0.31356347,0.31356347,0.432593,False
lstm_e16,1083,27071,13.51,1.0609603,1.169256,1.0332633,True
lstm_e16,1084,27071,6.05,0.72922707,1.1020992,0.9597084,True
lstm_e16,1085,27071,7.34,0.88657564,0.9469066,0.97511375,True
lstm_e16,1086,27071,9.15,0.6210688,0.68784565,0.88907135,True
lstm_e16,1087,27071,11.74,0.815002,1.1377666,0.9617679,True
lstm_e16,1088,27071,12.89,1.0434102,1.0434102,1.095021,True
lstm_e16,1089,27071,10.78,0.7290449,0.7290449,0.85252255,True
lstm_e16,1090,28001,26.46,0.45779675,0.54296756,0.8064211,True
lstm_e16,1091,28001,19.98,0.23820148,0.23820148,0.34984633,False
lstm_e16,1092,28001,18.14,0.5823753,0.6177799,0.88685477,True
lstm_e16,1093,28001,17.72,0.62980896,0.62980896,0.87960994,True
lstm_e16,1094,28001,11.87,0.5090011,0.63081574,0.8556682,False
lstm_e16,1095,28001,22.089998,0.5417603,0.5417603,0.8593356,True
lstm_e16,1096,28001,9.68,0.41844493,0.44130322,0.56306386,False
lstm_e16,1097,28001,17.52,0.42126152,0.42126152,0.5470947,False
lstm_e16,1098,28001,24.86,0.5462598,0.5462598,0.82251316,True
lstm_e16,1099,28001,42.1,0.44672602,0.44672602,0.74353755,True
lstm_e16,1100,28001,32.4,0.81879103,0.81879103,1.056491,True
lstm_e16,1101,28001,50.45,0.49569258,0.49569258,0.7361292,True
lstm_e16,1102,28008,9.53,0.82794845,0.82794845,1.0578623,True
lstm_e16,1103,28008,13.37,0.74472344,0.74472344,0.85904914,True
lstm_e16,1104,28008,12.27,0.5270576,0.5270576,0.7874575,False
lstm_e16,1105,28008,8.86,0.682182,0.80265313,0.9141722,False
lstm_e16,1106,28008,7.82,0.7774587,0.7774587,0.96788055,False
lstm_e16,1107,28008,10.09,0.73139805,0.7838714,1.032561,True
lstm_e16,1108,28008,9.600001,0.62413687,0.70503974,0.9086562,True
lstm_e16,1109,28008,10.38,0.69473356,0.69473356,0.9169277,True
lstm_e16,1110,28008,9.49,0.74662733,0.74662733,0.92248803,False
lstm_e16,1111,28008,14.42,1.0069098,1.0069098,1.0740525,True
lstm_e16,1112,28008,17.0,0.96072847,0.96072847,1.1306362,True
lstm_e16,1113,28008,14.03,0.93401533,0.93401533,1.0438205,True
lstm_e16,1114,28009,3.0,0.8677144,0.8677144,0.9975791,True
lstm_e16,1115,28009,4.3,1.0070565,1.0070565,1.0233532,True
lstm_e16,1116,28009,7.79,0.7235027,0.7676279,0.8076291,True
lstm_e16,1117,28009,4.19,0.89871365,0.91367304,0.88797426,False
lstm_e16,1118,28009,2.64,0.9094451,0.9540339,0.9701544,False
lstm_e16,1119,28009,4.7900004,0.88991845,0.95850414,0.9625907,True
lstm_e16,1120,28009,3.8599997,0.9354548,0.9566819,1.0201876,True
lstm_e16,1121,28009,5.0,0.79393464,0.8915181,0.86452025,True
lstm_e16,1122,28009,3.5099998,0.81231666,0.9488973,0.8266423,False
lstm_e16,1123,28009,7.99,0.715892,0.83868945,0.85794884,True
lstm_e16,1124,28009,7.64,0.7293318,0.80796534,0.84272313,True
lstm_e16,1125,28009,5.81,0.8441461,0.8441461,0.8688392,True
lstm_e16,1126,28012,2.3,0.8431752,1.0824455,0.9312571,True
lstm_e16,1127,28012,4.27,0.9176835,0.9176835,1.004199,False
lstm_e16,1128,28012,6.32,0.79881024,0.8681224,0.8798547,False
lstm_e16,1129,28012,3.98,0.8401181,0.85504,0.8674136,False
lstm_e16,1130,28012,2.12,1.1162356,1.1162356,1.1369117,False
lstm_e16,1131,28012,4.5300007,0.8809748,1.0944341,1.078754,True
lstm_e16,1132,28012,3.17,0.9411105,0.9411105,0.90178275,False
lstm_e16,1133,28012,3.56,0.82818455,0.9110882,0.91115034,False
lstm_e16,1134,28012,4.58,0.93032026,1.0063426,0.8693893,True
lstm_e16,1135,28012,12.43,0.5904208,0.65572006,0.78325754,True
lstm_e16,1136,28012,9.44,0.6625747,0.6625747,0.75520945,True
lstm_e16,1137,28012,4.19,0.9013368,0.9013368,0.86916023,True
lstm_e16,1138,28018,8.01,0.68603295,0.69512796,0.91973567,True
lstm_e16,1139,28018,10.55,0.5599021,0.60424215,0.78616405,False
lstm_e16,1140,28018,11.83,0.87344223,0.87344223,0.9492164,True
lstm_e16,1141,28018,7.26,0.839179,0.839179,0.9357961,False
lstm_e16,1142,28018,6.7499995,0.93513036,0.93513036,1.1060895,True
lstm_e16,1143,28018,7.96,0.85528034,0.85528034,0.95321095,False
lstm_e16,1144,28018,7.31,0.96312094,0.96312094,1.0998152,True
lstm_e16,1145,28018,6.71,0.7724067,0.9511453,0.97908825,True
lstm_e16,1146,28018,7.69,1.0249035,1.0249035,0.8973533,True
lstm_e16,1147,28018,13.1,0.9731808,0.9731808,1.0471437,False
lstm_e16,1148,28018,14.56,0.6863213,0.90871423,0.98952156,True
lstm_e16,1149,28018,11.21,0.78252286,0.83738434,0.97148466,True
lstm_e16,1150,28022,2.58,0.8876192,0.9484511,1.0035305,True
lstm_e16,1151,28022,4.09,0.995722,1.0058808,0.9840956,True
lstm_e16,1152,28022,6.74,0.7989188,0.8436868,0.87993556,True
lstm_e16,1153,28022,4.08,0.888749,0.888749,0.8624482,False
lstm_e16,1154,28022,2.46,0.95908505,1.0891376,1.103989,True
lstm_e16,1155,28022,4.38,0.74943006,0.9738872,0.89358956,True
lstm_e16,1156,28022,3.38,1.0404588,1.0404588,1.021241,True
lstm_e16,1157,28022,4.7,0.81995565,0.9146967,0.836773,True
lstm_e16,1158,28022,3.31,0.8722653,0.8722653,0.9770303,False
lstm_e16,1159,28022,6.3900003,0.8564592,0.99007475,0.97947055,True
lstm_e16,1160,28022,5.9700003,0.7314593,0.97392905,0.84291524,True
lstm_e16,1161,28022,4.82,0.87328964,0.95029825,0.8858264,True
lstm_e16,1162,28024,3.13,0.8618452,0.8618452,0.78756833,True
lstm_e16,1163,28024,4.48,1.1369953,1.1369953,1.1208519,True
lstm_e16,1164,28024,7.13,1.1851083,1.1851083,0.98491895,False
lstm_e16,1165,28024,6.76,0.64231026,0.64231026,0.77529776,False
lstm_e16,1166,28024,4.5,0.72820854,0.72820854,0.81241244,False
lstm_e16,1167,28024,6.24,1.2300209,1.2300209,1.1474029,True
lstm_e16,1168,28024,4.35,1.3410428,1.3410428,1.0211812,True
lstm_e16,1169,28024,4.64,1.0850959,1.2081412,1.0889416,True
lstm_e16,1170,28024,3.4,1.0081418,1.6080714,1.2712178,True
lstm_e16,1171,28024,5.86,1.7363294,1.7363294,1.3427036,True
lstm_e16,1172,28024,5.49,1.4121407,1.4121407,1.1658281,False
lstm_e16,1173,28024,4.39,1.0363214,1.0363214,1.0830055,False
lstm_e16,1174,28026,4.51,0.77884257,0.77884257,1.0519847,True
lstm_e16,1175,28026,10.39,0.5924816,0.5924816,0.85082513,True
lstm_e16,1176,28026,19.07,0.5380928,0.5380928,0.762831,True
lstm_e16,1177,28026,9.02,0.5333993,0.5333993,0.60662,False
lstm_e16,1178,28026,3.81,0.8310944,0.8310944,0.9257941,True
lstm_e16,1179,28026,10.86,0.7451168,0.7451168,0.832761,True
lstm_e16,1180,28026,5.07,1.1326467,1.1326467,1.1400678,True
lstm_e16,1181,28026,8.28,0.7473578,0.85945237,0.9572852,True
lstm_e16,1182,28026,5.14,0.5365938,0.6335556,0.79367805,False
lstm_e16,1183,28026,17.22,0.590049,0.590049,0.7251451,True
lstm_e16,1184,28026,8.2,0.7151932,0.7151932,0.7873014,True
lstm_e16,1185,28026,5.07,0.572632,0.572632,0.7372557,False
lstm_e16,1186,28031,17.79,0.8577491,0.8577491,1.070976,True
lstm_e16,1187,28031,31.669998,0.62994754,0.62994754,0.75366545,True
lstm_e16,1188,28031,19.07,0.68735176,0.68735176,0.9196409,False
lstm_e16,1189,28031,13.41,0.6653238,0.6700987,0.9573439,False
lstm_e16,1190,28031,11.78,0.6731474,0.6731474,0.81940556,False
lstm_e16,1191,28031,17.38,0.6293708,0.6293708,0.90716946,True
lstm_e16,1192,28031,20.88,0.52851903,0.52851903,0.81013215,True
lstm_e16,1193,28031,17.11,0.56338936,0.56338936,0.8437625,True
lstm_e16,1194,28031,15.92,0.68405926,0.68405926,0.7409125,False
lstm_e16,1195,28031,22.9,0.47843808,0.47843808,0.60240924,False
lstm_e16,1196,28031,30.58,0.79644966,0.79644966,1.0078322,True
lstm_e16,1197,28031,23.95,0.5383384,0.5383384,0.7285152,False
lstm_e16,1198,28039,7.43,0.73434484,0.73434484,0.93658334,True
lstm_e16,1199,28039,16.44,0.5146583,0.5146583,0.8277441,True
lstm_e16,1200,28039,16.73,0.6702398,0.6702398,0.81107205,True
lstm_e16,1201,28039,7.9499993,0.62390715,0.76805484,0.958059,False
lstm_e16,1202,28039,5.97,0.79188967,0.79188967,0.91276443,False
lstm_e16,1203,28039,23.57,0.52668583,0.52668583,0.77030355,True
lstm_e16,1204,28039,11.69,0.73890924,0.73890924,0.9430316,True
lstm_e16,1205,28039,18.77,0.13248155,0.14528817,0.33054796,False
lstm_e16,1206,28039,13.37,0.5038083,0.5038083,0.6897298,False
lstm_e16,1207,28039,15.28,0.6512199,0.6512199,0.8847883,False
lstm_e16,1208,28039,9.34,1.2526941,1.2526941,1.1741288,True
lstm_e16,1209,28039,7.28,0.80164856,0.80164856,0.9160085,False
lstm_e16,1210,28040,10.76,0.5244839,0.5244839,0.7861189,True
lstm_e16,1211,28040,9.41,0.60731494,0.60731494,0.82034695,False
lstm_e16,1212,28040,11.25,0.59980834,0.62935734,0.90554166,False
lstm_e16,1213,28040,5.86,0.74299103,0.74299103,0.9637056,False
lstm_e16,1214,28040,4.59,0.68060845,0.68060845,0.95606196,False
lstm_e16,1215,28040,7.0,0.69732744,0.69732744,1.0401564,False
lstm_e16,1216,28040,10.28,0.5074932,0.5074932,0.677454,True
lstm_e16,1217,28040,8.17,0.758518,0.758518,0.92641616,True
lstm_e16,1218,28040,9.51,0.690006,1.0057572,0.9310539,True
lstm_e16,1219,28040,22.39,0.5327587,0.6028123,0.77091277,True
lstm_e16,1220,28040,17.2,0.6708163,0.6708163,0.83589315,True
lstm_e16,1221,28040,7.57,0.8992761,0.8992761,0.9493558,True
lstm_e16,1222,28043,17.89,0.59368217,0.7300203,0.81517047,True
lstm_e16,1223,28043,15.25,0.35960177,0.35960177,0.48588884,False
lstm_e16,1224,28043,15.51,0.5721122,0.6218622,0.80335176,False
lstm_e16,1225,28043,13.15,0.78417456,0.78417456,0.93388844,True
lstm_e16,1226,28043,7.88,1.0326179,1.0326179,0.93519515,False
lstm_e16,1227,28043,15.98,0.5310849,0.5369941,0.7919393,True
lstm_e16,1228,28043,12.32,0.4771616,0.75918484,0.88667125,True
lstm_e16,1229,28043,12.97,0.81163305,0.81163305,1.0353593,True
lstm_e16,1230,28043,17.56,0.54797095,0.54797095,0.6963533,True
lstm_e16,1231,28043,36.66,0.5112626,0.5112626,0.717711,True
lstm_e16,1232,28043,30.029999,0.77413714,0.77413714,0.98953253,True
lstm_e16,1233,28043,39.42,0.5822621,0.5822621,0.746315,True
lstm_e16,1234,28046,8.39,0.73834133,0.73834133,0.95964044,False
lstm_e16,1235,28046,10.9,0.7109842,0.7109842,0.85020256,True
lstm_e16,1236,28046,10.6,0.8410299,0.8410299,1.0005788,False
lstm_e16,1237,28046,8.1,0.7629283,0.83601433,0.90876555,False
lstm_e16,1238,28046,6.9,0.8149585,0.8149585,0.98759437,False
lstm_e16,1239,28046,8.47,0.8162079,0.88721526,1.0459548,True
lstm_e16,1240,28046,8.93,0.5811345,0.59253836,0.8904224,True
lstm_e16,1241,28046,8.04,0.7361332,0.7361332,0.9002642,True
lstm_e16,1242,28046,9.68,0.81585217,0.81585217,0.8197091,True
lstm_e16,1243,28046,12.69,0.94350636,0.94350636,1.0265076,True
lstm_e16,1244,28046,19.89,0.79015666,0.79015666,0.9190174,True
lstm_e16,1245,28046,17.07,0.85597616,0.85597616,0.9347212,True
lstm_e16,1246,28048,7.5200005,0.6831288,0.6831288,1.0144621,True
lstm_e16,1247,28048,12.02,0.5650291,0.859928,0.8397511,False
lstm_e16,1248,28048,21.56,0.58207136,0.58207136,0.6575416,True
lstm_e16,1249,28048,13.359999,0.49224848,0.49224848,0.67268693,True
lstm_e16,1250,28048,6.62,0.62635225,1.0064636,1.0908911,True
lstm_e16,1251,28048,13.030001,0.42461413,0.4470118,0.7174614,False
lstm_e16,1252,28048,12.560001,0.55278236,0.55278236,0.7181151,True
lstm_e16,1253,28048,15.580001,0.5450899,0.5450899,0.8975816,True
lstm_e16,1254,28048,15.32,0.4785732,0.4785732,0.6735633,True
lstm_e16,1255,28048,23.33,0.5382102,0.5382102,0.7390444,False
lstm_e16,1256,28048,19.18,0.4423932,0.4423932,0.71272105,False
lstm_e16,1257,28048,18.38,0.61722606,0.61722606,0.75280225,True
lstm_e16,1258,28050,2.07,0.45469645,0.45469645,0.50786984,False
lstm_e16,1259,28050,6.43,0.6627669,0.8724405,0.77674043,False
lstm_e16,1260,28050,2.41,0.9889901,0.9889901,0.9132264,True
lstm_e16,1261,28050,2.25,0.60745597,0.77326167,0.72140694,True
lstm_e16,1262,28050,2.06,1.2708225,1.2708225,1.2462832,False
lstm_e16,1263,28050,2.25,1.2705935,1.2705935,1.1227379,True
lstm_e16,1264,28050,3.4,0.925635,0.925635,1.0031718,False
lstm_e16,1265,28050,1.56,1.3167766,1.3946463,1.5966134,True
lstm_e16,1266,28050,9.21,0.5915001,1.023248,0.77899915,True
lstm_e16,1267,28050,6.02,0.7495196,0.7495196,0.72620076,True
lstm_e16,1268,28050,2.18,1.1080151,1.1080151,1.054126,True
lstm_e16,1269,28052,3.05,0.868148,0.868148,0.98398405,True
lstm_e16,1270,28052,8.529999,0.39829177,0.44155514,0.48853046,False
lstm_e16,1271,28052,2.7,1.0131539,1.0131539,1.0018346,True
lstm_e16,1272,28052,2.87,1.5598004,1.5598004,1.6539207,True
lstm_e16,1273,28052,2.41,0.92908907,1.06235,1.0011789,False
lstm_e16,1274,28052,3.1,0.9154423,1.0644081,0.9838617,True
lstm_e16,1275,28052,4.5199995,0.6344889,0.7452834,0.8641125,False
lstm_e16,1276,28052,11.21,1.1146497,1.1146497,1.0178849,True
lstm_e16,1277,28052,9.75,0.72526705,0.84064686,0.84319264,True
lstm_e16,1278,28052,4.04,0.76864374,0.76864374,0.8178992,True
lstm_e16,1279,28067,12.0,0.6074145,0.6074145,0.84140676,True
lstm_e16,1280,28067,10.09,0.57328945,0.57328945,0.7150155,False
lstm_e16,1281,28067,14.86,0.66847074,0.66847074,0.76257396,True
lstm_e16,1282,28067,9.86,0.6475697,0.6475697,0.7671558,False
lstm_e16,1283,28067,5.71,0.8387963,0.8387963,1.1306312,False
lstm_e16,1284,28067,11.09,0.52776295,0.55616593,0.7400089,False
lstm_e16,1285,28067,10.43,0.7479009,0.7479009,0.83944577,True
lstm_e16,1286,28067,11.82,0.574252,0.574252,0.6997639,True
lstm_e16,1287,28067,11.95,0.5412479,0.5623071,0.68197125,True
lstm_e16,1288,28067,18.68,0.68527395,0.68527395,0.76259685,False
lstm_e16,1289,28067,17.2,0.67857003,0.833854,0.8303746,True
lstm_e16,1290,28067,17.93,0.6973799,0.6973799,0.7872457,True
lstm_e16,1291,28080,5.98,0.61712015,0.78311557,0.830995,True
lstm_e16,1292,28080,7.69,0.61187756,0.61187756,0.83130985,False
lstm_e16,1293,28080,14.67,0.666372,0.666372,0.8101617,True
lstm_e16,1294,28080,6.84,0.87963194,0.87963194,0.9139946,True
lstm_e16,1295,28080,5.0,0.85965097,0.85965097,1.0162631,True
lstm_e16,1296,28080,8.32,0.72688234,0.72688234,0.92890096,False
lstm_e16,1297,28080,5.34,1.1165262,1.1165262,1.1976248,True
lstm_e16,1298,28080,6.95,0.6654873,0.9974559,0.99971485,True
lstm_e16,1299,28080,7.98,0.5302522,0.5302522,0.6867737,False
lstm_e16,1300,28080,18.09,0.6403971,0.6403971,0.85991037,True
lstm_e16,1301,28080,7.66,0.7601261,0.7601261,0.8318722,False
lstm_e16,1302,28080,5.85,0.58476037,0.73673487,0.8885348,False
lstm_e16,1303,28082,3.0500002,0.89376724,0.89376724,0.95233595,True
lstm_e16,1304,28082,4.88,0.9472755,1.1089485,1.1200824,False
lstm_e16,1305,28082,10.34,0.968339,0.968339,1.0840379,True
lstm_e16,1306,28082,6.7,0.7448459,0.7448459,0.887777,False
lstm_e16,1307,28082,4.55,0.7109693,0.7109693,0.8973502,True
lstm_e16,1308,28082,8.66,0.81915385,0.81915385,1.0311202,True
lstm_e16,1309,28082,3.96,1.2425293,1.2425293,1.3213549,True
lstm_e16,1310,28082,7.7,0.9374045,0.9374045,1.2292016,True
lstm_e16,1311,28082,4.47,1.0216608,1.0216608,1.1921887,True
lstm_e16,1312,28082,10.32,0.9445988,0.9445988,1.1484425,True
lstm_e16,1313,28082,7.21,0.802557,0.802557,0.9952873,True
lstm_e16,1314,28082,3.9100003,0.9867839,0.9867839,1.1266975,True
lstm_e16,1315,28085,11.34,0.69097304,0.69097304,0.8458961,True
lstm_e16,1316,28085,9.29,0.5053528,0.5541242,0.750496,False
lstm_e16,1317,28085,11.59,0.63596493,0.6941541,0.75012857,False
lstm_e16,1318,28085,8.71,0.8581803,0.8581803,0.8901332,True
lstm_e16,1319,28085,5.89,0.7901888,0.7901888,1.0515203,False
lstm_e16,1320,28085,9.29,0.6803653,0.703162,0.8196715,True
lstm_e16,1321,28085,6.9799995,1.0831221,1.0831221,0.9353159,True
lstm_e16,1322,28085,9.619999,0.69406253,0.69406253,0.76055187,True
lstm_e16,1323,28085,9.4,0.70168734,0.72011524,0.7357629,True
lstm_e16,1324,28085,20.08,0.63849044,0.63849044,0.82637453,False
lstm_e16,1325,28085,15.9,0.7347154,0.924692,0.94605905,True
lstm_e16,1326,28085,19.1,0.6680029,0.6680029,0.8266309,True
lstm_e16,1327,29002,1.47,0.6026611,0.6399948,0.83953935,False
lstm_e16,1328,29002,2.4700003,0.6088602,0.622523,0.8522159,False
lstm_e16,1329,29002,4.34,0.47719476,0.47719476,0.7704679,False
lstm_e16,1330,29002,1.79,0.63382035,0.6812481,0.76342845,True
lstm_e16,1331,29002,2.79,0.65184116,0.65184116,0.8352483,True
lstm_e16,1332,29002,2.86,0.6448449,0.6448449,0.83649325,True
lstm_e16,1333,29002,1.69,0.76937544,0.76937544,0.76409143,True
lstm_e16,1334,29002,3.35,0.56701475,0.56701475,0.7667851,True
lstm_e16,1335,29002,6.99,0.35818762,0.4340514,0.55148846,True
lstm_e16,1336,29002,5.81,0.30968052,0.30968052,0.537839,False
lstm_e16,1337,29002,3.86,0.63942343,0.63942343,0.94377595,True
lstm_e16,1338,29002,1.78,0.6835857,0.6835857,0.6867726,True
lstm_e16,1339,29003,1.58,0.76587033,0.76587033,0.93100387,False
lstm_e16,1340,29003,3.24,0.503968,0.503968,0.8151998,True
lstm_e16,1341,29003,3.86,0.5682235,0.5682235,0.78636384,False
lstm_e16,1342,29003,1.9199998,0.57337207,0.57337207,0.73396575,True
lstm_e16,1343,29003,2.78,0.5034914,0.5034914,0.65380293,True
lstm_e16,1344,29003,2.68,0.67408806,0.67408806,0.87874156,True
lstm_e16,1345,29003,2.19,0.42729503,0.53166354,0.70370454,True
lstm_e16,1346,29003,4.26,0.4874133,0.4874133,0.7624354,True
lstm_e16,1347,29003,6.77,0.30744052,0.34086272,0.55414593,True
lstm_e16,1348,29003,5.39,0.5697247,0.67545694,0.74380225,True
lstm_e16,1349,29003,5.22,0.5518094,0.5518094,0.7870281,True
lstm_e16,1350,29003,1.71,0.7978732,0.7978732,0.80424386,True
lstm_e16,1351,29005,13.48,0.21633986,0.21781662,0.4664787,False
lstm_e16,1352,29005,11.65,0.20974097,0.2436887,0.3670761,False
lstm_e16,1353,29005,15.7,0.46725023,0.46725023,0.6727768,False
lstm_e16,1354,29005,8.62,0.40209535,0.40209535,0.70007,False
lstm_e16,1355,29005,13.56,0.49748117,0.49748117,0.63929355,True
lstm_e16,1356,29005,16.11,0.24099395,0.24099395,0.34476665,False
lstm_e16,1357,29005,14.34,0.2730976,0.2730976,0.35130545,False
lstm_e16,1358,29005,17.89,0.26434004,0.26434004,0.29311985,False
lstm_e16,1359,29005,22.81,0.1161958,0.1161958,0.10450963,False
lstm_e16,1360,29005,24.030003,0.31562883,0.31562883,0.2946697,False
lstm_e16,1361,29005,15.57,0.58995277,0.58995277,0.79871833,True
lstm_e16,1362,29005,11.51,0.037137177,0.037137177,0.041153215,False
lstm_e16,1363,30001,2.26,0.7721613,0.7721613,0.7814647,True
lstm_e16,1364,30001,4.24,0.72898245,0.76684135,0.99070984,False
lstm_e16,1365,30001,6.19,0.7578787,0.7578787,0.8468429,False
lstm_e16,1366,30001,3.2999997,0.70733327,0.7189159,0.8253204,False
lstm_e16,1367,30001,2.06,0.45976982,0.45976982,0.58399975,False
lstm_e16,1368,30001,4.85,0.8733342,0.8733342,0.9459413,True
lstm_e16,1369,30001,3.13,0.78077537,0.78077537,0.74106455,True
lstm_e16,1370,30001,4.35,0.72881615,0.72881615,0.91925424,False
lstm_e16,1371,30001,3.83,0.91390157,0.91390157,0.9018019,True
lstm_e16,1372,30001,8.42,0.7811149,0.7811149,0.91048586,True
lstm_e16,1373,30001,6.0500007,0.8076993,0.8076993,0.8590204,True
lstm_e16,1374,30001,2.92,1.05997,1.05997,0.93347055,True
lstm_e16,1375,30004,4.5,0.38143033,0.38143033,0.5934871,False
lstm_e16,1376,30004,6.4699993,0.5316552,0.5316552,0.74634254,False
lstm_e16,1377,30004,11.32,0.47077444,0.47077444,0.6371146,False
lstm_e16,1378,30004,4.2800007,0.5599374,0.7277986,0.7841305,True
lstm_e16,1379,30004,8.010001,0.6317083,0.6317083,0.863708,True
lstm_e16,1380,30004,8.4,0.52966636,0.52966636,0.8100528,True
lstm_e16,1381,30004,4.57,0.7800609,0.7800609,0.7868126,True
lstm_e16,1382,30004,8.32,0.46382675,0.46382675,0.77834415,True
lstm_e16,1383,30004,10.99,0.9487917,0.96040314,0.9991052,True
lstm_e16,1384,30004,9.87,0.5421946,0.5421946,0.75115293,False
lstm_e16,1385,30004,10.64,0.5594515,0.5594515,0.86221653,True
lstm_e16,1386,30004,3.75,0.49086353,0.64843965,0.6602082,True
lstm_e16,1387,30005,1.3199999,0.8121853,0.8121853,0.8012341,True
lstm_e16,1388,30005,2.65,1.0909753,1.0909753,1.0674496,True
lstm_e16,1389,30005,6.18,0.43228197,0.43228197,0.758787,False
lstm_e16,1390,30005,2.65,0.67879474,0.67879474,0.77168876,False
lstm_e16,1391,30005,1.9199998,0.3154028,0.35376322,0.58964974,False
lstm_e16,1392,30005,5.04,0.65125656,0.65125656,0.874632,True
lstm_e16,1393,30005,3.28,0.34786877,0.45041186,0.48982137,False
lstm_e16,1394,30005,3.55,0.60270506,0.60270506,0.802292,True
lstm_e16,1395,30005,2.09,0.84152645,0.84480625,1.0741065,True
lstm_e16,1396,30005,5.17,0.47652555,0.47652555,0.5140554,False
lstm_e16,1397,30005,5.92,0.5285447,0.5285447,0.64127684,True
lstm_e16,1398,30005,2.15,0.89783376,0.89783376,0.92576164,True
lstm_e16,1399,30011,2.38,0.6049219,0.6049219,0.64023215,False
lstm_e16,1400,30011,2.06,0.44667405,0.44667405,0.5585624,False
lstm_e16,1401,30011,4.73,0.6249156,0.6249156,0.82551235,False
lstm_e16,1402,30011,1.74,0.688746,0.79021317,0.74612427,False
lstm_e16,1403,30011,2.34,0.6960852,0.6960852,0.6839212,True
lstm_e16,1404,30011,2.24,0.9028619,0.9028619,0.91944915,True
lstm_e16,1405,30011,2.26,0.32927394,0.32927394,0.53270435,False
lstm_e16,1406,30011,3.37,0.70895755,0.70895755,0.9031157,True
lstm_e16,1407,30011,12.84,0.25607514,0.3250846,0.3532821,True
lstm_e16,1408,30011,7.15,0.79369164,0.79369164,0.82939136,True
lstm_e16,1409,30011,5.42,0.5894395,0.5894395,0.69745445,True
lstm_e16,1410,30011,4.94,0.045084715,0.045084715,0.08869591,False
lstm_e16,1411,30012,10.94,0.17809778,0.20559728,0.25323847,False
lstm_e16,1412,30012,5.67,0.40560776,0.40560776,0.5129983,False
lstm_e16,1413,30012,12.05,0.6133955,0.6133955,0.808769,False
lstm_e16,1414,30012,4.77,0.47780412,0.65496194,0.7152805,False
lstm_e16,1415,30012,6.4,0.7352334,0.7352334,1.0310867,True
lstm_e16,1416,30012,8.55,0.74014026,0.74014026,1.0374861,True
lstm_e16,1417,30012,5.83,0.310996,0.310996,0.45873967,False
lstm_e16,1418,30012,9.7,0.6377622,0.6377622,1.1193007,True
lstm_e16,1419,30012,15.65,0.7084965,0.7537482,0.839608,True
lstm_e16,1420,30012,14.49,0.69037396,0.69037396,0.81950665,False
lstm_e16,1421,30012,6.53,0.52525276,0.67551494,0.73948914,True
lstm_e16,1422,30014,3.62,0.96617717,0.96617717,1.0891863,True
lstm_e16,1423,30014,14.87,0.59749234,0.59749234,0.95295185,True
lstm_e16,1424,30014,16.37,0.61339307,0.61339307,0.8355747,True
lstm_e16,1425,30014,5.7600007,0.8573685,0.8573685,0.9395163,False
lstm_e16,1426,30014,4.43,0.9070598,0.9070598,1.0980208,True
lstm_e16,1427,30014,14.87,0.64238364,0.64238364,0.9526013,True
lstm_e16,1428,30014,7.29,0.5644,0.5644,0.67959327,True
lstm_e16,1429,30014,9.57,0.50203097,0.6795905,0.9464481,True
lstm_e16,1430,30014,17.24,0.4259275,0.44040826,0.45816422,True
lstm_e16,1431,30014,16.05,0.49242195,0.49242195,0.74460816,False
lstm_e16,1432,30014,14.939999,0.66955835,0.66955835,0.9618516,True
lstm_e16,1433,30014,4.77,0.7481748,0.7481748,0.95033973,True
lstm_e16,1434,31002,1.42,1.0311608,1.0311608,1.1046423,True
lstm_e16,1435,31002,2.63,1.0857937,1.0857937,1.4369792,True
lstm_e16,1436,31002,5.42,0.73966366,0.73966366,1.014094,True
lstm_e16,1437,31002,2.5,0.79021144,0.87745535,0.88719416,True
lstm_e16,1438,31002,1.97,0.2819301,0.40247005,0.5645737,False
lstm_e16,1439,31002,3.38,0.80067676,1.0826229,1.1143059,True
lstm_e16,1440,31002,2.58,0.87203956,0.87203956,0.8747241,True
lstm_e16,1441,31002,3.3,0.800442,0.800442,1.0754648,True
lstm_e16,1442,31002,1.37,2.2702389,2.2702389,2.3264592,True
lstm_e16,1443,31002,4.47,0.73828,0.73828,0.953699,False
lstm_e16,1444,31002,5.19,1.0359888,1.0359888,1.0832106,True
lstm_e16,1445,31002,2.02,0.9742277,0.9742277,1.0537177,True
lstm_e16,1446,31006,0.39,1.5745631,1.5745631,1.2765614,True
lstm_e16,1447,31006,0.61,2.2609613,2.2609613,2.193182,True
lstm_e16,1448,31006,1.8199999,0.9310385,1.0014507,0.94684154,False
lstm_e16,1449,31006,1.31,1.0223964,1.0223964,0.9775164,True
lstm_e16,1450,31006,0.44,1.4591357,1.4591357,1.2406716,False
lstm_e16,1451,31006,0.86,2.2695289,2.2695289,1.7992064,True
lstm_e16,1452,31006,0.45,2.2518654,2.2518654,1.8443383,True
lstm_e16,1453,31006,0.94,1.2192572,1.2192572,1.1366987,False
lstm_e16,1454,31006,0.35,2.4610898,2.4610898,2.3540328,True
lstm_e16,1455,31006,1.8899999,0.75328505,0.75328505,0.8041366,False
lstm_e16,1456,31006,2.64,0.6089306,0.6200524,0.63716084,False
lstm_e16,1457,31006,0.56,1.9718432,1.9718432,1.5592366,True
lstm_e16,1458,31010,3.19,0.7361509,0.7361509,0.7492453,True
lstm_e16,1459,31010,7.53,0.59683096,0.59683096,0.8366355,False
lstm_e16,1460,31010,11.99,0.47086513,0.47086513,0.7402323,False
lstm_e16,1461,31010,5.74,0.641965,0.6491642,0.9253336,False
lstm_e16,1462,31010,3.6,0.5373608,0.5373608,0.66139305,False
lstm_e16,1463,31010,10.87,0.7433525,0.7433525,1.1001889,True
lstm_e16,1464,31010,5.55,0.6503435,0.6503435,0.7952614,True
lstm_e16,1465,31010,8.83,0.50459063,0.5584628,0.8115194,True
lstm_e16,1466,31010,4.23,0.4159053,0.5360547,0.5532432,False
lstm_e16,1467,31010,10.31,0.7021291,0.7021291,0.9512924,True
lstm_e16,1468,31010,13.69,0.52238995,0.52238995,0.84670705,False
lstm_e16,1469,31010,4.97,0.47157145,0.92195183,0.9243043,True
lstm_e16,1470,31021,4.69,0.70821655,0.70821655,0.8185966,True
lstm_e16,1471,31021,6.47,0.5841442,0.81893635,0.8647312,False
lstm_e16,1472,31021,7.5199995,0.72573507,0.93878055,0.9364284,True
lstm_e16,1473,31021,7.66,0.69480795,0.69480795,0.775655,True
lstm_e16,1474,31021,6.78,0.4275189,0.4275189,0.58836925,True
lstm_e16,1475,31021,6.54,0.4929159,0.4929159,0.6127174,False
lstm_e16,1476,31021,6.4,0.62650305,0.62650305,0.75721115,True
lstm_e16,1477,31021,7.06,0.5582458,0.5582458,0.6192258,False
lstm_e16,1478,31021,6.22,0.37079787,0.37079787,0.44081908,False
lstm_e16,1479,31021,7.4499993,0.672522,0.72640145,0.7845796,True
lstm_e16,1480,31021,7.62,0.6665967,0.6665967,0.6665951,False
lstm_e16,1481,31021,6.78,0.35806966,0.36028394,0.48725632,False
lstm_e16,1482,31023,3.1000001,0.37542018,0.37542018,0.7804248,False
lstm_e16,1483,31023,14.72,0.6640822,0.6640822,1.1994642,True
lstm_e16,1484,31023,15.52,0.5676417,0.5676417,0.90424395,False
lstm_e16,1485,31023,5.13,0.2630595,0.5698342,0.550682,False
lstm_e16,1486,31023,4.6,0.5146745,0.5146745,0.49291587,False
lstm_e16,1487,31023,11.909999,0.7531857,0.7531857,1.1551554,True
lstm_e16,1488,31023,12.57,0.45237297,0.45237297,0.57638,True
lstm_e16,1489,31023,7.2199993,0.4423407,1.0727035,1.0367193,True
lstm_e16,1490,31023,7.9500003,0.97497517,1.1553789,1.1471831,True
lstm_e16,1491,31023,8.46,0.7306176,0.7306176,0.9933314,True
lstm_e16,1492,32003,3.58,0.83751774,0.8436818,0.9273314,False
lstm_e16,1493,32003,11.279999,0.47920617,0.47920617,0.8563607,True
lstm_e16,1494,32003,4.57,0.6216533,0.6216533,0.8646096,False
lstm_e16,1495,32003,23.67,0.4234507,0.4234507,0.6805806,True
lstm_e16,1496,32003,3.95,0.60856897,0.60856897,0.75563794,False
lstm_e16,1497,32003,9.599999,0.51790124,0.66962,0.831349,True
lstm_e16,1498,32003,2.81,1.3667066,1.3667066,1.5690572,True
lstm_e16,1499,32003,12.750001,0.61470336,0.61470336,0.8543602,True
lstm_e16,1500,32003,30.66,0.44495106,0.44495106,0.62670666,True
lstm_e16,1501,32003,5.3,0.608522,0.7541326,0.9017098,False
lstm_e16,1502,32004,4.58,0.57902443,0.57902443,0.6582597,True
lstm_e16,1503,32004,7.33,0.7036245,0.7036245,0.80160844,True
lstm_e16,1504,32004,8.18,0.97005254,0.97005254,0.8574626,True
lstm_e16,1505,32004,7.42,0.8715206,0.8715206,0.81655174,True
lstm_e16,1506,32004,5.07,0.39141232,0.39141232,0.4369552,False
lstm_e16,1507,32004,7.42,1.067948,1.067948,1.1286107,True
lstm_e16,1508,32004,5.16,0.49383143,0.49383143,0.53553665,True
lstm_e16,1509,32004,7.02,0.6412227,0.7608352,0.70864034,True
lstm_e16,1510,32004,3.7599998,0.44380412,0.44380412,0.5065891,False
lstm_e16,1511,32004,6.93,0.6944494,0.70227367,0.73824954,False
lstm_e16,1512,32004,12.22,0.9064298,0.9064298,0.7746089,True
lstm_e16,1513,32004,5.91,0.59190226,0.59190226,0.6605164,True
lstm_e16,1514,32006,2.99,0.8369011,0.8369011,0.97534144,True
lstm_e16,1515,32006,5.48,0.8761955,0.8761955,0.98918134,True
lstm_e16,1516,32006,5.83,0.8239355,1.0519707,0.9376588,False
lstm_e16,1517,32006,6.19,0.928798,0.928798,0.94605285,True
lstm_e16,1518,32006,2.99,0.79202676,0.79202676,0.9751178,True
lstm_e16,1519,32006,5.56,1.5435293,1.5435293,1.4876189,True
lstm_e16,1520,32006,2.2,0.91836333,0.91836333,1.0970893,False
lstm_e16,1521,32006,5.79,0.745471,0.7858287,0.93889177,True
lstm_e16,1522,32006,1.9299998,0.9832156,0.9832156,1.1389983,False
lstm_e16,1523,32006,5.68,0.9902471,0.9902471,1.0245714,False
lstm_e16,1524,32006,6.07,1.2591407,1.2591407,1.2297463,True
lstm_e16,1525,32008,3.34,0.8641622,0.88387764,0.99484324,True
lstm_e16,1526,32008,6.8500004,0.7837436,0.7837436,1.0490423,True
lstm_e16,1527,32008,7.33,0.9829765,0.9923806,1.0167582,True
lstm_e16,1528,32008,7.09,0.76758343,0.76758343,0.8651921,True
lstm_e16,1529,32008,2.14,0.96543056,1.1415515,1.0655837,True
lstm_e16,1530,32008,7.52,1.0794361,1.0794361,1.3027235,True
lstm_e16,1531,32008,6.46,0.6598139,0.7102961,0.8415878,False
lstm_e16,1532,32008,2.03,0.9798973,0.9798973,1.410743,False
lstm_e16,1533,32008,7.04,1.1405226,1.1405226,1.370578,True
lstm_e16,1534,32008,7.49,0.98676366,0.98676366,1.0228255,True
lstm_e16,1535,32008,4.1100006,0.5342222,0.7953358,0.8161991,True
lstm_e16,1536,33006,2.24,0.51970744,0.8132107,0.67782515,True
lstm_e16,1537,33006,1.6400001,0.7469886,0.8704178,0.8966378,True
lstm_e16,1538,33006,3.9,0.5575607,0.60538214,0.63158166,True
lstm_e16,1539,33006,2.22,0.7920294,0.9505836,0.902942,True
lstm_e16,1540,33006,1.81,0.6153002,0.67103004,0.6962116,True
lstm_e16,1541,33006,4.43,0.33036032,0.33504853,0.4091596,False
lstm_e16,1542,33006,1.39,0.4923114,0.5965015,0.55301,False
lstm_e16,1543,33006,3.12,0.44791365,0.61298877,0.5721055,False
lstm_e16,1544,33006,1.05,0.75323236,0.8676919,0.8048357,True
lstm_e16,1545,33006,2.04,0.6876914,0.94151896,0.81520844,False
lstm_e16,1546,33006,4.31,0.87746525,0.94024354,1.0949543,True
lstm_e16,1547,33006,1.76,0.6243763,0.75553167,0.74947524,False
lstm_e16,1548,33007,1.69,0.73807025,0.75718915,0.9003208,True
lstm_e16,1549,33007,1.04,0.92195874,1.0216974,1.0977087,True
lstm_e16,1550,33007,2.2999997,0.84331334,0.92500824,0.9841859,True
lstm_e16,1551,33007,2.12,0.63725275,0.77724177,0.892864,True
lstm_e16,1552,33007,1.25,0.6638564,0.7106657,0.8349993,False
lstm_e16,1553,33007,2.16,0.78240037,0.78240037,0.9272044,True
lstm_e16,1554,33007,0.74,0.7742605,0.7742605,0.7017389,False
lstm_e16,1555,33007,2.4500003,0.567417,0.653539,0.7287439,True
lstm_e16,1556,33007,0.73,0.765422,0.89928466,0.93298537,True
lstm_e16,1557,33007,2.03,0.55613977,0.69872737,0.7191286,True
lstm_e16,1558,33007,2.99,0.7414781,0.86796826,0.9870727,True
lstm_e16,1559,33007,1.28,0.83189905,0.9933163,1.0295471,True
lstm_e16,1560,33012,3.22,0.6560518,0.6560518,0.7067455,True
lstm_e16,1561,33012,9.88,0.7604076,0.7604076,1.027593,True
lstm_e16,1562,33012,12.19,0.7740167,0.7740167,0.85423046,False
lstm_e16,1563,33012,10.69,0.80273134,0.80273134,1.0538219,True
lstm_e16,1564,33012,7.63,0.3899926,0.3899926,0.515094,False
lstm_e16,1565,33012,11.07,1.022831,1.022831,1.1096972,True
lstm_e16,1566,33012,4.12,0.8412544,0.8412544,0.86258507,True
lstm_e16,1567,33012,10.38,0.6370831,0.6370831,0.8366899,False
lstm_e16,1568,33012,1.8,0.76556116,0.76556116,0.86635125,False
lstm_e16,1569,33012,8.69,0.8331978,0.8331978,1.0260513,True
lstm_e16,1570,33012,11.06,0.7623868,0.7623868,1.0176264,False
lstm_e16,1571,33012,2.83,0.9001259,0.9001259,0.961229,False
lstm_e16,1572,33013,1.95,0.42870075,0.8750309,0.7419234,True
lstm_e16,1573,33013,2.0899997,0.44955537,1.1729021,0.8410466,True
lstm_e16,1574,33013,2.29,0.625837,1.1572199,0.9889045,True
lstm_e16,1575,33013,2.7399998,0.60352385,1.05128,0.90964484,True
lstm_e16,1576,33013,2.3399997,0.49982134,0.68591267,0.6181404,True
lstm_e16,1577,33013,1.72,0.5657427,0.8969943,0.79632884,True
lstm_e16,1578,33013,0.66,0.55372715,0.7419337,0.70928365,False
lstm_e16,1579,33013,2.4,0.45628408,0.9215244,0.723213,True
lstm_e16,1580,33013,0.21,1.8026624,2.2261846,1.8003757,True
lstm_e16,1581,33013,2.5299997,0.4397944,1.0466856,0.73916334,True
lstm_e16,1582,33013,2.9499998,0.7658917,1.6097276,1.1093402,True
lstm_e16,1583,33013,1.25,0.59187907,1.2123797,0.8668656,True
lstm_e16,1584,33014,2.0,0.80040485,0.80040485,0.77782923,True
lstm_e16,1585,33014,2.27,0.6035569,0.964329,0.8384791,True
lstm_e16,1586,33014,2.23,1.0900885,1.0900885,1.0268761,False
lstm_e16,1587,33014,2.61,0.7841744,0.9792426,0.9029623,True
lstm_e16,1588,33014,1.74,0.737663,0.737663,0.81596607,True
lstm_e16,1589,33014,1.82,0.6883763,0.6883763,0.80620456,True
lstm_e16,1590,33014,0.94000006,0.44995582,0.46749625,0.6409885,False
lstm_e16,1591,33014,2.1099997,0.6283254,0.8759202,0.86462945,True
lstm_e16,1592,33014,0.42,0.93867683,0.93867683,1.0812831,False
lstm_e16,1593,33014,1.72,0.78750813,1.307011,1.0734609,True
lstm_e16,1594,33014,2.67,1.0116698,1.4322796,1.1455665,True
lstm_e16,1595,33018,2.62,0.7965081,0.90623564,1.054917,True
lstm_e16,1596,33018,9.78,0.4494009,0.4498119,0.74832845,True
lstm_e16,1597,33018,12.78,0.60355854,0.60355854,0.8637599,False
lstm_e16,1598,33018,9.48,0.7216786,0.7216786,0.96676123,True
lstm_e16,1599,33018,5.2800007,0.6605938,0.6605938,0.85572356,True
lstm_e16,1600,33018,15.13,0.6136097,0.6136097,0.9213445,True
lstm_e16,1601,33018,3.65,0.72234184,0.72234184,0.96357596,False
lstm_e16,1602,33018,9.82,0.37550977,0.43453726,0.6616642,False
lstm_e16,1603,33018,4.41,0.45235074,0.45235074,0.7216413,True
lstm_e16,1604,33018,13.09,0.5077553,0.5077553,0.7763968,True
lstm_e16,1605,33018,15.19,0.56256443,0.56256443,0.74888885,True
lstm_e16,1606,33018,5.4400005,0.43031463,0.76173615,0.8126382,True
lstm_e16,1607,33019,1.6600001,0.60438395,0.9963799,0.70746064,False
lstm_e16,1608,33019,1.35,0.75241977,1.2480335,0.95068896,True
lstm_e16,1609,33019,2.65,0.5544704,0.9889549,0.71504015,False
lstm_e16,1610,33019,2.17,0.64187753,1.0883309,0.8532319,True
lstm_e16,1611,33019,1.41,0.9289553,0.9423292,0.90713507,False
lstm_e16,1612,33019,1.8800001,0.64464283,1.0606103,0.80958736,True
lstm_e16,1613,33019,0.93,0.5786078,1.0712909,0.7253927,True
lstm_e16,1614,33019,2.5099998,0.53743994,1.0412312,0.6937762,True
lstm_e16,1615,33019,0.71,0.96645063,1.0086752,0.97711056,False
lstm_e16,1616,33019,1.8500001,0.66032547,1.216391,0.81498224,True
lstm_e16,1617,33019,4.3399997,0.72944057,1.335667,0.8870582,True
lstm_e16,1618,33019,1.4,0.84066224,1.054863,0.8203852,True
lstm_e16,1619,33021,2.08,0.50654936,0.8651749,0.72300106,True
lstm_e16,1620,33021,2.27,0.6756038,1.2926593,0.90676916,True
lstm_e16,1621,33021,3.06,0.91637653,0.91637653,0.8059865,True
lstm_e16,1622,33021,3.28,0.85427165,1.1303186,0.9062197,True
lstm_e16,1623,33021,1.23,0.6011909,0.6359375,0.7625943,False
lstm_e16,1624,33021,2.0700002,0.484233,0.8402037,0.7046768,True
lstm_e16,1625,33021,0.47,0.3202143,0.45036876,0.38112038,False
lstm_e16,1626,33021,2.3100002,0.8615406,0.8615406,0.82315016,True
lstm_e16,1627,33021,0.25,0.7388875,0.86992,0.7615694,True
lstm_e16,1628,33021,2.13,0.47093812,0.72407496,0.6575551,False
lstm_e16,1629,33021,3.39,0.62501067,0.7887997,0.76749724,False
lstm_e16,1630,33021,1.43,0.46028188,0.65887386,0.6879151,True
lstm_e16,1631,33022,2.8200002,0.7649653,0.7649653,0.77525145,True
lstm_e16,1632,33022,4.0199995,0.8246508,0.8246508,0.89063895,True
lstm_e16,1633,33022,3.62,0.8132965,0.8132965,0.9261523,False
lstm_e16,1634,33022,4.6,0.71762294,0.945094,0.8758707,True
lstm_e16,1635,33022,1.51,0.7877664,0.7877664,0.86099166,True
lstm_e16,1636,33022,2.5,0.79196703,0.79196703,0.8692619,True
lstm_e16,1637,33022,1.13,0.84192735,0.84192735,0.84867173,True
lstm_e16,1638,33022,2.9100003,0.6316637,0.71099627,0.81290406,True
lstm_e16,1639,33022,0.76,0.68949604,0.68949604,0.8049447,False
lstm_e16,1640,33022,2.44,1.0294869,1.0645748,1.1189153,True
lstm_e16,1641,33022,4.0099998,0.7763697,0.8848307,0.8910421,True
lstm_e16,1642,33022,1.79,0.830875,0.830875,0.8671153,True
lstm_e16,1643,33023,1.33,0.5197208,0.5197208,0.52564836,True
lstm_e16,1644,33023,1.43,0.9559149,0.9559149,1.0608724,True
lstm_e16,1645,33023,1.88,1.1522115,1.1522115,1.1860312,True
lstm_e16,1646,33023,2.0,0.9560612,0.9560612,0.97836834,True
lstm_e16,1647,33023,1.32,0.4087705,0.4087705,0.53946304,False
lstm_e16,1648,33023,1.23,0.80115414,0.80115414,0.86721826,True
lstm_e16,1649,33023,0.76,0.29814318,0.29814318,0.4611484,True
lstm_e16,1650,33023,1.58,0.7801056,0.7801056,0.9092091,True
lstm_e16,1651,33023,0.030000001,0.08814782,0.4213919,0.23398267,False
lstm_e16,1652,33023,1.1,1.276283,1.276283,1.3946435,False
lstm_e16,1653,33023,1.83,0.6812105,0.6812105,0.82083255,False
lstm_e16,1654,33023,1.03,0.8012925,0.8012925,0.77222764,True
lstm_e16,1655,33024,2.16,0.72637945,0.72637945,0.8456666,True
lstm_e16,1656,33024,3.1,1.0847557,1.0847557,0.9660018,True
lstm_e16,1657,33024,3.06,1.0269662,1.0269662,1.0172764,True
lstm_e16,1658,33024,4.37,0.6531476,1.0454694,1.014823,True
lstm_e16,1659,33024,2.8900003,0.522342,0.522342,0.729487,True
lstm_e16,1660,33024,2.38,0.3764776,0.78211355,0.7167705,True
lstm_e16,1661,33024,0.48,0.7901533,0.8560693,1.1474829,False
lstm_e16,1662,33024,2.07,0.8631087,0.8631087,1.0253757,True
lstm_e16,1663,33024,0.24,1.2339399,1.3996022,1.2626995,False
lstm_e16,1664,33024,1.72,0.78235143,1.2245272,1.146881,False
lstm_e16,1665,33024,3.38,0.56780833,0.84604144,0.94476855,False
lstm_e16,1666,33024,1.86,0.8515588,0.8515588,0.9764739,True
lstm_e16,1667,33026,2.27,0.83888775,0.85629463,0.8184882,True
lstm_e16,1668,33026,5.01,0.6612819,0.6612819,0.7739429,True
lstm_e16,1669,33026,5.51,0.7938549,0.7938549,0.86243975,False
lstm_e16,1670,33026,4.73,1.0212722,1.0212722,0.9969443,True
lstm_e16,1671,33026,2.01,1.0911864,1.0911864,1.0201598,True
lstm_e16,1672,33026,2.95,0.65815294,1.3071505,0.96301985,True
lstm_e16,1673,33026,1.37,1.033065,1.1882132,1.145178,False
lstm_e16,1674,33026,3.7100003,0.8805237,0.8957783,1.0296899,True
lstm_e16,1675,33026,0.98,1.3243998,1.3243998,1.1194054,True
lstm_e16,1676,33026,3.2,0.62826854,1.2660786,0.84706837,True
lstm_e16,1677,33026,6.77,0.45924628,0.7478678,0.8389467,True
lstm_e16,1678,33026,1.9099998,0.7339438,0.99183595,0.7572955,False
lstm_e16,1679,33028,3.0499997,0.87528753,0.87528753,0.9220012,True
lstm_e16,1680,33028,6.38,0.7029253,0.7029253,0.95089084,False
lstm_e16,1681,33028,4.67,0.70339555,0.70339555,0.99662,False
lstm_e16,1682,33028,10.42,0.5534811,0.5534811,0.83939034,True
lstm_e16,1683,33028,2.18,0.6312068,0.6312068,0.7791034,False
lstm_e16,1684,33028,3.2100005,0.82333326,0.82333326,1.0103769,True
lstm_e16,1685,33028,1.87,0.89966923,0.89966923,0.9394178,True
lstm_e16,1686,33028,3.48,0.7005994,0.77744174,0.9298627,True
lstm_e16,1687,33028,1.72,0.48615664,0.48615664,0.5710408,False
lstm_e16,1688,33028,3.7199998,1.0505322,1.0505322,1.097839,True
lstm_e16,1689,33028,9.48,0.5706379,0.5706379,0.83408237,True
lstm_e16,1690,33028,2.2,0.8436624,0.8436624,0.96227634,False
lstm_e16,1691,33029,1.9100001,0.80548525,0.80548525,0.82442886,True
lstm_e16,1692,33029,1.27,0.7235271,0.7235271,0.86901826,False
lstm_e16,1693,33029,3.29,0.78138524,0.78138524,0.75339794,True
lstm_e16,1694,33029,2.14,0.90371686,0.90371686,0.83489186,True
lstm_e16,1695,33029,1.48,0.75408477,0.75408477,0.7879621,True
lstm_e16,1696,33029,4.16,0.23748882,0.23748882,0.27287272,False
lstm_e16,1697,33029,1.3799999,0.238804,0.238804,0.31499985,False
lstm_e16,1698,33029,4.26,0.52504575,0.52504575,0.42083955,True
lstm_e16,1699,33029,1.04,0.54017895,0.54017895,0.5674566,False
lstm_e16,1700,33029,2.65,0.7391692,0.7391692,0.7472127,True
lstm_e16,1701,33029,3.6199996,0.7632824,0.7632824,0.7346148,True
lstm_e16,1702,33029,1.8500001,0.9254375,0.9254375,0.9771303,True
lstm_e16,1703,33031,5.72,0.47511557,0.5743559,0.8180266,True
lstm_e16,1704,33031,13.93,0.3508273,0.3508273,0.5539861,False
lstm_e16,1705,33031,12.699999,0.39305323,0.58495355,0.58373207,True
lstm_e16,1706,33031,13.32,0.48654234,0.48654234,0.61140007,True
lstm_e16,1707,33031,2.55,0.9331685,0.9331685,1.2026634,True
lstm_e16,1708,33031,7.02,0.6499406,0.6499406,0.85405624,False
lstm_e16,1709,33031,5.29,0.3204047,0.34929207,0.4407452,False
lstm_e16,1710,33031,11.23,0.3548725,0.35887733,0.62624115,True
lstm_e16,1711,33031,1.73,0.3912541,0.3912541,0.41545978,False
lstm_e16,1712,33031,10.08,0.47168988,0.47168988,0.6984682,False
lstm_e16,1713,33031,17.42,0.33289042,0.33289042,0.32286307,False
lstm_e16,1714,33031,4.99,0.07959337,0.12247154,0.20487332,False
lstm_e16,1715,33032,0.44,0.5531571,0.5645809,0.5646247,False
lstm_e16,1716,33032,0.38,1.234008,1.234008,1.267786,False
lstm_e16,1717,33032,0.91999996,0.99556917,1.0141709,1.0197403,True
lstm_e16,1718,33032,0.55,1.0869759,1.0869759,1.0876799,False
lstm_e16,1719,33032,0.42,0.68837136,0.7656589,0.7088174,False
lstm_e16,1720,33032,0.49,0.9707041,0.9707041,0.93356794,False
lstm_e16,1721,33032,0.46,0.47570914,0.47570914,0.5340297,False
lstm_e16,1722,33032,0.6,1.0662115,1.0878254,1.0841779,True
lstm_e16,1723,33032,0.37,0.6017506,0.6275014,0.59922504,True
lstm_e16,1724,33032,0.72,1.0477412,1.0904003,1.0737499,False
lstm_e16,1725,33032,1.22,0.870033,0.870033,0.8684766,False
lstm_e16,1726,33032,0.44,1.0552617,1.1969453,1.0843768,True
lstm_e16,1727,33033,1.9000001,0.74867487,0.74867487,0.8079046,True
lstm_e16,1728,33033,2.27,0.8756773,0.8756773,0.9722774,False
lstm_e16,1729,33033,2.63,0.64030033,0.64030033,0.8178181,False
lstm_e16,1730,33033,5.78,0.6141693,0.6141693,0.6946326,True
lstm_e16,1731,33033,1.47,0.30089244,0.30089244,0.45037463,False
lstm_e16,1732,33033,2.51,0.5678337,0.5678337,0.80703133,True
lstm_e16,1733,33033,1.25,0.32523328,0.32523328,0.55758697,False
lstm_e16,1734,33033,2.56,0.5348393,0.58393157,0.8327348,True
lstm_e16,1735,33033,1.49,0.40616253,0.40616253,0.6603189,False
lstm_e16,1736,33033,3.13,0.69726354,0.69726354,0.8059386,True
lstm_e16,1737,33033,4.92,0.52059066,0.52059066,0.6389659,True
lstm_e16,1738,33033,2.29,0.4376748,0.4853611,0.5981028,False
lstm_e16,1739,33034,1.51,0.5187559,0.87021,0.7536034,True
lstm_e16,1740,33034,1.08,0.7338762,1.0516665,0.88228726,False
lstm_e16,1741,33034,2.19,0.8657383,1.0795344,0.96805996,True
lstm_e16,1742,33034,2.06,0.64379853,0.9254176,0.84246933,True
lstm_e16,1743,33034,1.4,0.571192,0.82532316,0.64416987,True
lstm_e16,1744,33034,1.65,0.64020824,0.95596516,0.7977516,True
lstm_e16,1745,33034,0.71,0.7923954,1.0719106,0.8934021,True
lstm_e16,1746,33034,2.15,0.5611027,0.9497165,0.7074799,True
lstm_e16,1747,33034,0.51,1.0275613,1.0549896,1.0365334,False
lstm_e16,1748,33034,1.62,0.65442145,1.1290166,0.81533307,True
lstm_e16,1749,33034,4.04,0.69385743,1.0252198,0.93742573,True
lstm_e16,1750,33034,1.25,0.7600359,0.9415988,0.77850163,True
lstm_e16,1751,33035,1.62,0.9819397,0.9819397,1.0063156,True
lstm_e16,1752,33035,1.36,0.8396333,1.1521627,1.0535928,True
lstm_e16,1753,33035,2.41,0.650494,1.0236168,0.96060866,False
lstm_e16,1754,33035,2.51,0.95578825,0.95578825,1.0359519,True
lstm_e16,1755,33035,1.46,0.7414446,0.7414446,0.75509536,True
lstm_e16,1756,33035,1.54,0.66675776,0.87216824,0.79149526,False
lstm_e16,1757,33035,0.72,0.76384836,0.76384836,0.84808296,False
lstm_e16,1758,33035,1.85,0.9193635,1.0920933,1.0215678,True
lstm_e16,1759,33035,1.62,1.1921601,1.1921601,1.2260606,True
lstm_e16,1760,33035,2.99,0.99615014,1.1505243,1.1717436,True
lstm_e16,1761,33039,2.51,0.5987755,0.87995434,0.8296139,True
lstm_e16,1762,33039,5.08,0.654573,0.66644883,0.69104606,False
lstm_e16,1763,33039,5.61,0.5107373,0.9819549,0.62628144,False
lstm_e16,1764,33039,5.2,0.53731185,1.0676606,0.76427597,True
lstm_e16,1765,33039,2.21,0.69456124,1.26611,0.9555941,True
lstm_e16,1766,33039,3.74,0.5910731,1.2923644,0.9680781,True
lstm_e16,1767,33039,1.8,1.2351567,1.2351567,1.2370288,True
lstm_e16,1768,33039,3.65,0.99006116,1.0424621,1.0725803,True
lstm_e16,1769,33039,1.26,1.2678788,1.2678788,1.0187488,True
lstm_e16,1770,33039,4.1100006,0.5443475,1.1243836,0.76955897,True
lstm_e16,1771,33039,9.11,0.39765573,0.7036663,0.82240736,True
lstm_e16,1772,33039,2.1799998,0.7568293,1.106605,0.7903317,False
lstm_e16,1773,33053,1.88,0.61934954,0.61934954,0.60043025,False
lstm_e16,1774,33053,2.46,0.9744689,0.9744689,0.84235775,False
lstm_e16,1775,33053,2.3,1.1848469,1.1848469,1.0121639,True
lstm_e16,1776,33053,2.33,0.6956039,1.2530591,1.0706894,True
lstm_e16,1777,33053,2.04,0.5227707,0.5698217,0.64394623,True
lstm_e16,1778,33053,2.08,0.70964986,0.70964986,0.65446347,True
lstm_e16,1779,33053,0.5,0.4286449,0.4286449,0.57146645,False
lstm_e16,1780,33053,1.7200001,0.6392612,0.6392612,0.92697054,False
lstm_e16,1781,33053,0.19,0.62371063,0.62371063,0.7261053,False
lstm_e16,1782,33053,1.44,1.0845612,1.0845612,1.0803101,False
lstm_e16,1783,33053,2.59,0.89521897,0.89521897,0.8619142,True
lstm_e16,1784,33053,1.53,0.65463114,0.65463114,0.6556894,True
lstm_e16,1785,34002,3.16,0.9611168,0.9611168,0.98703486,True
lstm_e16,1786,34002,2.3,1.0389265,1.0389265,0.96958303,True
lstm_e16,1787,34002,5.37,1.0749211,1.0749211,1.0793467,True
lstm_e16,1788,34002,3.77,1.1188399,1.1188399,1.0235285,True
lstm_e16,1789,34002,4.09,0.6671952,0.6671952,0.76009506,True
lstm_e16,1790,34002,3.31,0.77287173,0.77287173,0.85722595,False
lstm_e16,1791,34002,1.35,0.77473235,0.77473235,0.829068,False
lstm_e16,1792,34002,4.8,0.8872607,0.8872607,0.9830425,False
lstm_e16,1793,34002,1.39,0.97320116,0.97320116,1.001044,True
lstm_e16,1794,34002,4.31,0.7167521,1.0309615,0.94296783,True
lstm_e16,1795,34002,11.17,0.8149246,0.8149246,0.72234553,True
lstm_e16,1796,34002,2.57,0.7816001,0.7816001,0.8434007,True
lstm_e16,1797,34003,1.99,0.8958699,0.8958699,0.9478646,False
lstm_e16,1798,34003,1.8899999,0.8955738,0.8955738,0.8982884,True
lstm_e16,1799,34003,3.21,0.9347286,1.0181396,1.0524426,True
lstm_e16,1800,34003,2.17,1.1242759,1.1242759,1.0934476,True
lstm_e16,1801,34003,2.22,0.94326305,0.94326305,1.0821656,True
lstm_e16,1802,34003,2.54,0.80753005,0.80753005,0.91214937,True
lstm_e16,1803,34003,1.3900001,0.87915766,0.87915766,0.96916187,True
lstm_e16,1804,34003,2.72,0.8063454,1.1545682,1.1582613,True
lstm_e16,1805,34003,1.45,0.65099996,0.70756793,0.8027027,False
lstm_e16,1806,34003,2.2600002,1.0627605,1.0627605,1.0493996,True
lstm_e16,1807,34003,3.19,1.3907263,1.3907263,1.2372918,True
lstm_e16,1808,34003,2.36,0.7069372,0.81217575,0.8428303,True
lstm_e16,1809,34004,1.98,0.8241761,1.3021407,1.0174791,True
lstm_e16,1810,34004,1.74,0.8192419,0.95339984,0.94079983,True
lstm_e16,1811,34004,2.24,1.2308995,1.4734323,1.2960016,False
lstm_e16,1812,34004,2.1,0.94911444,1.170467,1.0754061,True
lstm_e16,1813,34004,1.6099999,0.98217565,1.1977812,1.1111357,True
lstm_e16,1814,34004,2.32,0.7761861,1.1770217,0.8878949,True
lstm_e16,1815,34004,1.34,0.74822205,0.9724747,0.86357695,False
lstm_e16,1816,34004,2.39,0.9725183,1.2598511,1.0500586,False
lstm_e16,1817,34004,1.12,1.1507034,1.2743288,1.1446086,True
lstm_e16,1818,34004,1.8400002,0.8821134,1.3158114,0.97021675,False
lstm_e16,1819,34004,2.61,1.5377799,1.9270861,1.7539954,True
lstm_e16,1820,34004,1.5699999,0.74441624,1.0668122,0.78050643,False
lstm_e16,1821,34005,3.46,0.77769226,0.888911,0.9724074,True
lstm_e16,1822,34005,2.3399997,0.7044601,0.84065443,0.86339664,False
lstm_e16,1823,34005,4.29,0.6936201,0.89473724,0.9421741,False
lstm_e16,1824,34005,3.0,1.1747532,1.1747532,1.0707805,True
lstm_e16,1825,34005,2.9,0.6690035,0.6740932,0.89969,False
lstm_e16,1826,34005,3.47,0.7195319,0.7606686,0.9901313,False
lstm_e16,1827,34005,2.36,0.55331486,0.55331486,0.5249135,False
lstm_e16,1828,34005,5.6,0.42120582,0.75979394,0.97062504,True
lstm_e16,1829,34005,1.8700001,1.10979,1.10979,1.1457697,True
lstm_e16,1830,34005,3.09,0.81643105,1.056417,1.1007177,True
lstm_e16,1831,34005,8.23,0.94627696,0.94627696,0.94481647,True
lstm_e16,1832,34005,2.01,0.93489414,0.93489414,1.1281848,True
lstm_e16,1833,34006,4.0,0.8074058,0.9906543,0.8996426,True
lstm_e16,1834,34006,3.08,0.6078869,1.1067271,0.95993984,False
lstm_e16,1835,34006,6.87,0.91129476,0.91129476,0.8618939,False
lstm_e16,1836,34006,5.38,0.75159454,1.1856662,1.0606365,True
lstm_e16,1837,34006,3.45,0.8943115,0.8943115,0.867928,True
lstm_e16,1838,34006,4.02,0.31426537,0.42976594,0.37557605,False
lstm_e16,1839,34006,1.77,0.42934734,0.51231194,0.5621157,False
lstm_e16,1840,34006,5.86,0.64994246,0.96348804,0.93293786,True
lstm_e16,1841,34006,0.85,1.0702422,1.0702422,1.1751149,False
lstm_e16,1842,34006,5.9,0.7710242,0.950207,0.970718,True
lstm_e16,1843,34006,17.78,0.6579871,0.6579871,0.75390065,True
lstm_e16,1844,34006,2.37,0.9657839,1.3758615,1.214147,True
lstm_e16,1845,34007,6.05,0.6514315,0.6514315,0.76485676,True
lstm_e16,1846,34007,8.249999,0.6587412,0.6587412,0.7333278,True
lstm_e16,1847,34007,12.65,0.41525704,0.42480034,0.55040205,False
lstm_e16,1848,34007,12.46,0.6442164,0.6442164,0.7405905,True
lstm_e16,1849,34007,5.23,0.5882272,0.5882272,0.8030807,True
lstm_e16,1850,34007,11.28,0.14521226,0.15197997,0.20084406,False
lstm_e16,1851,34007,2.06,0.39367244,0.39367244,0.49449104,False
lstm_e16,1852,34007,10.66,0.62108946,0.62108946,0.78403765,True
lstm_e16,1853,34007,0.68,0.84855765,0.88329417,0.94414073,False
lstm_e16,1854,34007,5.98,0.76919436,1.1370533,1.0723174,True
lstm_e16,1855,34007,16.74,0.75284934,0.75284934,0.6647532,True
lstm_e16,1856,34007,2.09,1.1666598,1.1666598,1.3637269,False
lstm_e16,1857,34008,1.37,0.91160494,0.91160494,0.9173962,True
lstm_e16,1858,34008,1.34,0.6815582,0.6825065,0.7282177,True
lstm_e16,1859,34008,2.1,1.0090958,1.1800085,1.0812771,True
lstm_e16,1860,34008,1.5,1.088071,1.088071,1.1083376,True
lstm_e16,1861,34008,1.47,0.91878635,0.91878635,1.058817,True
lstm_e16,1862,34008,1.46,1.0941138,1.0941138,1.1190345,True
lstm_e16,1863,34008,1.11,0.8080872,0.8446522,0.9078307,False
lstm_e16,1864,34008,1.47,1.1002339,1.1002339,1.1275238,False
lstm_e16,1865,34008,1.12,0.5632249,0.5669462,0.649093,False
lstm_e16,1866,34008,1.41,0.8496011,1.1310396,0.99923116,False
lstm_e16,1867,34008,1.6000001,1.8171675,1.8171675,1.3841037,True
lstm_e16,1868,34008,1.29,0.60419977,0.71786207,0.80169314,False
lstm_e16,1869,34010,4.63,0.910183,0.910183,0.90578395,True
lstm_e16,1870,34010,3.61,0.9388035,0.9388035,1.0077989,True
lstm_e16,1871,34010,8.12,1.0117172,1.0117172,1.2495359,True
lstm_e16,1872,34010,5.5,0.8637008,1.1678727,1.096443,True
lstm_e16,1873,34010,4.95,0.5795196,0.5795196,0.72367215,True
lstm_e16,1874,34010,2.07,1.1371961,1.1371961,0.9145654,False
lstm_e16,1875,34010,0.96000004,0.6345231,0.7589962,0.69641995,False
lstm_e16,1876,34010,0.96000004,1.558243,1.558243,1.2202282,False
lstm_e16,1877,34010,1.43,0.7951073,0.8264336,0.9826908,False
lstm_e16,1878,34010,1.16,1.1661394,1.1661394,1.529995,False
lstm_e16,1879,34010,18.24,0.8034481,0.8034481,0.87376004,True
lstm_e16,1880,34010,3.49,0.20859548,0.5476254,0.44471416,False
lstm_e16,1881,34011,1.56,0.809434,0.868613,0.9002427,True
lstm_e16,1882,34011,1.32,0.47060615,0.47060615,0.6039774,False
lstm_e16,1883,34011,2.08,0.79461867,0.79461867,0.86473536,False
lstm_e16,1884,34011,1.5700002,0.83162457,0.9391425,0.9687325,True
lstm_e16,1885,34011,1.05,0.9742147,0.9973414,1.1117467,True
lstm_e16,1886,34011,2.27,0.83748746,0.83748746,0.97525036,True
lstm_e16,1887,34011,1.45,0.1827445,0.25492176,0.26383218,False
lstm_e16,1888,34011,2.5,0.6110202,0.67431957,0.86158204,True
lstm_e16,1889,34011,2.58,1.1468478,1.2433875,1.4622854,True
lstm_e16,1890,34012,0.48,0.8086006,0.8086006,0.7058715,True
lstm_e16,1891,34012,0.28,1.6265324,1.6970749,1.7113612,False
lstm_e16,1892,34012,0.88,0.95586234,0.95586234,0.9998339,False
lstm_e16,1893,34012,0.53,0.8533046,0.8533046,0.8456622,False
lstm_e16,1894,34012,0.37,0.7717273,0.85924286,0.8221703,False
lstm_e16,1895,34012,0.56,1.0390043,1.0390043,1.0585599,False
lstm_e16,1896,34012,0.35,0.788633,0.805735,0.82873356,False
lstm_e16,1897,34012,0.64,0.9375865,0.9375865,0.94504255,False
lstm_e16,1898,34012,0.35,0.72616434,0.9173584,0.7997474,True
lstm_e16,1899,34012,0.63,1.2729797,1.3913125,1.3553272,True
lstm_e16,1900,34012,1.55,0.7489956,0.7639934,0.7511107,False
lstm_e16,1901,34012,0.5,0.81320065,0.92940485,0.8312226,True
lstm_e16,1902,35003,8.97,0.5118718,0.5118718,0.7476755,True
lstm_e16,1903,35003,19.68,0.14960136,0.14960136,0.26298535,False
lstm_e16,1904,35003,24.5,0.3586251,0.3586251,0.5967298,False
lstm_e16,1905,35003,19.68,0.44943282,0.44943282,0.66260034,True
lstm_e16,1906,35003,21.2,0.24410117,0.24410117,0.49387714,True
lstm_e16,1907,35003,12.91,0.22164387,0.35087234,0.52157444,True
lstm_e16,1908,35003,4.47,0.3479937,0.35090053,0.46425447,True
lstm_e16,1909,35003,15.69,0.41897932,0.41897932,0.6138757,True
lstm_e16,1910,35003,0.97,0.84549433,0.92617714,1.0635242,True
lstm_e16,1911,35003,18.58,0.11683624,0.19417942,0.28959176,False
lstm_e16,1912,35003,32.34,0.38216227,0.38216227,0.503264,True
lstm_e16,1913,35003,2.82,1.1347241,1.1347241,1.2846119,True
lstm_e16,1914,35008,5.7,0.65849596,0.65849596,0.8110853,False
lstm_e16,1915,35008,13.32,0.60579103,0.60579103,0.6776743,True
lstm_e16,1916,35008,7.21,0.71783304,0.71783304,0.95183605,False
lstm_e16,1917,35008,9.75,0.8593075,0.8593075,1.0069101,True
lstm_e16,1918,35008,7.41,0.5131447,0.5131447,0.6983935,True
lstm_e16,1919,35008,6.87,0.4678451,0.4678451,0.66602534,False
lstm_e16,1920,35008,7.96,0.60863614,0.60863614,0.91370696,True
lstm_e16,1921,35008,0.87,0.95495474,0.95495474,0.97939295,False
lstm_e16,1922,35008,10.43,0.8497597,0.8497597,1.03807,True
lstm_e16,1923,35008,11.6,0.7584613,0.7584613,0.88892716,True
lstm_e16,1924,35008,3.7,0.80525637,0.80525637,1.0096865,False
lstm_e16,1925,36003,3.44,0.6364675,0.646808,0.8151818,True
lstm_e16,1926,36003,6.43,0.72875416,0.72875416,0.8330584,True
lstm_e16,1927,36003,4.57,0.61565596,0.61565596,0.87056625,False
lstm_e16,1928,36003,6.49,0.72112167,0.72112167,0.8690319,True
lstm_e16,1929,36003,4.49,0.58802897,0.58802897,0.67726,True
lstm_e16,1930,36003,3.79,0.52404594,0.52404594,0.62339544,True
lstm_e16,1931,36003,1.44,0.54240936,0.54240936,0.6742797,True
lstm_e16,1932,36003,4.33,0.5239535,0.5239535,0.86920476,False
lstm_e16,1933,36003,0.44,1.3235998,1.6937166,1.4463197,True
lstm_e16,1934,36003,6.08,0.72588867,0.72588867,0.8698118,True
lstm_e16,1935,36003,6.21,0.65360284,0.65360284,0.7432993,False
lstm_e16,1936,36003,4.16,0.3710782,0.3710782,0.62369287,False
lstm_e16,1937,36006,3.39,0.754099,1.1554707,1.0015013,True
lstm_e16,1938,36006,4.26,0.42468685,1.2845552,0.86118615,True
lstm_e16,1939,36006,4.34,1.0013487,1.1415044,0.9826549,True
lstm_e16,1940,36006,4.14,0.70871526,1.4279315,1.181303,True
lstm_e16,1941,36006,3.75,0.6028003,0.85080624,0.855155,True
lstm_e16,1942,36006,2.5,0.48823214,1.069205,0.8770919,True
lstm_e16,1943,36006,1.7400001,0.69842917,0.75857913,0.9677742,True
lstm_e16,1944,36006,2.92,0.53136694,1.1202223,0.94064033,True
lstm_e16,1945,36006,0.58,1.4196424,1.5394937,1.4134216,True
lstm_e16,1946,36006,3.5999997,0.7558462,1.207297,1.0501673,True
lstm_e16,1947,36006,3.98,0.6247417,1.1853026,1.0004345,False
lstm_e16,1948,36006,2.48,0.46374327,1.049945,0.7941318,False
lstm_e16,1949,36009,7.61,0.6955096,0.6955096,0.77277446,False
lstm_e16,1950,36009,11.09,0.61120033,0.61120033,0.74442804,True
lstm_e16,1951,36009,9.09,0.5579371,0.5579371,0.7831783,False
lstm_e16,1952,36009,11.16,0.6760421,0.6760421,1.003234,True
lstm_e16,1953,36009,13.25,0.544865,0.544865,0.70943236,True
lstm_e16,1954,36009,8.62,0.19310127,0.5124603,0.49357894,False
lstm_e16,1955,36009,3.12,0.56865543,0.56865543,0.723285,False
lstm_e16,1956,36009,9.13,0.4409305,0.52747196,0.802707,False
lstm_e16,1957,36009,0.45,1.19151,2.2017908,1.2851136,False
lstm_e16,1958,36009,9.53,0.88578254,0.88578254,1.1576303,True
lstm_e16,1959,36009,20.76,0.4310463,0.4310463,0.6061832,True
lstm_e16,1960,36009,7.47,0.54498756,0.61012936,0.891889,False
lstm_e16,1961,36010,9.25,0.49852392,0.49852392,0.7465046,False
lstm_e16,1962,36010,10.35,0.4287568,0.8873064,0.8606089,True
lstm_e16,1963,36010,13.459999,0.6852638,0.78409845,0.99483424,True
lstm_e16,1964,36010,12.8,0.8029924,0.8029924,0.9249816,True
lstm_e16,1965,36010,15.24,0.49649468,0.49649468,0.7775562,True
lstm_e16,1966,36010,9.94,0.5046503,0.7543188,1.0381038,True
lstm_e16,1967,36010,4.58,0.3823472,0.3823472,0.59630466,False
lstm_e16,1968,36010,6.34,0.64675015,0.75826013,0.99693507,True
lstm_e16,1969,36010,1.1499999,0.66856307,0.66856307,0.81913114,False
lstm_e16,1970,36010,19.51,0.27381703,0.29435423,0.5636439,True
lstm_e16,1971,36010,13.200001,0.6593219,0.6593219,0.6900581,True
lstm_e16,1972,36010,6.9,0.832181,0.832181,0.9744786,True
lstm_e16,1973,36011,8.450001,0.58534044,0.58534044,0.7600535,False
lstm_e16,1974,36011,10.669999,0.58689016,0.8293818,0.77046674,True
lstm_e16,1975,36011,11.81,0.65577245,0.7858543,0.9045711,True
lstm_e16,1976,36011,14.64,0.56326777,0.6345292,0.84644324,True
lstm_e16,1977,36011,14.99,0.5116179,0.5116179,0.73753065,True
lstm_e16,1978,36011,9.61,0.46562204,0.7037813,0.87549263,True
lstm_e16,1979,36011,3.89,1.0175983,1.0175983,1.1194187,True
lstm_e16,1980,36011,5.17,0.79147655,0.97893983,1.0745106,True
lstm_e16,1981,36011,1.26,0.74079853,0.74079853,0.91575223,False
lstm_e16,1982,36011,12.14,0.5518555,0.5518555,0.7946261,True
lstm_e16,1983,36011,13.63,0.6509519,0.6509519,0.7553156,True
lstm_e16,1984,36011,6.08,0.75029606,0.75029606,0.84542954,False
lstm_e16,1985,36012,6.6099997,0.85321856,0.85321856,0.9787244,False
lstm_e16,1986,36012,11.95,0.7193735,0.7193735,0.98460793,True
lstm_e16,1987,36012,10.54,0.78624964,0.98680145,1.0376915,True
lstm_e16,1988,36012,12.06,0.82488626,0.82488626,1.1997759,True
lstm_e16,1989,36012,11.13,0.60034037,0.60034037,0.91719365,True
lstm_e16,1990,36012,12.4,0.15346538,0.18372513,0.3643448,False
lstm_e16,1991,36012,3.42,0.5770531,0.5770531,0.90781814,False
lstm_e16,1992,36012,8.33,0.67443115,0.69549316,1.1719464,False
lstm_e16,1993,36012,2.63,0.31876376,0.31876376,0.31712177,False
lstm_e16,1994,36012,9.06,0.8213685,0.8213685,1.0966158,True
lstm_e16,1995,36012,11.5,0.84024817,0.84024817,0.91605794,True
lstm_e16,1996,36012,6.7699995,0.55818605,0.5649436,0.91975677,False
lstm_e16,1997,37001,5.83,0.4390913,1.0714478,0.81989765,True
lstm_e16,1998,37001,6.2,0.599517,0.88873327,0.86697507,True
lstm_e16,1999,37001,6.43,0.9775298,1.0556492,1.13346,True
lstm_e16,2000,37001,8.24,0.8816531,0.8816531,0.884703,False
lstm_e16,2001,37001,4.76,0.8934715,0.9169946,0.8674698,True
lstm_e16,2002,37001,4.91,0.88093096,1.0954119,0.8113597,True
lstm_e16,2003,37001,3.21,0.5033771,0.7637498,0.656974,True
lstm_e16,2004,37001,3.7599998,0.7220015,1.0364944,0.8380947,False
lstm_e16,2005,37001,1.34,1.1759521,1.3892512,1.1032867,True
lstm_e16,2006,37001,10.62,0.6289096,0.88691396,0.8889363,True
lstm_e16,2007,37001,8.030001,0.7589851,1.0756421,1.10662,True
lstm_e16,2008,37001,3.81,0.7443512,1.3244936,1.0253214,False
lstm_e16,2009,37003,9.21,0.5101403,0.5101403,0.49231175,True
lstm_e16,2010,37003,10.75,0.68461317,0.68461317,0.55056936,True
lstm_e16,2011,37003,8.52,0.69510084,0.69510084,0.5551447,False
lstm_e16,2012,37003,8.309999,0.682734,0.682734,0.534584,True
lstm_e16,2013,37003,8.46,0.37865505,0.4575646,0.4192349,True
lstm_e16,2014,37003,9.47,0.16571617,0.16571617,0.19870391,False
lstm_e16,2015,37003,4.07,0.14005621,0.2288241,0.29276267,False
lstm_e16,2016,37003,5.36,0.4791252,0.4791252,0.44904312,True
lstm_e16,2017,37003,0.64,0.89639145,1.1052855,1.1619015,True
lstm_e16,2018,37003,8.34,0.3670184,0.5986584,0.41401285,True
lstm_e16,2019,37003,5.8900003,0.6573283,0.8449328,0.8076922,False
lstm_e16,2020,37003,2.03,0.8008521,0.8008521,0.73949236,False
lstm_e16,2021,37005,4.33,0.99645543,0.99645543,0.9066058,True
lstm_e16,2022,37005,5.22,0.6496148,1.2200547,0.87990725,True
lstm_e16,2023,37005,5.35,0.8181213,0.94463474,0.9752259,True
lstm_e16,2024,37005,5.2,0.85466963,1.1472307,0.9997672,True
lstm_e16,2025,37005,4.08,0.7769305,0.7769305,0.76959246,True
lstm_e16,2026,37005,2.75,0.5237426,0.6250465,0.59079576,False
lstm_e16,2027,37005,1.72,0.53411615,0.6758807,0.69856846,True
lstm_e16,2028,37005,2.85,0.646455,0.9840598,0.89724743,True
lstm_e16,2029,37005,0.51,1.3202885,1.4715567,1.2241355,True
lstm_e16,2030,37005,3.29,1.0354854,1.3237791,1.0299406,True
lstm_e16,2031,37005,3.42,1.3817929,1.3817929,1.2552137,False
lstm_e16,2032,37005,2.1,1.1216562,1.1216562,0.980346,True
lstm_e16,2033,37008,5.65,0.7979337,0.7979337,0.79882115,True
lstm_e16,2034,37008,7.2,0.3693138,0.9613655,0.73043954,True
lstm_e16,2035,37008,7.52,0.73780936,0.84744376,0.9689712,True
lstm_e16,2036,37008,7.93,1.0092537,1.0092537,0.9672173,True
lstm_e16,2037,37008,6.7,0.52915907,0.5708962,0.7413555,True
lstm_e16,2038,37008,4.0,0.3561331,0.75761807,0.7687401,True
lstm_e16,2039,37008,2.27,0.48601806,0.66309696,0.622784,True
lstm_e16,2040,37008,3.3700001,0.59392756,0.8844559,0.8797119,True
lstm_e16,2041,37008,0.62,1.1909058,1.5059409,1.2683027,True
lstm_e16,2042,37008,6.5199995,0.5911735,0.9435412,0.99052143,True
lstm_e16,2043,37008,7.56,0.64150304,0.9048625,0.9862197,True
lstm_e16,2044,37008,3.03,0.9988493,0.9988493,1.0324193,True
lstm_e16,2045,37009,6.72,0.64811885,0.6691607,0.8260485,True
lstm_e16,2046,37009,12.24,0.53759485,0.53759485,0.61997014,True
lstm_e16,2047,37009,7.13,0.82430226,0.9040916,0.93898505,True
lstm_e16,2048,37009,7.8699994,0.81567174,0.81567174,0.9048607,True
lstm_e16,2049,37009,5.55,0.68917745,0.68917745,0.7266601,True
lstm_e16,2050,37009,3.81,0.5221015,0.5221015,0.66778237,True
lstm_e16,2051,37009,2.26,0.49092716,0.49092716,0.5618996,True
lstm_e16,2052,37009,3.28,0.7561675,0.7561675,0.8420898,True
lstm_e16,2053,37009,1.16,0.48642546,0.5219799,0.59275556,False
lstm_e16,2054,37009,5.03,0.9271954,0.9271954,0.7944187,True
lstm_e16,2055,37009,8.76,0.6260069,0.6260069,0.76529706,True
lstm_e16,2056,37009,2.5500002,0.8495421,0.8495421,0.96564585,True
lstm_e16,2057,37010,7.56,0.6348546,0.6348546,0.6646406,True
lstm_e16,2058,37010,4.86,1.4086157,1.4086157,0.93588287,True
lstm_e16,2059,37010,4.58,1.1816626,1.1816626,1.1091387,True
lstm_e16,2060,37010,4.92,0.94910115,1.3084545,1.1417245,True
lstm_e16,2061,37010,3.44,1.0138642,1.0138642,0.9037572,True
lstm_e16,2062,37010,4.23,0.40618655,0.40618655,0.47218794,False
lstm_e16,2063,37010,2.12,0.60375625,0.60375625,0.5850717,True
lstm_e16,2064,37010,3.17,0.91197985,0.91197985,0.9485487,True
lstm_e16,2065,37010,1.43,0.3006188,0.3006188,0.3412524,False
lstm_e16,2066,37010,6.1,0.40882728,0.7477132,0.5842138,True
lstm_e16,2067,37010,3.75,1.0202345,1.3406671,1.2239863,False
lstm_e16,2068,37010,1.99,1.3164364,1.3164364,1.1377001,True
lstm_e16,2069,37011,7.08,0.45867723,0.6570501,0.7447474,True
lstm_e16,2070,37011,11.74,0.575124,0.575124,0.7323928,True
lstm_e16,2071,37011,9.73,0.715605,0.7816936,0.89415437,True
lstm_e16,2072,37011,14.130001,0.61994845,0.61994845,0.9385961,True
lstm_e16,2073,37011,8.48,0.6225877,0.6225877,0.67106766,True
lstm_e16,2074,37011,7.8,0.45251635,0.4910419,0.75136244,True
lstm_e16,2075,37011,2.68,0.50524795,0.50524795,0.5991662,True
lstm_e16,2076,37011,5.4,0.65552086,0.65552086,0.9255183,True
lstm_e16,2077,37011,0.89,0.6045312,0.6983891,0.74659127,False
lstm_e16,2078,37011,10.4,0.5754747,0.5754747,0.7893063,True
lstm_e16,2079,37011,11.53,0.57647705,0.57647705,0.92606765,True
lstm_e16,2080,37011,3.91,0.7801721,0.9884344,1.0367637,True
lstm_e16,2081,37018,8.71,0.9910244,0.9910244,0.8623186,True
lstm_e16,2082,37018,20.28,0.27945268,0.27945268,0.49025133,False
lstm_e16,2083,37018,12.75,0.4685353,0.4685353,0.91908103,False
lstm_e16,2084,37018,8.28,0.6344756,0.75445074,0.83367795,True
lstm_e16,2085,37018,10.62,0.5903683,0.5903683,0.799684,True
lstm_e16,2086,37018,28.97,0.27093053,0.27093053,0.3863353,True
lstm_e16,2087,37018,4.21,0.6108029,0.6108029,0.75744545,True
lstm_e16,2088,37018,5.52,0.6526941,0.6828706,0.8503049,True
lstm_e16,2089,37018,2.71,0.9268685,0.9268685,1.0659254,True
lstm_e16,2090,37018,9.29,0.6050054,0.6050054,0.8728121,False
lstm_e16,2091,37018,23.79,0.2713259,0.2713259,0.5837693,False
lstm_e16,2092,37018,6.07,1.0442978,1.0442978,1.0508759,True
lstm_e16,2093,37019,9.44,0.80662537,0.80662537,0.88422894,True
lstm_e16,2094,37019,12.51,0.5869033,0.5869033,0.87407386,True
lstm_e16,2095,37019,9.37,0.57915956,0.57915956,1.0931723,True
lstm_e16,2096,37019,7.31,0.8335053,0.8335053,0.9407714,True
lstm_e16,2097,37019,8.68,0.6605808,0.6605808,0.8723539,True
lstm_e16,2098,37019,22.97,0.2658655,0.2658655,0.39075917,True
lstm_e16,2099,37019,5.01,0.7955038,0.7955038,0.91383564,True
lstm_e16,2100,37019,4.68,0.7312401,0.7312401,0.91264063,False
lstm_e16,2101,37019,3.88,0.78556067,0.78556067,0.78802925,True
lstm_e16,2102,37019,10.21,0.6024847,0.62371445,0.8171521,True
lstm_e16,2103,37019,10.59,0.552308,0.55628836,0.8697194,False
lstm_e16,2104,37019,7.85,0.84176445,0.84176445,0.8729052,True
lstm_e16,2105,37020,8.81,0.43279237,0.46539098,0.5969637,True
lstm_e16,2106,37020,13.79,0.5443302,0.5443302,0.5711304,True
lstm_e16,2107,37020,10.16,0.65010434,0.7039543,0.7556052,True
lstm_e16,2108,37020,14.31,0.6076854,0.6076854,0.76786,True
lstm_e16,2109,37020,7.96,0.5603979,0.5603979,0.55049986,True
lstm_e16,2110,37020,6.31,0.5384155,0.5384155,0.6526855,True
lstm_e16,2111,37020,3.69,0.41921368,0.41921368,0.5474671,True
lstm_e16,2112,37020,5.22,0.6274918,0.6274918,0.7760353,True
lstm_e16,2113,37020,0.85,0.45202467,0.45202467,0.66765225,False
lstm_e16,2114,37020,10.04,0.6466612,0.6466612,0.6229496,True
lstm_e16,2115,37020,12.04,0.5771861,0.5771861,0.7487415,True
lstm_e16,2116,37020,6.27,0.48367587,0.48367587,0.5104789,False
lstm_e16,2117,38001,3.27,0.7198741,0.7198741,0.9083202,True
lstm_e16,2118,38001,3.51,0.58822423,0.58822423,0.6872043,False
lstm_e16,2119,38001,3.55,0.7145468,0.8022262,0.9308106,True
lstm_e16,2120,38001,7.08,0.68487823,0.68487823,0.8943843,True
lstm_e16,2121,38001,2.65,0.48795244,0.52163476,0.61564994,True
lstm_e16,2122,38001,3.19,0.60162485,0.60162485,0.75186074,True
lstm_e16,2123,38001,0.76,0.7140257,0.7140257,0.8465039,False
lstm_e16,2124,38001,2.48,0.7206831,0.77309734,1.0332621,True
lstm_e16,2125,38001,0.47,0.6359271,0.6359271,0.72125876,False
lstm_e16,2126,38001,2.88,0.83432865,0.83432865,0.93525016,False
lstm_e16,2127,38001,4.94,0.6780358,0.6780358,0.87243164,True
lstm_e16,2128,38001,2.78,0.53385687,0.53385687,0.6804757,False
lstm_e16,2129,38003,0.63,0.7780495,0.7780495,0.85720086,True
lstm_e16,2130,38003,0.77,1.3937638,1.3937638,1.419018,True
lstm_e16,2131,38003,0.75,0.9877675,0.9877675,1.019928,False
lstm_e16,2132,38003,1.41,0.9919155,0.9919155,0.8939884,True
lstm_e16,2133,38003,0.79,0.5180232,0.5180232,0.73441863,True
lstm_e16,2134,38003,1.0,0.41620153,0.41620153,0.6781303,False
lstm_e16,2135,38003,0.52,0.40473637,0.40473637,0.6565467,False
lstm_e16,2136,38003,0.72,0.4705687,0.4705687,0.59494686,False
lstm_e16,2137,38003,0.57,0.6168182,0.6168182,0.77230763,True
lstm_e16,2138,38003,0.64,0.9236364,0.9236364,0.8721155,False
lstm_e16,2139,38003,1.24,0.6022187,0.6022187,0.94945675,False
lstm_e16,2140,38003,0.78,0.6124571,0.6124571,0.74424636,False
lstm_e16,2141,38007,11.41,0.8463845,0.8463845,0.9442217,True
lstm_e16,2142,38007,7.03,0.53108937,1.2195026,0.82548827,True
lstm_e16,2143,38007,8.87,0.71134,0.71134,1.0003284,True
lstm_e16,2144,38007,10.32,1.1281259,1.1281259,1.19409,True
lstm_e16,2145,38007,15.19,0.7169816,0.7169816,0.88286626,True
lstm_e16,2146,38007,6.7,1.0531708,1.0531708,0.89495444,True
lstm_e16,2147,38007,5.41,1.2326714,1.2326714,1.3758075,True
lstm_e16,2148,38007,4.2,1.0125294,1.0125294,1.1909986,False
lstm_e16,2149,38007,3.61,0.8856301,0.8856301,1.0434736,False
lstm_e16,2150,38007,8.95,0.81648064,1.167223,1.2026367,True
lstm_e16,2151,38007,8.67,1.0125812,1.0125812,1.1006539,True
lstm_e16,2152,38014,8.69,1.1074407,1.1074407,1.1819421,True
lstm_e16,2153,38014,11.940001,0.71271753,0.71271753,0.84725845,False
lstm_e16,2154,38014,8.46,0.7282309,0.7282309,1.0034434,True
lstm_e16,2155,38014,9.86,1.057559,1.057559,1.2178789,True
lstm_e16,2156,38014,9.6,0.72337663,0.72337663,1.0268197,True
lstm_e16,2157,38014,6.01,1.2868809,1.2868809,1.0805562,True
lstm_e16,2158,38014,4.53,0.90281606,0.90281606,1.0140535,True
lstm_e16,2159,38014,4.68,0.8152704,1.1382054,1.1827875,False
lstm_e16,2160,38014,3.1100001,0.6381792,0.6758595,1.0876063,False
lstm_e16,2161,38014,7.97,0.9589089,0.9589089,1.2924061,False
lstm_e16,2162,38014,10.23,0.6053947,0.7389268,0.94308156,False
lstm_e16,2163,38014,7.9499993,0.39017034,1.0284231,0.91795784,True
lstm_e16,2164,38017,0.18,0.7030471,0.7030471,0.6559827,False
lstm_e16,2165,38017,0.17,2.989836,2.989836,2.2203891,True
lstm_e16,2166,38017,0.48000002,0.8857388,0.9092806,1.0076503,False
lstm_e16,2167,38017,0.84,0.6655886,0.6655886,0.7298859,False
lstm_e16,2168,38017,0.25,0.48899984,0.5875525,0.5395936,False
lstm_e16,2169,38017,0.25,0.9042059,0.9042059,0.8516591,False
lstm_e16,2170,38017,0.11,1.1979104,1.1979104,1.1721383,False
lstm_e16,2171,38017,0.18,1.0865548,1.0884023,1.1614809,False
lstm_e16,2172,38017,0.11,1.7106535,1.7106535,1.7208874,True
lstm_e16,2173,38017,0.27,1.1907598,1.1907598,1.1842455,True
lstm_e16,2174,38017,0.55,0.7063605,0.7063605,0.7438445,False
lstm_e16,2175,38017,0.22,1.1589344,1.1589344,0.9620474,True
lstm_e16,2176,38018,2.22,0.75580674,0.9937731,0.9788944,True
lstm_e16,2177,38018,3.47,1.0228026,1.0228026,0.9700151,True
lstm_e16,2178,38018,2.57,0.820552,0.87326854,0.9508824,True
lstm_e16,2179,38018,4.4499993,0.96774685,0.96774685,0.91204315,True
lstm_e16,2180,38018,1.95,0.75925535,0.75925535,0.8788861,True
lstm_e16,2181,38018,2.07,0.68396026,0.7996343,0.81693107,False
lstm_e16,2182,38018,1.16,1.0865598,1.0865598,1.1645256,True
lstm_e16,2183,38018,1.66,0.9238829,1.1160212,1.0217456,True
lstm_e16,2184,38018,0.78,0.9076196,1.0060109,1.2363172,False
lstm_e16,2185,38018,2.58,1.0096902,1.0096902,1.0502858,True
lstm_e16,2186,38018,3.29,0.76097655,0.787918,0.9084013,False
lstm_e16,2187,38018,2.52,0.43232942,0.77715576,0.82015425,False
lstm_e16,2188,38021,7.66,1.0495015,1.0495015,0.98127794,True
lstm_e16,2189,38021,13.14,0.743994,0.743994,0.8602334,True
lstm_e16,2190,38021,9.31,0.6283554,0.6283554,0.9167175,True
lstm_e16,2191,38021,9.83,0.766066,0.99415433,1.0458115,True
lstm_e16,2192,38021,7.83,0.6424988,0.6424988,0.92094356,True
lstm_e16,2193,38021,5.98,0.52262425,1.0836962,1.0786388,True
lstm_e16,2194,38021,2.14,0.7627924,0.7627924,0.95103604,False
lstm_e16,2195,38021,4.73,0.79751706,1.0702461,1.0928242,True
lstm_e16,2196,38021,2.39,0.81334096,0.81334096,1.2080766,False
lstm_e16,2197,38021,8.18,0.75420225,0.75420225,1.0074216,False
lstm_e16,2198,38021,11.26,0.546399,0.546399,0.8678329,False
lstm_e16,2199,38021,9.26,0.34395832,0.84551615,0.8204818,True
lstm_e16,2200,39001,2.51,0.9788577,0.9788577,0.9571377,True
lstm_e16,2201,39001,2.26,0.93355453,0.93355453,0.92509806,False
lstm_e16,2202,39001,3.54,0.85497975,0.9382052,0.92647004,False
lstm_e16,2203,39001,4.38,0.86185867,0.9352626,0.8598448,True
lstm_e16,2204,39001,2.18,1.0012299,1.0355965,1.0401931,True
lstm_e16,2205,39001,2.36,0.94118255,0.94118255,0.8661354,False
lstm_e16,2206,39001,1.45,0.9742896,0.9742896,1.0167518,False
lstm_e16,2207,39001,2.39,0.8459377,1.0015172,0.89452803,True
lstm_e16,2208,39001,1.55,1.1000215,1.1000215,1.1166259,True
lstm_e16,2209,39001,3.65,0.82834494,0.867823,0.84498906,False
lstm_e16,2210,39001,3.48,0.70221823,0.743496,0.7184994,False
lstm_e16,2211,39001,1.5,0.8650294,0.98759246,1.0821776,False
lstm_e16,2212,39006,1.49,1.0440094,1.0440094,1.0353628,True
lstm_e16,2213,39006,1.72,0.9922254,0.9922254,0.9742575,False
lstm_e16,2214,39006,4.49,0.75608146,0.7784736,0.8011614,False
lstm_e16,2215,39006,5.5399995,0.6180224,0.650441,0.6506732,False
lstm_e16,2216,39006,1.98,0.87776756,1.0239997,0.93382615,True
lstm_e16,2217,39006,3.2,0.7106808,0.90833795,0.7843496,True
lstm_e16,2218,39006,1.66,0.78335154,0.82882833,0.8443127,True
lstm_e16,2219,39006,2.5600002,0.8619609,0.9566284,0.92217815,True
lstm_e16,2220,39006,1.29,0.9620352,0.9620352,0.98083717,True
lstm_e16,2221,39006,3.72,0.712962,0.7694585,0.7516318,False
lstm_e16,2222,39006,5.4500003,0.5869926,0.6462249,0.68078166,False
lstm_e16,2223,39006,1.5900002,0.9908128,0.9908128,1.0066451,False
lstm_e16,2224,39007,5.02,0.6558429,0.85807914,0.92897433,True
lstm_e16,2225,39007,6.1,0.570887,0.75185204,0.7666951,True
lstm_e16,2226,39007,4.56,0.90811944,0.90811944,0.8816422,True
lstm_e16,2227,39007,6.36,1.2814529,1.2814529,0.95465314,True
lstm_e16,2228,39007,4.4399996,0.33706647,0.33706647,0.4041997,False
lstm_e16,2229,39007,5.55,0.21177918,0.52724445,0.532941,False
lstm_e16,2230,39007,3.5499997,0.47542724,0.7406967,0.7109322,True
lstm_e16,2231,39007,3.77,0.71564996,0.7735554,0.84696996,True
lstm_e16,2232,39007,3.12,0.6374199,0.6374199,0.76213706,False
lstm_e16,2233,39007,5.23,0.9564253,0.9564253,0.8883631,False
lstm_e16,2234,39007,4.89,0.74420804,0.82966584,0.7711272,False
lstm_e16,2235,39007,3.28,0.8341058,0.8341058,0.87904614,True
lstm_e16,2236,39010,0.98,0.97114515,0.97114515,0.9243322,True
lstm_e16,2237,39010,0.84,1.1717355,1.1717355,1.1923784,False
lstm_e16,2238,39010,1.3,0.8806229,0.91111964,0.928792,False
lstm_e16,2239,39010,2.58,0.5946641,0.8223881,0.7335863,True
lstm_e16,2240,39010,0.79,0.90362406,0.90362406,0.84149873,False
lstm_e16,2241,39010,1.03,0.59629804,0.66987014,0.6662932,False
lstm_e16,2242,39010,0.66,0.82126635,0.82126635,0.83766246,False
lstm_e16,2243,39010,0.81,1.1022927,1.1277086,1.142212,True
lstm_e16,2244,39010,0.59,0.8119049,0.9813474,0.9352059,False
lstm_e16,2245,39010,1.19,0.9824065,1.1476291,0.98127544,True
lstm_e16,2246,39010,1.98,0.68823326,0.79469126,0.75304407,True
lstm_e16,2247,39010,0.91,0.83924294,0.9348838,0.83265877,False
lstm_e16,2248,39011,4.24,0.61753666,0.6738996,0.8165005,True
lstm_e16,2249,39011,5.25,0.53139096,0.53139096,0.82246524,False
lstm_e16,2250,39011,4.99,0.6651028,0.6651028,0.7639285,True
lstm_e16,2251,39011,7.99,0.8774338,0.8774338,0.8001706,True
lstm_e16,2252,39011,4.37,0.57753277,0.57753277,0.79686373,True
lstm_e16,2253,39011,4.48,0.4818709,0.4818709,0.57217497,False
lstm_e16,2254,39011,2.14,0.9441097,0.9441097,1.0581306,True
lstm_e16,2255,39011,3.25,0.5631457,0.5631457,0.7941815,False
lstm_e16,2256,39011,3.93,0.7205774,0.7205774,0.8550446,True
lstm_e16,2257,39011,6.98,0.8261862,0.8261862,0.72937286,True
lstm_e16,2258,39011,5.4,0.49238792,0.4960702,0.65683204,False
lstm_e16,2259,39011,4.58,0.5513051,0.5513051,0.71865606,True
lstm_e16,2260,39012,8.499999,0.7485834,0.7485834,0.8431426,True
lstm_e16,2261,39012,7.0700006,0.8543518,0.8543518,0.7459775,True
lstm_e16,2262,39012,9.49,0.5501933,0.5501933,0.78811413,True
lstm_e16,2263,39012,11.17,0.73375183,0.73375183,0.81818557,True
lstm_e16,2264,39012,8.75,0.50331163,0.50331163,0.6334096,True
lstm_e16,2265,39012,11.85,0.36183086,0.40750775,0.47573695,False
lstm_e16,2266,39012,7.8200006,0.51130706,0.51130706,0.5991095,True
lstm_e16,2267,39012,5.38,0.5928843,0.5928843,0.67384285,False
lstm_e16,2268,39012,10.36,0.6011207,0.6011207,0.7412224,True
lstm_e16,2269,39012,10.24,0.7251965,0.7251965,0.87503207,True
lstm_e16,2270,39012,9.03,0.7148254,0.7148254,0.60862464,True
lstm_e16,2271,39012,9.89,0.7221166,0.7221166,0.7551458,True
lstm_e16,2272,39014,0.51,0.63077545,0.85876167,0.610104,True
lstm_e16,2273,39014,0.49,1.9085039,1.9085039,1.4657228,True
lstm_e16,2274,39014,0.74,0.9053169,0.9722017,0.96749806,True
lstm_e16,2275,39014,1.24,0.7123847,0.9541761,0.74270594,True
lstm_e16,2276,39014,0.5,0.6630081,0.6630081,0.6423045,False
lstm_e16,2277,39014,0.57,0.38584828,0.38584828,0.43440226,False
lstm_e16,2278,39014,0.31,0.9545872,0.9545872,0.90546274,True
lstm_e16,2279,39014,0.37,0.5673652,0.5673652,0.51914823,False
lstm_e16,2280,39014,0.23,0.58146816,1.2448915,0.8733949,True
lstm_e16,2281,39014,0.6,0.92435473,0.92435473,0.8423469,False
lstm_e16,2282,39014,1.3199999,0.6061358,0.61442876,0.6510963,False
lstm_e16,2283,39014,0.63,0.3757517,0.6387594,0.48894265,False
lstm_e16,2284,39016,2.42,0.7995008,0.7995008,1.07986,True
lstm_e16,2285,39016,1.54,1.2255459,1.2255459,1.210886,True
lstm_e16,2286,39016,3.1,0.7340748,0.7340748,0.8895976,False
lstm_e16,2287,39016,4.07,0.9452819,0.9452819,0.95664245,True
lstm_e16,2288,39016,2.42,0.8849016,0.8849016,1.039893,True
lstm_e16,2289,39016,2.15,0.80308264,0.80308264,0.95907944,False
lstm_e16,2290,39016,1.17,1.1971382,1.1971382,1.1621746,True
lstm_e16,2291,39016,1.46,1.4423022,1.4610037,1.536472,True
lstm_e16,2292,39016,1.59,0.8487719,1.0177764,1.1390196,True
lstm_e16,2293,39016,2.58,1.1656982,1.1728178,1.5164932,True
lstm_e16,2294,39016,1.95,1.3133594,1.3133594,1.3298068,True
lstm_e16,2295,39016,1.02,1.2887402,1.4810553,1.3656224,True
lstm_e16,2296,39020,1.8,0.6618222,0.66661453,0.65902346,False
lstm_e16,2297,39020,2.18,0.8949563,0.93595105,0.90766937,False
lstm_e16,2298,39020,5.19,0.77296954,0.80788267,0.78791386,True
lstm_e16,2299,39020,5.84,0.7581385,0.80100363,0.7630729,True
lstm_e16,2300,39020,2.64,0.8272996,0.8486543,0.8479753,True
lstm_e16,2301,39020,4.01,0.8395481,0.8698059,0.86490667,True
lstm_e16,2302,39020,1.67,0.9051731,0.9051731,0.9019327,False
lstm_e16,2303,39020,2.73,0.9372003,0.96031463,0.9424387,True
lstm_e16,2304,39020,1.4,1.0344906,1.0344906,1.0385966,True
lstm_e16,2305,39020,4.14,0.9220533,0.9284051,0.94960636,True
lstm_e16,2306,39020,4.96,0.8513937,0.8698471,0.86145836,False
lstm_e16,2307,39020,1.55,0.9160763,0.92151815,0.9252171,False
lstm_e16,2308,39021,2.22,0.62379396,0.78191584,0.7440479,True
lstm_e16,2309,39021,2.75,0.92334324,0.9324894,0.9663027,True
lstm_e16,2310,39021,6.5800004,0.6746298,0.78060615,0.9474141,True
lstm_e16,2311,39021,4.92,0.9138231,0.9138231,1.0325723,True
lstm_e16,2312,39021,2.55,0.6405388,0.87454855,0.8043961,True
lstm_e16,2313,39021,4.11,0.91323763,0.9169757,1.0568002,True
lstm_e16,2314,39021,2.19,0.61232626,0.8178719,0.77044725,False
lstm_e16,2315,39021,2.5200002,1.0766609,1.2068535,1.0781306,True
lstm_e16,2316,39021,1.01,1.2498124,1.4460635,1.2116884,True
lstm_e16,2317,39021,4.75,0.7435534,0.7435534,0.9757992,True
lstm_e16,2318,39021,7.03,0.719201,0.719201,0.9513616,True
lstm_e16,2319,39021,1.6699998,0.8399296,1.1900072,1.0801071,False
lstm_e16,2320,39022,5.52,0.7122326,0.95912087,1.0380243,True
lstm_e16,2321,39022,8.850001,0.71490747,0.79969823,0.9901151,True
lstm_e16,2322,39022,6.11,0.8992739,0.8992739,0.98425734,False
lstm_e16,2323,39022,9.24,0.9919599,0.9919599,0.9503472,True
lstm_e16,2324,39022,5.43,0.70116186,0.7120193,0.88211703,True
lstm_e16,2325,39022,5.82,0.81509763,0.81509763,0.96030957,True
lstm_e16,2326,39022,2.94,0.811203,0.9440488,0.97659326,False
lstm_e16,2327,39022,4.73,0.75612897,0.8527783,0.8665116,True
lstm_e16,2328,39022,4.51,0.551711,0.551711,0.7751844,False
lstm_e16,2329,39022,8.75,0.86763483,0.86763483,0.8246643,True
lstm_e16,2330,39022,5.81,0.77335894,0.77335894,0.77688897,False
lstm_e16,2331,39022,4.6500006,0.7672503,0.7672503,0.9322858,True
lstm_e16,2332,39023,0.81,1.1236334,1.1236334,1.0087727,True
lstm_e16,2333,39023,0.71,0.73886997,0.7792619,0.90213877,False
lstm_e16,2334,39023,1.29,1.2781463,1.2781463,1.3877552,True
lstm_e16,2335,39023,1.55,1.0456533,1.0686587,1.1540598,False
lstm_e16,2336,39023,0.72,0.63996595,0.63996595,0.6172047,False
lstm_e16,2337,39023,0.91,0.83778054,0.83778054,0.8612113,False
lstm_e16,2338,39023,0.69,0.8664106,0.8664106,0.7864978,False
lstm_e16,2339,39023,0.88,0.7608449,0.8956555,0.84500426,True
lstm_e16,2340,39023,0.84,0.5170319,0.69427323,0.770129,False
lstm_e16,2341,39023,1.16,0.62443686,0.62443686,0.6833959,False
lstm_e16,2342,39023,1.27,0.82814443,0.82814443,0.8970924,False
lstm_e16,2343,39023,0.94,0.8959822,0.8959822,0.8115974,True
lstm_e16,2344,39025,5.25,0.8022074,1.3417578,1.065182,True
lstm_e16,2345,39025,10.89,0.5101107,0.5101107,0.75557667,False
lstm_e16,2346,39025,10.28,0.5092652,0.7423413,0.7429948,False
lstm_e16,2347,39025,8.52,0.8248378,0.97498083,0.98106486,False
lstm_e16,2348,39025,8.21,0.50629073,0.5137041,0.7275403,True
lstm_e16,2349,39025,8.15,0.48576802,0.5935385,0.74368054,False
lstm_e16,2350,39025,3.8399997,1.1914017,1.1914017,1.0566466,True
lstm_e16,2351,39025,6.33,0.698024,0.7910336,0.78235734,True
lstm_e16,2352,39025,5.57,0.558381,0.6509676,0.88766843,False
lstm_e16,2353,39025,9.91,1.0066974,1.0066974,0.93970937,True
lstm_e16,2354,39025,8.67,0.82823694,0.89592284,1.1443636,True
lstm_e16,2355,39027,0.69,1.0766301,1.1167102,1.170653,True
lstm_e16,2356,39027,0.6,1.050567,1.1807275,1.2760106,False
lstm_e16,2357,39027,1.7,0.43064573,0.7117169,0.53905845,True
lstm_e16,2358,39027,2.66,0.42125434,0.5070923,0.45965713,False
lstm_e16,2359,39027,0.87,1.0268908,1.0268908,1.0443888,True
lstm_e16,2360,39027,0.9,0.88052195,0.88052195,0.95267034,True
lstm_e16,2361,39027,0.61,1.0406431,1.0406431,1.0197157,True
lstm_e16,2362,39027,0.96,0.88940334,0.9062847,0.94348776,True
lstm_e16,2363,39027,0.46,1.0767471,1.3133308,1.2963496,True
lstm_e16,2364,39027,1.27,0.91638935,1.1212485,1.0036366,True
lstm_e16,2365,39027,1.5899999,0.5454584,0.6670463,0.594666,False
lstm_e16,2366,39027,0.67,0.74138534,0.74138534,0.83799756,False
lstm_e16,2367,39028,1.22,0.8785042,0.8829328,0.98310107,True
lstm_e16,2368,39028,1.44,0.8174682,0.8234223,1.0296506,True
lstm_e16,2369,39028,1.8899999,1.0006195,1.0112101,1.0381107,True
lstm_e16,2370,39028,2.62,0.84325117,0.93725735,0.9752402,True
lstm_e16,2371,39028,1.24,1.0957991,1.0957991,1.3734264,True
lstm_e16,2372,39028,0.99,1.4861583,1.4861583,1.6160531,True
lstm_e16,2373,39028,0.48,1.7236985,1.7432951,1.6430922,True
lstm_e16,2374,39028,1.07,1.2247787,1.2247787,1.4111357,False
lstm_e16,2375,39028,0.51,1.5692637,1.6466408,1.6518354,False
lstm_e16,2376,39028,2.07,0.9346967,0.9346967,1.064924,False
lstm_e16,2377,39028,1.31,1.1463027,1.156114,1.2704195,True
lstm_e16,2378,39028,0.61,1.4925097,1.6120137,1.5223222,True
lstm_e16,2379,39029,2.35,0.7531953,0.7728559,0.90364105,True
lstm_e16,2380,39029,2.38,0.7851298,0.7851298,0.9803503,True
lstm_e16,2381,39029,2.95,0.6485592,0.6485592,0.7913915,True
lstm_e16,2382,39029,4.56,0.79181945,0.79181945,0.75505894,True
lstm_e16,2383,39029,2.37,0.68889725,0.68889725,0.89563954,True
lstm_e16,2384,39029,2.4499998,0.6296822,0.6296822,0.7735024,True
lstm_e16,2385,39029,2.26,0.64003056,0.64003056,0.77244365,True
lstm_e16,2386,39029,1.47,0.5754679,0.6229147,0.8680432,False
lstm_e16,2387,39029,2.15,0.5839302,0.62155646,0.7052011,True
lstm_e16,2388,39029,3.2,0.7728999,0.94695866,0.8596612,True
lstm_e16,2389,39029,2.65,0.7588047,0.7588047,0.7432051,True
lstm_e16,2390,39029,2.56,0.6909892,0.6909892,0.90476274,True
lstm_e16,2391,39034,2.43,0.9031855,0.9031855,0.9167573,True
lstm_e16,2392,39034,2.87,1.0204144,1.0204144,1.022132,True
lstm_e16,2393,39034,5.64,0.99991935,1.0928915,1.171614,False
lstm_e16,2394,39034,4.59,1.0733242,1.0980306,1.2210374,False
lstm_e16,2395,39034,3.01,0.66801506,1.0613828,0.8904043,True
lstm_e16,2396,39034,3.72,1.0816647,1.420748,1.3197916,True
lstm_e16,2397,39034,2.4499998,0.9311043,0.98687595,0.947528,True
lstm_e16,2398,39034,3.58,0.9118725,1.0818607,0.9400641,True
lstm_e16,2399,39034,1.6300001,1.0361731,1.050103,1.10039,True
lstm_e16,2400,39034,5.34,1.0060251,1.0624412,1.0646926,True
lstm_e16,2401,39034,7.8100004,0.9800346,0.9800346,1.1015481,True
lstm_e16,2402,39034,2.27,0.9088952,1.123125,1.0445111,True
lstm_e16,2403,39035,1.23,0.6664937,0.67217255,0.68064165,False
lstm_e16,2404,39035,1.8599999,0.92103064,0.9426835,0.94735825,True
lstm_e16,2405,39035,1.8499999,0.9840186,1.0329294,1.0075562,False
lstm_e16,2406,39035,1.97,0.8950768,0.9626741,0.91476655,False
lstm_e16,2407,39035,1.81,0.9375609,0.96461564,0.9506099,True
lstm_e16,2408,39035,1.9800003,1.4388062,1.4388062,1.321643,True
lstm_e16,2409,39035,1.42,0.9109672,0.9109672,0.9217294,True
lstm_e16,2410,39035,2.2200003,0.95926607,0.97795135,0.95270383,True
lstm_e16,2411,39035,1.27,0.76809126,0.7804983,0.7726612,False
lstm_e16,2412,39035,2.64,0.6307653,0.7170665,0.71982443,False
lstm_e16,2413,39035,2.81,1.0156375,1.0548788,1.0323008,False
lstm_e16,2414,39035,1.21,0.9128165,0.936746,0.94445443,True
lstm_e16,2415,39036,1.3400002,0.8515947,0.8515947,1.0579852,True
lstm_e16,2416,39036,1.3500001,0.6913566,0.6913566,0.91615933,False
lstm_e16,2417,39036,3.1,0.3892633,0.3892633,0.61098844,True
lstm_e16,2418,39036,3.1,0.7545427,0.7545427,0.8196325,True
lstm_e16,2419,39036,1.2,0.823915,0.823915,0.9978679,True
lstm_e16,2420,39036,1.29,0.6092749,0.70064807,0.70828295,True
lstm_e16,2421,39036,0.84,1.0296268,1.0296268,1.060616,True
lstm_e16,2422,39036,0.86,0.99476355,0.99476355,0.9940975,True
lstm_e16,2423,39036,3.04,0.6303262,0.6303262,0.7837651,True
lstm_e16,2424,39036,1.31,0.7742232,0.7742232,0.84905165,False
lstm_e16,2425,39036,1.68,0.5226395,0.5226395,0.70142907,False
lstm_e16,2426,39037,0.68,0.7688712,0.7890465,0.7864725,False
lstm_e16,2427,39037,0.55,1.4262166,1.4810264,1.4119089,False
lstm_e16,2428,39037,4.18,0.68378615,0.68378615,0.81414497,True
lstm_e16,2429,39037,5.83,0.5519201,0.5519201,0.64044285,False
lstm_e16,2430,39037,1.7299998,0.74476206,0.74476206,0.79388183,False
lstm_e16,2431,39037,2.22,0.66281784,0.66281784,0.7922066,True
lstm_e16,2432,39037,0.68,0.99922943,0.99922943,0.9864274,False
lstm_e16,2433,39037,1.96,0.80976254,0.8266332,0.8374046,False
lstm_e16,2434,39037,0.7,0.8990945,0.8990945,0.87094986,False
lstm_e16,2435,39037,4.12,0.46140847,0.48554164,0.6676242,False
lstm_e16,2436,39037,2.39,0.7525652,0.7827414,0.82624567,False
lstm_e16,2437,39037,1.09,0.92946887,0.92946887,1.0225333,True
lstm_e16,2438,39042,2.52,0.74510294,0.74510294,0.75351274,True
lstm_e16,2439,39042,2.15,0.8623002,0.8623002,0.8648857,False
lstm_e16,2440,39042,3.87,1.1782472,1.1837693,1.2205154,False
lstm_e16,2441,39042,3.6,1.2055975,1.2184848,1.2282801,False
lstm_e16,2442,39042,2.91,0.7813933,0.9109546,0.8076459,True
lstm_e16,2443,39042,3.25,0.88500947,0.9564562,0.97853374,False
lstm_e16,2444,39042,1.93,1.0132927,1.0245464,0.99430245,True
lstm_e16,2445,39042,3.34,0.7641043,0.7919351,0.79089737,True
lstm_e16,2446,39042,1.64,0.79196733,0.8048292,0.8222448,False
lstm_e16,2447,39042,3.33,0.9050206,1.0274189,0.9452974,False
lstm_e16,2448,39042,3.56,0.95690405,1.1371312,1.0414449,False
lstm_e16,2449,39042,2.22,0.76290774,0.78921455,0.7818872,False
lstm_e16,2450,39052,6.08,1.2529442,1.2529442,1.0666194,True
lstm_e16,2451,39052,7.73,0.56363136,0.828197,0.82434994,False
lstm_e16,2452,39052,6.55,0.7330756,0.7330756,0.7588786,False
lstm_e16,2453,39052,11.75,0.4106716,0.6185474,0.8184436,False
lstm_e16,2454,39052,6.41,0.7352343,0.7352343,0.8238472,True
lstm_e16,2455,39052,7.38,0.57513845,0.57513845,0.6550844,False
lstm_e16,2456,39052,4.63,0.55817187,0.55817187,0.68183017,False
lstm_e16,2457,39052,6.69,0.78016865,0.78016865,0.7928169,True
lstm_e16,2458,39052,6.42,0.6894294,0.6894294,0.6111655,True
lstm_e16,2459,39052,8.05,0.79414785,0.79414785,0.9420964,False
lstm_e16,2460,39052,9.76,0.9415966,0.9415966,1.078999,False
lstm_e16,2461,39052,3.98,1.4632239,1.4632239,1.1424955,False
lstm_e16,2462,39061,2.25,0.66296566,0.6709809,0.6652824,False
lstm_e16,2463,39061,3.38,0.64851546,0.76090384,0.6741764,False
lstm_e16,2464,39061,7.88,0.81672084,0.81906164,0.8177661,False
lstm_e16,2465,39061,10.67,0.71657026,0.74109024,0.70608807,False
lstm_e16,2466,39061,5.15,0.4060148,0.43057695,0.45425472,False
lstm_e16,2467,39061,4.05,0.8842422,0.88790727,0.8815999,False
lstm_e16,2468,39061,6.82,0.60321087,0.6041935,0.6258724,False
lstm_e16,2469,39061,2.71,0.45009223,0.45527047,0.45305368,False
lstm_e16,2470,39061,8.16,0.6929187,0.6929187,0.6773413,False
lstm_e16,2471,39061,7.73,0.6597035,0.66186476,0.66002375,False
lstm_e16,2472,39061,2.84,0.47110787,0.48160425,0.47834644,False
lstm_e16,2473,39081,2.4399998,1.4579885,1.4579885,1.1202586,True
lstm_e16,2474,39081,3.6399999,0.6275702,1.0514785,0.8211482,False
lstm_e16,2475,39081,3.98,1.1200783,1.3424066,1.0792397,True
lstm_e16,2476,39081,9.17,0.5056656,0.6982068,0.68201643,True
lstm_e16,2477,39081,2.2,0.9474222,1.3598194,1.0179569,True
lstm_e16,2478,39081,2.56,0.73247635,1.0659504,0.82700425,False
lstm_e16,2479,39081,1.95,0.7640206,0.8697743,0.8178373,False
lstm_e16,2480,39081,2.65,0.89805573,1.2701815,0.9172846,True
lstm_e16,2481,39081,1.8300002,1.033072,1.033072,0.86890066,True
lstm_e16,2482,39081,4.29,0.9457314,1.2096115,1.1213347,True
lstm_e16,2483,39081,4.93,0.6717667,0.9834881,0.91548043,True
lstm_e16,2484,39081,2.01,0.9056548,0.9056548,0.73429674,True
lstm_e16,2485,40003,8.77,0.84671676,0.84671676,0.993703,True
lstm_e16,2486,40003,6.51,0.678038,0.678038,1.1117784,False
lstm_e16,2487,40003,7.9500003,0.7807784,0.7807784,0.846908,False
lstm_e16,2488,40003,22.95,0.55956507,0.7128557,0.7485888,True
lstm_e16,2489,40003,7.88,0.8314504,0.8314504,0.86238414,True
lstm_e16,2490,40003,7.88,0.8437668,0.8471013,0.8392281,False
lstm_e16,2491,40003,3.69,0.7628973,0.7628973,0.9147298,False
lstm_e16,2492,40003,5.26,0.87560135,0.87560135,0.9005735,False
lstm_e16,2493,40003,5.45,0.80185133,0.80185133,0.89935297,False
lstm_e16,2494,40003,13.19,0.57298976,0.7657857,0.7205458,True
lstm_e16,2495,40003,9.59,0.6037713,0.85512865,0.88594323,True
lstm_e16,2496,40003,5.44,0.8112671,0.8112671,0.9301975,False
lstm_e16,2497,40004,9.54,0.6727917,0.6727917,0.5971197,False
lstm_e16,2498,40004,13.17,0.611215,0.611215,0.7100065,True
lstm_e16,2499,40004,15.37,0.54603267,0.58924925,0.86293554,False
lstm_e16,2500,40004,32.17,0.71787757,0.71787757,0.7384621,True
lstm_e16,2501,40004,21.87,0.55142325,0.55142325,0.7153222,True
lstm_e16,2502,40004,20.05,0.65140665,0.85987675,0.7094233,True
lstm_e16,2503,40004,6.5,0.851689,0.851689,0.8941065,False
lstm_e16,2504,40004,8.44,0.86397237,0.9142849,0.9505523,True
lstm_e16,2505,40004,10.75,0.99355793,0.99355793,0.9385063,True
lstm_e16,2506,40004,34.48,0.6035134,0.6035134,0.6005847,True
lstm_e16,2507,40004,23.18,0.68130034,0.68130034,0.77714545,True
lstm_e16,2508,40004,13.38,0.5581554,0.5581554,0.71268153,False
lstm_e16,2509,40005,8.45,0.83881277,0.83881277,1.0210655,False
lstm_e16,2510,40005,6.93,0.7315181,0.7315181,1.0120122,True
lstm_e16,2511,40005,9.66,0.6521973,0.7029271,0.772587,False
lstm_e16,2512,40005,24.67,0.7706,0.7706,0.7174764,True
lstm_e16,2513,40005,10.5,0.4606988,0.8327614,0.8132793,True
lstm_e16,2514,40005,9.73,0.9569828,0.9569828,0.84859717,True
lstm_e16,2515,40005,4.69,0.5040934,0.5040934,0.51801765,False
lstm_e16,2516,40005,9.2,0.75179356,0.75179356,0.927768,True
lstm_e16,2517,40005,7.45,0.7659481,0.7659481,0.9295435,False
lstm_e16,2518,40005,17.48,0.70951766,0.70951766,0.89036787,False
lstm_e16,2519,40005,14.14,0.3481364,0.79551303,0.7679386,False
lstm_e16,2520,40005,6.7500005,0.8664589,1.0016142,0.8417076,True
lstm_e16,2521,40007,11.59,0.8304637,0.8304637,0.87694865,True
lstm_e16,2522,40007,10.32,0.82166934,0.82166934,0.86694854,True
lstm_e16,2523,40007,11.89,0.65222657,0.7129797,0.92160934,True
lstm_e16,2524,40007,26.02,0.992929,0.992929,0.95284307,True
lstm_e16,2525,40007,12.37,0.6223809,0.66509384,0.77792084,True
lstm_e16,2526,40007,12.7,0.57525796,0.57525796,0.7895575,False
lstm_e16,2527,40007,6.43,0.6927489,0.6927489,0.9365797,False
lstm_e16,2528,40007,8.48,0.6731716,0.6731716,0.7757551,True
lstm_e16,2529,40007,5.97,0.6313605,0.89178026,0.91773087,False
lstm_e16,2530,40007,20.25,1.0270464,1.0270464,1.1426982,True
lstm_e16,2531,40007,14.5,0.88022345,0.88022345,1.052903,True
lstm_e16,2532,40007,8.39,0.7941787,0.8114666,0.88730204,True
lstm_e16,2533,40009,7.45,0.973711,0.973711,1.1041837,True
lstm_e16,2534,40009,6.7500005,0.7581516,0.7581516,1.152095,False
lstm_e16,2535,40009,7.97,0.7353289,0.7593253,1.0408449,False
lstm_e16,2536,40009,28.78,0.66134655,0.66134655,0.7253132,True
lstm_e16,2537,40009,9.44,0.6794436,0.6794436,0.9237063,True
lstm_e16,2538,40009,9.38,0.6995482,1.0752546,1.0485643,True
lstm_e16,2539,40009,3.0,0.9247344,0.9247344,1.1236979,False
lstm_e16,2540,40009,5.67,0.76693267,0.76693267,0.9509276,True
lstm_e16,2541,40009,5.76,0.64309305,0.8478223,1.007788,False
lstm_e16,2542,40009,18.64,0.52139664,0.52139664,0.68793094,False
lstm_e16,2543,40009,15.8,0.5904306,0.5904306,0.90719944,True
lstm_e16,2544,40009,4.97,0.9904056,0.9904056,0.9084296,True
lstm_e16,2545,40010,9.89,0.7252892,0.7732869,0.91919863,True
lstm_e16,2546,40010,9.7,0.6296505,0.6296505,0.69656783,False
lstm_e16,2547,40010,7.7,0.792987,0.792987,0.881528,True
lstm_e16,2548,40010,31.07,0.60925984,0.60925984,0.71502584,True
lstm_e16,2549,40010,6.78,0.86690885,0.86690885,0.92431974,True
lstm_e16,2550,40010,6.78,0.8681099,0.8681099,0.98683155,False
lstm_e16,2551,40010,3.76,0.9549767,1.2494656,1.0474457,True
lstm_e16,2552,40010,5.16,0.9018874,0.9018874,1.0084388,False
lstm_e16,2553,40010,5.74,0.8352049,0.8352049,0.860197,True
lstm_e16,2554,40010,20.93,0.62161076,0.62161076,0.74915355,True
lstm_e16,2555,40010,8.16,0.77928984,0.86611384,0.8677978,True
lstm_e16,2556,40010,7.51,0.8321036,0.8321036,0.8401672,True
lstm_e16,2557,40011,3.7500002,0.9694631,0.9694631,0.9904828,True
lstm_e16,2558,40011,2.35,1.222107,1.222107,1.2944835,True
lstm_e16,2559,40011,4.43,0.83483934,0.841149,0.90364516,False
lstm_e16,2560,40011,5.8999996,1.0296457,1.0794787,1.0470811,True
lstm_e16,2561,40011,4.61,0.7319252,0.9619861,0.889046,True
lstm_e16,2562,40011,4.53,0.83550686,0.9336109,0.8806805,True
lstm_e16,2563,40011,2.66,0.7817587,1.0453916,0.9042488,True
lstm_e16,2564,40011,4.61,1.0147138,1.0147138,1.0890348,True
lstm_e16,2565,40011,3.0,0.9080923,0.9080923,1.0108763,False
lstm_e16,2566,40011,4.99,1.1292827,1.1292827,1.0405118,True
lstm_e16,2567,40011,4.1,1.0811311,1.0811311,1.1083007,False
lstm_e16,2568,40011,3.0,0.90454775,0.98786443,0.82917005,True
lstm_e16,2569,40012,1.21,1.0845293,1.0845293,0.9615595,True
lstm_e16,2570,40012,0.80999994,0.8142384,0.91237575,0.91581035,False
lstm_e16,2571,40012,1.18,0.73837286,0.73837286,0.7781164,False
lstm_e16,2572,40012,3.89,0.50356126,0.61845994,0.6728138,False
lstm_e16,2573,40012,1.28,0.60372275,0.7720338,0.67623955,True
lstm_e16,2574,40012,1.13,0.7795263,0.8369935,0.70324033,True
lstm_e16,2575,40012,0.61,0.6807777,1.0280527,0.7638718,True
lstm_e16,2576,40012,0.95000005,0.7306384,0.83379793,0.8719201,True
lstm_e16,2577,40012,0.56999993,1.3173528,1.3173528,1.1844939,True
lstm_e16,2578,40012,2.3,0.73779696,0.7425207,0.8211291,False
lstm_e16,2579,40012,1.88,0.62982124,0.77039117,0.7333628,True
lstm_e16,2580,40012,0.63,0.6532593,1.1923094,0.8848573,True
lstm_e16,2581,40013,6.74,0.5375438,0.5468507,0.6233051,True
lstm_e16,2582,40013,8.37,0.32541513,0.32541513,0.3121902,False
lstm_e16,2583,40013,8.52,0.22572379,0.22572379,0.2869768,False
lstm_e16,2584,40013,20.77,0.40796474,0.40796474,0.4674227,False
lstm_e16,2585,40013,11.53,0.25031748,0.25031748,0.2671032,True
lstm_e16,2586,40013,7.1600003,0.17820087,0.21747936,0.45409244,False
lstm_e16,2587,40013,3.9,0.33585885,0.4453431,0.4856853,False
lstm_e16,2588,40013,4.51,0.506587,0.506587,0.73486894,True
lstm_e16,2589,40013,3.9,0.38503382,0.38503382,0.553208,False
lstm_e16,2590,40013,9.07,0.65925497,0.65925497,0.6643676,True
lstm_e16,2591,40013,6.47,0.57555646,0.57555646,0.6802624,True
lstm_e16,2592,40013,6.51,0.3704588,0.3704588,0.40230304,True
lstm_e16,2593,40016,2.48,0.3063981,0.3063981,0.36566454,False
lstm_e16,2594,40016,2.67,0.6586224,0.6586224,0.63709897,True
lstm_e16,2595,40016,2.32,0.54909575,0.54909575,0.97294986,True
lstm_e16,2596,40016,6.6399994,0.31110966,0.46816117,0.5230463,True
lstm_e16,2597,40016,2.1,0.4048954,0.4048954,0.6011736,False
lstm_e16,2598,40016,1.11,0.8082706,0.8082706,1.1913862,True
lstm_e16,2599,40016,3.15,0.34298125,0.34298125,0.46941152,True
lstm_e16,2600,40016,3.91,0.5126364,0.5126364,0.88537,True
lstm_e16,2601,40016,4.4299994,0.35021168,0.35021168,0.66677547,True
lstm_e16,2602,40016,7.1499996,0.21706305,0.21706305,0.4275824,True
lstm_e16,2603,40018,1.85,1.1634755,1.1634755,1.0229648,True
lstm_e16,2604,40018,2.13,0.7693912,0.8723086,0.968801,True
lstm_e16,2605,40018,2.56,0.6502318,0.6502318,0.67240995,True
lstm_e16,2606,40018,7.35,0.56273127,0.56273127,0.6044645,False
lstm_e16,2607,40018,2.41,0.6677151,0.6677151,0.69369406,True
lstm_e16,2608,40018,3.0500002,0.3260021,0.3260021,0.5154181,False
lstm_e16,2609,40018,1.31,0.6401881,0.6401881,0.6997635,False
lstm_e16,2610,40018,1.92,0.7210254,0.7210254,0.8042547,True
lstm_e16,2611,40018,1.28,0.72092474,0.7686134,0.8059334,False
lstm_e16,2612,40018,4.2099996,0.66833687,0.6821823,0.7246821,False
lstm_e16,2613,40018,3.27,0.6739281,0.6739281,0.71321064,True
lstm_e16,2614,40018,1.45,0.96894985,0.96894985,0.94459105,True
lstm_e16,2615,41001,31.67,0.17099935,0.17099935,0.3131526,False
lstm_e16,2616,41001,30.15,0.34517556,0.34517556,0.5171187,True
lstm_e16,2617,41001,44.85,0.34125674,0.34125674,0.48946306,True
lstm_e16,2618,41001,37.98,0.5850327,0.5850327,0.56853104,True
lstm_e16,2619,41001,43.69,0.41413552,0.41413552,0.62105983,False
lstm_e16,2620,41001,39.3,0.30046162,0.6917521,0.48821363,True
lstm_e16,2621,41001,28.49,0.30918658,0.30918658,0.4248287,False
lstm_e16,2622,41001,32.66,0.28820062,0.28820062,0.43645355,True
lstm_e16,2623,41001,31.09,0.4825952,0.4825952,0.43418255,True
lstm_e16,2624,41001,58.74,0.3804385,0.3804385,0.46488017,True
lstm_e16,2625,41001,46.979996,0.26470947,0.26470947,0.3205226,False
lstm_e16,2626,41001,44.07,0.27889344,0.27889344,0.305484,True
lstm_e16,2627,41003,13.99,0.46837503,0.65015787,0.7987166,True
lstm_e16,2628,41003,13.92,0.40645525,0.40645525,0.57169926,True
lstm_e16,2629,41003,17.97,0.8175489,0.8175489,0.868331,True
lstm_e16,2630,41003,18.03,0.98320234,0.98320234,0.7123397,True
lstm_e16,2631,41003,17.97,0.54554445,0.6473415,0.6594701,True
lstm_e16,2632,41003,18.03,0.86611,0.86611,0.67325073,True
lstm_e16,2633,41003,16.69,0.3838486,0.3838486,0.5194883,True
lstm_e16,2634,41003,16.1,0.38470373,0.3912059,0.5429308,True
lstm_e16,2635,41003,17.89,0.57412165,0.57412165,0.5562066,True
lstm_e16,2636,41003,18.07,0.5523535,0.5523535,0.56320757,False
lstm_e16,2637,41003,18.07,0.731906,0.731906,0.67794716,True
lstm_e16,2638,41003,17.78,0.4722295,0.4722295,0.5343143,True
lstm_e16,2639,41005,10.41,0.65886265,1.0294425,0.94236845,True
lstm_e16,2640,41005,11.54,1.1293736,1.1293736,1.1977047,True
lstm_e16,2641,41005,15.61,0.7614118,0.7614118,0.92811805,True
lstm_e16,2642,41005,24.64,0.9899537,0.9899537,0.9927667,True
lstm_e16,2643,41005,10.55,0.58649623,0.58649623,0.7995512,False
lstm_e16,2644,41005,14.239999,0.5610171,0.89417475,0.9358898,True
lstm_e16,2645,41005,6.1899996,0.9478172,0.9478172,1.1719642,False
lstm_e16,2646,41005,8.11,0.7759541,0.7759541,1.0114156,True
lstm_e16,2647,41005,4.17,1.6023962,1.6023962,1.3979958,True
lstm_e16,2648,41005,23.84,0.8218369,0.8218369,0.97637796,True
lstm_e16,2649,41005,13.59,0.7707913,0.7707913,1.0382353,False
lstm_e16,2650,41005,9.56,1.0084245,1.0084245,1.249831,True
lstm_e16,2651,41006,18.22,0.7398926,0.7398926,0.9437178,True
lstm_e16,2652,41006,15.41,0.4056551,0.4056551,0.81010926,False
lstm_e16,2653,41006,29.169998,0.5473792,0.5473792,0.83227205,True
lstm_e16,2654,41006,29.85,0.55878943,0.9588881,0.85488796,True
lstm_e16,2655,41006,21.61,0.43487963,0.43487963,0.75972253,False
lstm_e16,2656,41006,24.42,0.44638354,0.69197506,0.7023975,True
lstm_e16,2657,41006,11.25,0.55363655,0.55363655,0.7632253,False
lstm_e16,2658,41006,10.110001,0.5250718,0.6026265,0.77540475,True
lstm_e16,2659,41006,7.12,1.0634359,1.0977173,0.99435496,True
lstm_e16,2660,41006,34.79,0.5479319,0.5479319,0.77670205,True
lstm_e16,2661,41006,31.949999,0.44013828,0.44013828,0.63282955,True
lstm_e16,2662,41006,20.98,0.33361483,0.33361483,0.5192583,False
lstm_e16,2663,41011,8.37,0.8114781,0.8114781,0.9113337,True
lstm_e16,2664,41011,12.44,0.5228199,0.5228199,0.8509468,False
lstm_e16,2665,41011,15.8,0.5758802,0.5758802,0.83496505,True
lstm_e16,2666,41011,26.04,0.36800933,0.68524396,0.60098714,True
lstm_e16,2667,41011,9.3,0.57391745,0.57391745,0.7535689,True
lstm_e16,2668,41011,10.63,0.52536714,0.52946204,0.76575106,False
lstm_e16,2669,41011,5.65,0.6563817,0.6563817,0.8024466,False
lstm_e16,2670,41011,5.6,0.5205383,0.617825,0.8135832,False
lstm_e16,2671,41011,7.5500007,1.0059012,1.1467402,1.0960336,True
lstm_e16,2672,41011,22.42,0.6470949,0.6470949,0.8477164,True
lstm_e16,2673,41011,10.58,0.6154543,0.6154543,0.8073669,False
lstm_e16,2674,41011,8.95,0.59532934,0.6556715,0.79531205,True
lstm_e16,2675,41012,20.03,0.5966963,0.5966963,0.8286501,False
lstm_e16,2676,41012,31.56,0.8338699,0.8338699,0.8209984,True
lstm_e16,2677,41012,27.59,0.6133843,0.6133843,0.7744464,True
lstm_e16,2678,41012,30.73,0.85330194,0.85330194,0.7074603,True
lstm_e16,2679,41012,20.03,0.5203937,0.5203937,0.7241191,False
lstm_e16,2680,41012,23.53,0.37421605,0.6978638,0.61212975,True
lstm_e16,2681,41012,20.27,0.44303417,0.44303417,0.5818,True
lstm_e16,2682,41012,20.63,0.42426637,0.42426637,0.6182647,True
lstm_e16,2683,41012,15.220001,0.7652174,0.7652174,0.6910321,True
lstm_e16,2684,41012,33.64,0.6658969,0.69190145,0.6453705,True
lstm_e16,2685,41012,24.61,0.4616065,0.4616065,0.5869825,False
lstm_e16,2686,41012,22.27,0.39242426,0.4716396,0.46888798,True
lstm_e16,2687,41013,22.05,0.21406434,0.21406434,0.40289742,False
lstm_e16,2688,41013,15.05,0.51040024,0.51040024,0.81207776,True
lstm_e16,2689,41013,26.86,0.440757,0.440757,0.6770603,True
lstm_e16,2690,41013,24.67,0.64629775,0.69581956,0.7575971,True
lstm_e16,2691,41013,20.16,0.62797093,0.62797093,0.92067224,False
lstm_e16,2692,41013,18.88,0.61738235,1.0328417,0.7711163,True
lstm_e16,2693,41013,16.81,0.4155481,0.4155481,0.62031555,True
lstm_e16,2694,41013,11.74,0.6490275,0.6490275,0.933192,True
lstm_e16,2695,41013,12.79,0.9011964,0.9011964,1.0133173,True
lstm_e16,2696,41013,29.93,0.5581329,0.5581329,0.7607221,True
lstm_e16,2697,41013,18.32,0.5079126,0.5079126,0.87039804,False
lstm_e16,2698,41013,21.62,0.38411912,0.38411912,0.573964,False
lstm_e16,2699,41014,15.889999,1.0115026,1.0923222,1.1887455,True
lstm_e16,2700,41014,17.09,1.3932954,1.8467512,1.7137792,True
lstm_e16,2701,41014,16.81,1.2418913,1.2418913,1.431021,True
lstm_e16,2702,41014,35.27,1.1667099,1.1667099,1.1895491,True
lstm_e16,2703,41014,15.020001,1.0583602,1.0583602,1.1826036,True
lstm_e16,2704,41014,14.04,1.1627315,1.1627315,1.0687668,True
lstm_e16,2705,41014,9.1,1.0647166,1.0647166,0.9430679,False
lstm_e16,2706,41014,9.23,1.22161,1.22161,1.1942,True
lstm_e16,2707,41014,9.66,1.1902192,1.1902192,1.2245823,True
lstm_e16,2708,41014,6.91,2.0052605,2.0052605,2.0664876,False
lstm_e16,2709,41014,11.77,1.6675057,1.6675057,1.9692084,True
lstm_e16,2710,41016,13.03,0.30608395,0.30608395,0.54676765,False
lstm_e16,2711,41016,12.99,0.48441532,0.48441532,0.7252861,True
lstm_e16,2712,41016,23.62,0.5133822,0.5133822,0.7514604,True
lstm_e16,2713,41016,22.62,0.7193613,0.7986181,0.83704585,True
lstm_e16,2714,41016,19.55,0.50094146,0.50094146,0.7663841,False
lstm_e16,2715,41016,18.14,0.58916634,0.952535,0.80539876,True
lstm_e16,2716,41016,11.23,0.3495167,0.3495167,0.5057919,False
lstm_e16,2717,41016,10.74,0.48669776,0.5346296,0.6684702,True
lstm_e16,2718,41016,11.53,0.7828065,0.7828065,0.81874007,True
lstm_e16,2719,41016,31.16,0.5236452,0.5236452,0.747574,True
lstm_e16,2720,41016,21.77,0.4707414,0.4707414,0.7603235,False
lstm_e16,2721,41016,19.27,0.3735031,0.3735031,0.5380629,True
lstm_e16,2722,41019,15.96,0.9220813,0.9220813,0.8771298,True
lstm_e16,2723,41019,20.86,1.2077352,1.2077352,1.2533896,True
lstm_e16,2724,41019,20.57,0.72320896,0.72320896,0.9682569,True
lstm_e16,2725,41019,29.69,1.0407673,1.0407673,0.92714703,True
lstm_e16,2726,41019,18.52,0.52761644,0.52761644,0.7667227,False
lstm_e16,2727,41019,15.67,0.67222524,0.7417875,0.8304328,False
lstm_e16,2728,41019,8.19,0.83517706,0.83517706,0.93487656,False
lstm_e16,2729,41019,9.82,0.70838755,0.70838755,0.99230117,True
lstm_e16,2730,41019,11.57,0.93749624,0.93749624,0.9994412,True
lstm_e16,2731,41019,10.47,1.2671051,1.2671051,1.4502053,True
lstm_e16,2732,41020,17.06,0.86398053,0.86398053,1.023487,True
lstm_e16,2733,41020,19.56,0.43143526,0.43143526,0.73506635,False
lstm_e16,2734,41020,26.47,0.67208266,0.67208266,0.9935115,True
lstm_e16,2735,41020,27.64,0.47904888,0.47904888,0.75974387,False
lstm_e16,2736,41020,20.56,0.6079142,0.6079142,1.0156702,True
lstm_e16,2737,41020,18.84,0.74202555,0.8043316,0.8971309,False
lstm_e16,2738,41020,12.880001,0.6838675,0.8331607,0.8626318,True
lstm_e16,2739,41020,12.6,0.56518936,0.69080013,0.8561388,False
lstm_e16,2740,41020,12.15,0.57444304,0.57444304,0.6343388,False
lstm_e16,2741,41020,27.08,0.6207041,0.6207041,0.87704015,False
lstm_e16,2742,41020,25.52,0.6219962,0.6219962,0.9228089,False
lstm_e16,2743,41020,13.170001,0.8981296,0.8981296,1.0887705,True
lstm_e16,2744,41022,12.85,0.8862464,0.8862464,0.93503505,True
lstm_e16,2745,41022,29.0,0.8271813,0.8271813,1.1723603,True
lstm_e16,2746,41022,20.76,0.6932008,0.6932008,1.0235289,True
lstm_e16,2747,41022,30.64,0.596551,0.99734765,0.8783021,True
lstm_e16,2748,41022,15.8,0.51914465,0.51914465,0.73877525,True
lstm_e16,2749,41022,13.84,0.80460113,0.80460113,0.9427416,False
lstm_e16,2750,41022,5.9399996,0.94226754,0.94226754,1.0531143,True
lstm_e16,2751,41022,8.17,0.5503982,0.6348386,0.80520403,False
lstm_e16,2752,41022,13.66,0.44323564,0.5342075,0.79977745,False
lstm_e16,2753,41022,37.42,0.6665811,0.6665811,0.8354246,True
lstm_e16,2754,41022,13.98,0.665514,0.665514,0.8062717,False
lstm_e16,2755,41022,13.28,0.5613778,0.5613778,0.8932851,False
lstm_e16,2756,41023,1.01,1.0699927,1.0699927,0.999158,False
lstm_e16,2757,41023,2.0100002,1.1547409,1.1547409,1.2275193,False
lstm_e16,2758,41023,4.73,0.7889441,0.8176655,0.83414084,True
lstm_e16,2759,41023,5.56,0.76783204,0.76783204,0.7934381,False
lstm_e16,2760,41023,1.75,1.5204903,1.5204903,1.504178,True
lstm_e16,2761,41023,2.91,0.80142087,0.8444122,0.8381489,False
lstm_e16,2762,41023,0.14,0.91952616,1.0514553,1.0124968,False
lstm_e16,2763,41023,1.36,0.92761093,0.9372954,0.9376836,True
lstm_e16,2764,41023,0.86,0.8444718,1.018188,0.9316097,True
lstm_e16,2765,41023,3.9199998,0.6774009,0.6774009,0.70006514,False
lstm_e16,2766,41023,1.99,1.0357404,1.0357404,1.0364047,True
lstm_e16,2767,41023,0.97000015,0.7723667,0.7723667,0.7944379,False
lstm_e16,2768,41025,18.95,0.65007734,0.9212749,0.94726664,True
lstm_e16,2769,41025,25.450003,0.99344283,0.99344283,1.0868618,True
lstm_e16,2770,41025,25.54,0.69776255,0.69776255,0.8817465,True
lstm_e16,2771,41025,35.39,1.1040782,1.1040782,0.81977373,True
lstm_e16,2772,41025,21.46,0.6688977,0.6688977,0.91054153,True
lstm_e16,2773,41025,19.14,0.65262526,0.7233647,0.8063019,False
lstm_e16,2774,41025,12.15,0.6190974,0.6190974,0.8018265,False
lstm_e16,2775,41025,14.34,0.6313702,0.6313702,0.940085,True
lstm_e16,2776,41025,19.17,0.76867396,0.76867396,0.84365225,True
lstm_e16,2777,41025,38.6,0.9125705,0.9125705,0.964112,True
lstm_e16,2778,41025,19.15,0.6841839,0.6841839,0.7612142,True
lstm_e16,2779,41025,21.8,0.66809946,0.66809946,0.85149384,True
lstm_e16,2780,41027,15.74,0.53937685,0.53937685,0.80086577,True
lstm_e16,2781,41027,17.44,0.46156922,0.46156922,0.84165287,False
lstm_e16,2782,41027,24.33,0.3560557,0.35914862,0.6418723,False
lstm_e16,2783,41027,50.09,0.33171478,0.4302412,0.5113278,True
lstm_e16,2784,41027,9.28,0.85954493,0.85954493,0.900495,True
lstm_e16,2785,41027,19.2,0.40347633,0.40347633,0.6594352,True
lstm_e16,2786,41027,5.93,0.49628642,0.6732721,0.6510251,False
lstm_e16,2787,41027,8.37,0.41587555,0.41587555,0.7528346,False
lstm_e16,2788,41027,10.98,0.46088132,0.46088132,0.8400012,False
lstm_e16,2789,41027,37.04,0.49831012,0.49831012,0.65176255,True
lstm_e16,2790,41027,27.36,0.35017267,0.35017267,0.5874617,False
lstm_e16,2791,41027,23.59,0.41646573,0.41646573,0.68657357,True
lstm_e16,2792,41028,10.85,0.9356125,0.9356125,1.1809808,True
lstm_e16,2793,41028,16.89,1.0806514,1.0806514,1.1555078,True
lstm_e16,2794,41028,22.11,0.5798841,0.5798841,1.0016663,True
lstm_e16,2795,41028,16.1,0.61278987,0.61636436,1.0792904,False
lstm_e16,2796,41028,14.27,0.5300822,0.5300822,0.9471711,False
lstm_e16,2797,41028,13.06,0.45873916,0.8902927,0.8998269,True
lstm_e16,2798,41028,8.400001,0.70733714,0.70733714,0.8354452,True
lstm_e16,2799,41028,9.0,0.5947876,0.5947876,0.8739751,False
lstm_e16,2800,41028,8.76,0.92451906,0.92451906,0.9643113,True
lstm_e16,2801,41028,20.06,0.7143849,0.7739532,0.76963526,True
lstm_e16,2802,41028,19.31,0.47745705,0.47745705,0.70447534,True
lstm_e16,2803,41028,19.09,0.3417767,0.3417767,0.5408323,True
lstm_e16,2804,42001,7.74,0.47115758,0.58833706,1.059579,False
lstm_e16,2805,42001,8.12,0.84531116,0.84531116,1.1611701,True
lstm_e16,2806,42001,13.31,0.574598,0.574598,0.7886653,True
lstm_e16,2807,42001,10.68,0.5252915,0.5622345,0.8235345,False
lstm_e16,2808,42001,6.85,0.6163193,0.6163193,0.93902254,True
lstm_e16,2809,42001,6.24,0.66654575,0.66654575,0.90040606,True
lstm_e16,2810,42001,3.2399998,0.6911827,0.6911827,0.8993567,True
lstm_e16,2811,42001,4.18,0.6989931,0.6989931,0.99526906,True
lstm_e16,2812,42001,4.96,0.60945,0.97121626,1.008631,False
lstm_e16,2813,42001,7.95,0.7313862,0.7313862,1.0236608,True
lstm_e16,2814,42001,3.63,0.9638551,0.9638551,1.4713291,False
lstm_e16,2815,42001,4.79,0.9589544,0.9589544,1.1222757,True
lstm_e16,2816,42003,12.02,0.6204574,0.6204574,0.7142265,True
lstm_e16,2817,42003,14.01,0.42687666,0.5049868,0.6643273,False
lstm_e16,2818,42003,22.84,0.6264078,0.6264078,0.80800194,True
lstm_e16,2819,42003,17.04,0.50012213,0.5908822,0.76753014,False
lstm_e16,2820,42003,9.78,0.6016396,0.6016396,0.76958245,True
lstm_e16,2821,42003,22.32,0.5188845,0.5188845,0.66751605,True
lstm_e16,2822,42003,11.74,0.3662042,0.3662042,0.38133684,False
lstm_e16,2823,42003,9.42,0.6397062,0.6397062,0.7835846,True
lstm_e16,2824,42003,8.92,0.47104138,0.47104138,0.6195654,False
lstm_e16,2825,42003,23.24,0.7583211,0.7583211,0.85485435,True
lstm_e16,2826,42003,10.51,0.5723862,0.5723862,0.7534253,False
lstm_e16,2827,42004,1.44,1.0233133,1.0233133,1.1244292,True
lstm_e16,2828,42004,1.31,0.9797501,0.9797501,1.0524871,False
lstm_e16,2829,42004,2.95,0.6735995,0.6895828,0.7813326,False
lstm_e16,2830,42004,2.69,0.9659418,1.0221943,0.9824359,False
lstm_e16,2831,42004,1.95,0.8906452,0.8906452,1.0019848,True
lstm_e16,2832,42004,2.74,0.60525566,0.60525566,0.7788382,False
lstm_e16,2833,42004,1.39,0.93250465,0.93250465,0.944813,True
lstm_e16,2834,42004,2.05,0.8606859,0.8606859,0.93888694,True
lstm_e16,2835,42004,1.56,0.8607791,0.94075036,1.0407343,True
lstm_e16,2836,42004,2.59,0.85115474,0.9310945,0.93692636,False
lstm_e16,2837,42004,2.27,0.7490904,0.76395637,0.91069657,False
lstm_e16,2838,42004,1.43,0.84366786,0.9736353,1.0089191,True
lstm_e16,2839,42006,1.85,0.96303385,0.98072714,1.0086081,False
lstm_e16,2840,42006,1.86,1.0235232,1.0235232,1.1720281,False
lstm_e16,2841,42006,4.75,0.9977832,1.0436767,1.0906816,True
lstm_e16,2842,42006,8.09,0.6096982,0.63658744,0.69941914,False
lstm_e16,2843,42006,3.12,0.9197523,0.9278102,0.99422526,False
lstm_e16,2844,42006,3.8899999,0.8237241,0.8237241,0.9156594,False
lstm_e16,2845,42006,1.48,0.8194843,0.8194843,0.8229933,False
lstm_e16,2846,42006,2.6,1.0942156,1.1067656,1.136898,True
lstm_e16,2847,42006,1.81,1.1130428,1.1130428,1.150896,False
lstm_e16,2848,42006,5.93,0.8246695,0.8246695,0.8883559,True
lstm_e16,2849,42006,3.4,0.9585494,0.9585494,1.0460823,False
lstm_e16,2850,42006,2.03,0.9235104,0.9235104,0.98901415,False
lstm_e16,2851,42008,1.04,1.048325,1.048325,1.0499932,True
lstm_e16,2852,42008,0.97,1.052438,1.052438,1.1378977,False
lstm_e16,2853,42008,2.67,0.90265495,0.90265495,0.9215793,True
lstm_e16,2854,42008,5.14,0.57083464,0.57083464,0.57434326,False
lstm_e16,2855,42008,1.51,0.9728836,1.0103874,0.9796377,False
lstm_e16,2856,42008,1.8400002,0.8756379,0.8756379,0.87157047,True
lstm_e16,2857,42008,1.04,0.8439177,0.8455677,0.8483669,True
lstm_e16,2858,42008,1.46,1.0738691,1.0738691,1.1050054,False
lstm_e16,2859,42008,1.11,0.9604903,0.9604903,0.9987941,False
lstm_e16,2860,42008,3.01,0.8280949,0.8280949,0.8236025,False
lstm_e16,2861,42008,1.8200002,0.94356436,0.94356436,0.930745,False
lstm_e16,2862,42008,1.11,1.0624722,1.0906407,1.0816541,True
lstm_e16,2863,42010,1.75,1.2007773,1.2007773,1.1216215,True
lstm_e16,2864,42010,2.0,0.96989584,1.028433,1.0437914,False
lstm_e16,2865,42010,3.29,0.93338513,0.93338513,0.9635928,False
lstm_e16,2866,42010,5.56,0.72358906,0.72358906,0.7345339,False
lstm_e16,2867,42010,2.4700003,0.9885835,0.9885835,0.97038317,True
lstm_e16,2868,42010,2.75,0.83273417,0.83273417,0.8212959,False
lstm_e16,2869,42010,1.84,0.8525903,0.852796,0.8987038,False
lstm_e16,2870,42010,2.5700002,0.9475659,0.9475659,0.9676768,True
lstm_e16,2871,42010,1.88,1.0761718,1.0761718,1.0788893,False
lstm_e16,2872,42010,4.0,0.8850843,0.9102361,0.8798385,False
lstm_e16,2873,42010,1.49,1.2332741,1.2990313,1.3252,True
lstm_e16,2874,42011,6.04,0.63734716,0.63734716,0.91235024,True
lstm_e16,2875,42011,6.63,0.7541775,0.7541775,1.0857323,True
lstm_e16,2876,42011,8.04,0.57738304,0.57738304,0.8165744,False
lstm_e16,2877,42011,8.55,0.6214135,0.7619317,0.8696008,True
lstm_e16,2878,42011,5.75,0.55667216,0.55667216,0.85621756,False
lstm_e16,2879,42011,5.6,0.68179506,0.68179506,0.9078454,True
lstm_e16,2880,42011,3.14,0.4098237,0.4098237,0.6983509,False
lstm_e16,2881,42011,4.16,0.7488407,0.7488407,0.815027,True
lstm_e16,2882,42011,4.2800007,0.60297537,0.62323,0.88529795,False
lstm_e16,2883,42011,8.17,0.76524746,0.76524746,0.88050526,True
lstm_e16,2884,42011,18.59,0.20272183,0.20272183,0.39959213,False
lstm_e16,2885,42011,4.2500005,0.6545317,0.6545317,0.76204777,True
lstm_e16,2886,43005,2.01,1.1672395,1.1672395,1.2445995,True
lstm_e16,2887,43005,1.5,1.1615844,1.4402167,1.3349366,True
lstm_e16,2888,43005,4.19,0.872487,0.872487,0.86155665,False
lstm_e16,2889,43005,6.14,0.71861285,0.76227003,0.7719029,True
lstm_e16,2890,43005,2.09,0.98167586,1.1707824,1.1166383,True
lstm_e16,2891,43005,2.33,0.8553569,1.0300215,0.9818892,False
lstm_e16,2892,43005,1.34,1.046362,1.046362,0.9742904,True
lstm_e16,2893,43005,2.3599997,1.1790183,1.2367531,1.2076232,True
lstm_e16,2894,43005,1.51,1.1363559,1.1363559,1.1018486,True
lstm_e16,2895,43005,3.6799998,0.9041972,1.0670873,0.96516985,True
lstm_e16,2896,43005,2.77,1.0079346,1.0079346,1.038178,True
lstm_e16,2897,43005,1.35,1.2808427,1.2808427,1.2160721,True
lstm_e16,2898,43006,3.32,0.86523926,0.9712384,1.123719,True
lstm_e16,2899,43006,4.28,0.7441668,0.7441668,0.98785746,False
lstm_e16,2900,43006,6.5599995,0.8964124,0.8964124,0.9666214,True
lstm_e16,2901,43006,10.61,0.65354896,0.65354896,0.8772197,True
lstm_e16,2902,43006,3.74,0.9277418,0.9277418,1.0090818,True
lstm_e16,2903,43006,5.45,0.6441369,0.6441369,0.9127948,False
lstm_e16,2904,43006,4.03,0.5768218,0.5768218,0.7946811,False
lstm_e16,2905,43006,4.62,0.7806599,0.78977865,0.9831593,True
lstm_e16,2906,43006,3.0500002,0.95125324,0.95125324,1.0377276,True
lstm_e16,2907,43006,6.04,0.80671626,0.80671626,0.8957536,False
lstm_e16,2908,43006,4.61,0.6999852,0.6999852,0.91558516,False
lstm_e16,2909,43006,6.84,0.37586054,0.37586054,0.57684404,True
lstm_e16,2910,43007,4.78,0.6160289,0.9589099,1.0161529,False
lstm_e16,2911,43007,13.69,0.5075029,0.5487391,0.7750409,True
lstm_e16,2912,43007,10.84,0.74477404,0.7471681,0.77829546,True
lstm_e16,2913,43007,12.29,0.75093675,0.8353166,0.89349455,True
lstm_e16,2914,43007,5.07,0.77891284,1.0366526,0.95628273,True
lstm_e16,2915,43007,7.16,0.83833086,0.83833086,0.90053815,True
lstm_e16,2916,43007,5.66,0.6041732,0.7987532,0.80362344,False
lstm_e16,2917,43007,6.2800007,0.7060483,0.8822178,0.93742037,True
lstm_e16,2918,43007,5.63,0.5867822,0.8736754,0.8760866,True
lstm_e16,2919,43007,11.45,0.68559813,0.75650376,0.82919025,True
lstm_e16,2920,43007,6.4200006,0.5792559,0.86944383,0.9097886,False
lstm_e16,2921,43007,7.4199996,0.36212057,0.6104881,0.78075695,False
lstm_e16,2922,43008,0.85,1.7665708,1.7665708,1.870912,True
lstm_e16,2923,43008,1.2,1.5789126,1.5789126,1.7157133,True
lstm_e16,2924,43008,3.61,0.93020684,0.93020684,0.90811574,True
lstm_e16,2925,43008,5.42,0.7039789,0.7424669,0.70785904,True
lstm_e16,2926,43008,1.81,0.99426985,0.99426985,1.0101284,False
lstm_e16,2927,43008,2.2800002,0.9696557,0.9882134,1.0100981,True
lstm_e16,2928,43008,0.96,1.11135,1.11135,1.0687937,False
lstm_e16,2929,43008,2.45,0.9668677,0.9668677,0.9581176,False
lstm_e16,2930,43008,1.33,1.099446,1.099446,1.1327202,False
lstm_e16,2931,43008,3.6499999,0.8313661,0.87889504,0.853768,False
lstm_e16,2932,43008,2.25,1.057769,1.057769,1.0364223,False
lstm_e16,2933,43008,1.08,1.2675514,1.2675514,1.2278081,True
lstm_e16,2934,43009,7.74,0.68908376,1.0226067,1.0374763,True
lstm_e16,2935,43009,22.65,0.5978512,0.6498088,0.799301,True
lstm_e16,2936,43009,16.989998,0.8825842,0.8825842,0.84899276,True
lstm_e16,2937,43009,21.32,1.0153677,1.0153677,0.90845245,True
lstm_e16,2938,43009,10.74,0.71538895,0.71538895,0.9881165,True
lstm_e16,2939,43009,15.76,0.70454264,0.70454264,0.910655,True
lstm_e16,2940,43009,13.37,0.7186682,0.7186682,0.863522,True
lstm_e16,2941,43009,11.48,0.6344589,0.72535104,0.8908779,False
lstm_e16,2942,43009,11.15,0.8291047,0.8291047,0.86983436,True
lstm_e16,2943,43009,17.49,0.83873683,0.83873683,0.88642144,True
lstm_e16,2944,43009,12.14,0.6397961,0.78728837,0.88050383,False
lstm_e16,2945,43009,15.34,0.7961155,0.7961155,1.016819,True
lstm_e16,2946,43014,2.6000001,0.722907,1.2520783,1.0562105,True
lstm_e16,2947,43014,1.61,1.0613772,1.5668277,1.2888824,True
lstm_e16,2948,43014,3.5,0.7548746,0.77710044,0.8548996,False
lstm_e16,2949,43014,6.07,0.54098016,0.56336194,0.7478098,True
lstm_e16,2950,43014,2.7,0.6982781,0.72256,0.91154146,True
lstm_e16,2951,43014,2.95,0.60534656,0.6081318,0.81168115,False
lstm_e16,2952,43014,1.8399999,0.74792844,0.74792844,0.82509506,False
lstm_e16,2953,43014,2.28,0.8828592,0.91816574,0.92382425,True
lstm_e16,2954,43014,1.41,1.0453581,1.1018091,1.140867,True
lstm_e16,2955,43014,4.1600003,0.68627816,0.68627816,0.83676463,False
lstm_e16,2956,43014,2.95,0.6651614,0.6651614,0.83056355,False
lstm_e16,2957,43014,2.11,0.7684908,0.7684908,0.96699804,True
lstm_e16,2958,43017,4.6800003,0.6186214,0.7444687,0.8594951,True
lstm_e16,2959,43017,2.45,0.7301241,1.0042855,1.0308715,True
lstm_e16,2960,43017,5.95,0.81004137,0.81004137,0.80483717,False
lstm_e16,2961,43017,10.84,0.62867033,0.62867033,0.76822126,True
lstm_e16,2962,43017,3.6799998,0.9074977,0.9074977,0.9567365,True
lstm_e16,2963,43017,4.29,0.71651673,0.71651673,0.7941543,True
lstm_e16,2964,43017,3.15,0.5962878,0.5962878,0.6279624,True
lstm_e16,2965,43017,3.83,0.8583263,0.8583263,0.89475584,True
lstm_e16,2966,43017,2.41,0.89933306,0.89933306,0.8858235,False
lstm_e16,2967,43017,6.46,0.74047786,0.74047786,0.77863824,True
lstm_e16,2968,43017,5.15,0.74266505,0.74266505,0.7906937,True
lstm_e16,2969,43017,3.1399999,0.56419927,0.68735707,0.8259955,True
lstm_e16,2970,44001,2.93,0.973845,1.002991,1.0684128,True
lstm_e16,2971,44001,5.05,1.6055235,1.6055235,1.4700502,True
lstm_e16,2972,44001,4.88,1.0262473,1.17781,1.0563337,True
lstm_e16,2973,44001,4.75,1.021198,1.1053113,1.0684648,False
lstm_e16,2974,44001,3.36,0.97433954,0.97433954,1.0142007,True
lstm_e16,2975,44001,4.17,0.92710096,0.9407471,0.92875165,False
lstm_e16,2976,44001,3.42,0.93307143,0.93307143,1.0203847,True
lstm_e16,2977,44001,3.94,0.9716519,1.0446843,1.0214424,True
lstm_e16,2978,44001,3.21,1.0408701,1.0408701,0.980499,True
lstm_e16,2979,44001,5.02,0.8651284,0.8846663,0.9304705,True
lstm_e16,2980,44001,3.96,0.90588593,0.90588593,0.9341818,False
lstm_e16,2981,44001,2.99,1.2949754,1.2949754,1.1461934,True
lstm_e16,2982,44002,2.23,0.94208205,0.94208205,1.0496418,True
lstm_e16,2983,44002,4.39,0.9179181,0.9179181,1.042745,True
lstm_e16,2984,44002,5.2200003,0.7223251,0.78065366,0.7325115,False
lstm_e16,2985,44002,6.25,0.6866316,0.6866316,0.68905354,False
lstm_e16,2986,44002,2.91,0.8072825,0.8072825,0.92869496,True
lstm_e16,2987,44002,5.26,0.63306266,0.6628708,0.6426484,False
lstm_e16,2988,44002,2.35,0.5710242,0.6251621,0.8259216,False
lstm_e16,2989,44002,4.42,0.71334046,0.74402976,0.7534624,False
lstm_e16,2990,44002,2.58,0.86479557,0.86479557,0.93074644,False
lstm_e16,2991,44002,4.8899994,0.7922005,0.7922005,0.7407752,False
lstm_e16,2992,44002,4.34,0.78267044,0.78267044,0.7541309,True
lstm_e16,2993,44002,2.02,0.76065266,0.9098367,0.92869765,True
lstm_e16,2994,44006,2.38,0.8145231,0.86631733,0.83720213,True
lstm_e16,2995,44006,7.88,0.6152186,0.6816812,0.85555255,True
lstm_e16,2996,44006,6.22,0.7187162,0.8639043,0.8507134,True
lstm_e16,2997,44006,8.1,0.6613229,0.6668548,0.7140721,False
lstm_e16,2998,44006,3.15,0.66481924,0.6911209,0.6859861,False
lstm_e16,2999,44006,5.73,0.57185334,0.5842689,0.62685287,False
lstm_e16,3000,44006,2.85,0.5599482,0.5599482,0.5582878,True
lstm_e16,3001,44006,4.01,0.97609717,0.97609717,0.97293687,True
lstm_e16,3002,44006,3.14,0.8373666,0.8373666,0.8346056,True
lstm_e16,3003,44006,5.94,0.85294116,0.85294116,0.82683104,False
lstm_e16,3004,44006,4.9,0.73947924,0.7711814,0.7429374,True
lstm_e16,3005,44006,3.5,0.7970195,0.7970195,1.1053339,True
lstm_e16,3006,45001,21.03,0.8032651,0.8032651,0.8519546,True
lstm_e16,3007,45001,24.439999,0.89443475,0.89443475,0.88578343,True
lstm_e16,3008,45001,36.09,0.7256837,0.7256837,0.8393138,True
lstm_e16,3009,45001,20.17,0.64091456,0.64091456,0.71608394,False
lstm_e16,3010,45001,13.750001,0.5807863,0.5807863,0.70737755,False
lstm_e16,3011,45001,20.46,0.6531898,0.7456427,0.87076396,True
lstm_e16,3012,45001,28.56,0.43253174,0.45549935,0.60323375,True
lstm_e16,3013,45001,15.54,0.661671,0.67840505,0.98581254,False
lstm_e16,3014,45001,13.18,0.89884615,0.89884615,0.9547589,True
lstm_e16,3015,45001,20.1,0.9519228,0.9519228,0.96824485,True
lstm_e16,3016,45001,19.61,0.780212,0.780212,0.8791495,False
lstm_e16,3017,45001,11.13,0.92552286,0.92552286,0.9768545,True
lstm_e16,3018,45003,11.29,0.47047,0.47047,0.80720687,False
lstm_e16,3019,45003,24.61,0.562065,0.562065,0.8319479,False
lstm_e16,3020,45003,31.670002,0.51621324,0.51621324,0.71319544,True
lstm_e16,3021,45003,20.91,0.57906413,0.62283367,0.85418195,True
lstm_e16,3022,45003,17.82,0.5875171,0.5875171,0.77114457,True
lstm_e16,3023,45003,22.04,0.55277,0.55277,0.86529964,True
lstm_e16,3024,45003,25.55,0.39802945,0.39802945,0.6876473,True
lstm_e16,3025,45003,11.27,0.7158742,0.7158742,0.89897525,False
lstm_e16,3026,45003,7.78,0.82422537,0.84497863,1.0529163,True
lstm_e16,3027,45003,17.8,0.84367996,0.84367996,0.91120124,True
lstm_e16,3028,45003,10.6,0.6123862,0.6123862,0.7747928,False
lstm_e16,3029,45003,14.34,0.59219086,0.59219086,0.7658408,False
lstm_e16,3030,45004,16.95,0.5554054,0.5554054,0.8480071,True
lstm_e16,3031,45004,53.0,0.58636063,0.58636063,0.7744778,True
lstm_e16,3032,45004,32.04,0.51823556,0.68191534,0.8062341,True
lstm_e16,3033,45004,30.24,0.6156047,0.6156047,0.7929996,True
lstm_e16,3034,45004,16.68,0.72456694,0.72456694,0.8893774,True
lstm_e16,3035,45004,26.62,0.5586607,0.5586607,0.8391924,True
lstm_e16,3036,45004,34.43,0.40047827,0.40047827,0.68425965,True
lstm_e16,3037,45004,16.01,0.7068945,0.7068945,0.7888523,True
lstm_e16,3038,45004,15.55,0.65730476,0.65730476,1.0001098,False
lstm_e16,3039,45004,25.26,0.6025548,0.6025548,0.6837439,False
lstm_e16,3040,45004,25.11,0.48879158,0.48879158,0.73916817,True
lstm_e16,3041,45004,33.05,0.5476497,0.5476497,0.7054304,True
lstm_e16,3042,45005,15.719999,0.42292297,0.42292297,0.71518147,True
lstm_e16,3043,45005,36.8,0.58129895,0.58129895,0.87708354,True
lstm_e16,3044,45005,32.5,0.51560843,0.5937146,0.88745886,True
lstm_e16,3045,45005,18.83,0.62733644,0.62733644,0.80796343,True
lstm_e16,3046,45005,15.800001,0.7274895,0.7274895,0.8054995,True
lstm_e16,3047,45005,18.1,0.59131545,0.59131545,0.8991894,True
lstm_e16,3048,45005,26.5,0.4504512,0.4504512,0.7752177,True
lstm_e16,3049,45005,10.95,0.7946977,0.98748475,1.0141346,True
lstm_e16,3050,45005,9.65,0.76480424,0.76480424,1.0154192,False
lstm_e16,3051,45005,14.85,1.0097868,1.0097868,0.9267639,True
lstm_e16,3052,45005,13.12,0.5990193,0.5990193,0.82093847,True
lstm_e16,3053,45005,18.31,0.62048846,0.62048846,0.84272003,False
lstm_e16,3054,45009,20.17,0.8382862,0.8382862,0.8961925,True
lstm_e16,3055,45009,36.71,0.6503628,0.6503628,0.69457304,True
lstm_e16,3056,45009,43.43,0.6542046,0.6542046,0.8327686,True
lstm_e16,3057,45009,19.58,0.68117714,0.68117714,0.73355407,False
lstm_e16,3058,45009,12.8,1.0393615,1.0393615,1.061096,True
lstm_e16,3059,45009,17.83,0.7369698,0.94540364,0.87664235,True
lstm_e16,3060,45009,28.41,0.46885154,0.46885154,0.6492075,True
lstm_e16,3061,45009,15.580001,0.59239113,0.68101484,0.7863677,False
lstm_e16,3062,45009,12.73,0.98037964,0.98037964,0.9880244,True
lstm_e16,3063,45009,28.650002,0.7796244,0.7796244,0.8728592,True
lstm_e16,3064,45009,24.19,0.81905323,0.81905323,0.93367004,True
lstm_e16,3065,45009,12.32,0.82055455,0.82055455,0.87699956,True
lstm_e16,3066,45012,7.73,0.7374772,0.8226682,0.9059206,True
lstm_e16,3067,45012,16.71,0.7637947,0.7637947,0.7784565,True
lstm_e16,3068,45012,28.81,0.44375005,0.61243534,0.78282166,True
lstm_e16,3069,45012,19.5,0.4843302,0.57348025,0.8134982,False
lstm_e16,3070,45012,8.32,0.86605406,0.8698328,0.9465774,True
lstm_e16,3071,45012,21.96,0.50458527,0.5239475,0.8768318,False
lstm_e16,3072,45012,12.32,0.4021123,0.40450445,0.63433874,True
lstm_e16,3073,45012,14.84,0.56882966,0.56882966,0.7274497,False
lstm_e16,3074,45012,6.91,0.6089427,0.6089427,0.69837844,False
lstm_e16,3075,45012,16.950003,0.52084726,0.5708804,0.767001,False
lstm_e16,3076,45012,14.93,0.4882702,0.4882702,0.7693626,False
lstm_e16,3077,45012,11.34,0.39391634,0.5970256,0.72700644,True
lstm_e16,3078,46003,22.43,0.4718573,0.58700204,0.6946706,False
lstm_e16,3079,46003,27.68,0.58943564,0.58943564,0.9649642,False
lstm_e16,3080,46003,44.93,0.6052323,0.70907205,0.92717046,False
lstm_e16,3081,46003,61.86,0.65969175,0.65969175,0.90094775,True
lstm_e16,3082,46003,27.75,0.7612491,0.7612491,0.9191725,True
lstm_e16,3083,46003,52.53,0.6433273,0.6433273,0.9786791,False
lstm_e16,3084,46003,18.630001,0.51530075,0.6437467,0.734945,False
lstm_e16,3085,46003,19.000002,0.7455516,0.7718911,1.0590276,False
lstm_e16,3086,46003,27.56,0.6502704,0.91999334,0.8781709,True
lstm_e16,3087,46003,69.57,0.8371866,0.8371866,0.954259,True
lstm_e16,3088,46003,60.69,0.71106744,0.71106744,0.8656268,True
lstm_e16,3089,46003,33.53,0.5441722,0.8170583,1.0030288,True
lstm_e16,3090,46005,33.21,0.85964876,0.85964876,0.99573463,True
lstm_e16,3091,46005,48.89,0.62244016,0.62244016,0.87523097,False
lstm_e16,3092,46005,61.3,0.78601193,0.78601193,1.0250764,True
lstm_e16,3093,46005,101.26,0.70330375,0.70330375,0.82249796,True
lstm_e16,3094,46005,48.89,0.66000074,0.66000074,0.84627706,True
lstm_e16,3095,46005,95.06,0.58150965,0.58150965,0.8676555,True
lstm_e16,3096,46005,34.72,0.37930736,0.37930736,0.5334865,False
lstm_e16,3097,46005,30.900002,0.47560737,0.47560737,0.702484,False
lstm_e16,3098,46005,56.610004,0.17834686,0.2007854,0.42802384,False
lstm_e16,3099,46005,107.51001,0.7528669,0.7528669,0.8143478,True
lstm_e16,3100,46005,90.36,0.71435636,0.71435636,0.7825482,True
lstm_e16,3101,46005,59.91,0.5628954,0.5992152,1.0123731,True
lstm_e16,3102,47001,16.24,0.8376057,0.8376057,0.9661602,True
lstm_e16,3103,47001,14.55,0.6965802,0.6965802,0.9421189,False
lstm_e16,3104,47001,31.640001,0.71782947,0.71782947,0.89941305,True
lstm_e16,3105,47001,21.41,0.7184239,0.890024,0.9189939,True
lstm_e16,3106,47001,13.430001,0.9126105,0.9126105,0.99246305,True
lstm_e16,3107,47001,20.56,0.7537351,0.8311875,1.0234843,True
lstm_e16,3108,47001,11.45,0.76259315,0.9103064,0.92769647,True
lstm_e16,3109,47001,11.68,0.74233794,0.74233794,0.94214386,False
lstm_e16,3110,47001,14.289999,0.9053175,0.9053175,0.9712574,True
lstm_e16,3111,47001,23.91,1.0210661,1.0210661,0.97956544,True
lstm_e16,3112,47001,24.87,0.76932186,0.76932186,0.8807391,False
lstm_e16,3113,47001,13.720001,1.4476354,1.4476354,1.0693018,True
lstm_e16,3114,47004,17.17,0.7966923,0.7966923,0.8769532,True
lstm_e16,3115,47004,15.71,0.6233105,0.6233105,0.7607928,False
lstm_e16,3116,47004,41.66,0.67620784,0.67620784,0.9347542,True
lstm_e16,3117,47004,32.98,0.5965702,0.5965702,0.786718,True
lstm_e16,3118,47004,15.01,0.8794236,0.8794236,0.87036055,True
lstm_e16,3119,47004,25.75,0.6705423,0.7262713,1.0062615,False
lstm_e16,3120,47004,12.73,0.75720173,0.75720173,0.8132688,True
lstm_e16,3121,47004,13.14,0.8270625,0.93331915,0.97884643,True
lstm_e16,3122,47004,15.35,0.8440419,0.8533066,0.90529186,True
lstm_e16,3123,47004,29.46,0.7750091,0.7750091,0.8706419,True
lstm_e16,3124,47004,48.48,0.55255306,0.55255306,0.8048689,True
lstm_e16,3125,47004,14.46,1.2247877,1.2247877,0.9963555,True
lstm_e16,3126,47008,13.87,0.83628845,0.83628845,1.033997,True
lstm_e16,3127,47008,11.11,0.7322243,0.8194638,1.0434203,False
lstm_e16,3128,47008,27.29,0.67556494,0.67556494,0.8766854,True
lstm_e16,3129,47008,24.45,0.7557081,0.7557081,1.0599613,True
lstm_e16,3130,47008,12.8,0.9104643,0.9104643,1.0968726,True
lstm_e16,3131,47008,23.61,0.8542424,0.8542424,1.0032806,True
lstm_e16,3132,47008,8.509999,0.7841988,1.085504,1.1308324,True
lstm_e16,3133,47008,10.44,0.8052645,0.8419124,1.1042901,False
lstm_e16,3134,47008,10.08,0.9841455,0.9841455,1.1559007,False
lstm_e16,3135,47008,19.26,1.1191642,1.1191642,1.1757617,False
lstm_e16,3136,47008,24.86,0.8270643,0.8270643,1.0358887,True
lstm_e16,3137,47008,15.94,0.6649824,1.428985,1.2102255,True
lstm_e16,3138,47009,11.46,0.93287563,0.93287563,0.9760363,True
lstm_e16,3139,47009,11.3,0.5526818,0.5526818,0.7239181,False
lstm_e16,3140,47009,29.57,0.8119868,0.8119868,0.88794273,True
lstm_e16,3141,47009,18.99,0.69711226,0.7095097,0.8106895,False
lstm_e16,3142,47009,11.83,0.7537913,0.7537913,0.88793445,True
lstm_e16,3143,47009,16.86,0.8546751,0.9308046,1.0182915,True
lstm_e16,3144,47009,8.36,0.7505087,0.75123644,0.84317183,True
lstm_e16,3145,47009,11.3,0.75510275,0.77420485,0.8087994,False
lstm_e16,3146,47009,13.809999,0.70483905,0.70483905,0.8377231,True
lstm_e16,3147,47009,21.47,0.7941049,0.7941049,0.8746316,True
lstm_e16,3148,47009,24.05,0.8227602,0.8227602,0.91856885,True
lstm_e16,3149,47009,12.17,0.91149426,0.91149426,0.8933343,True
lstm_e16,3150,48004,23.16,0.42095727,0.47769082,0.6374843,True
lstm_e16,3151,48004,15.19,0.41398913,0.41398913,0.6092008,False
lstm_e16,3152,48004,27.4,0.9159809,0.9159809,1.0057867,True
lstm_e16,3153,48004,21.75,0.7935598,0.7935598,0.99456835,False
lstm_e16,3154,48004,12.42,1.0560416,1.0560416,1.0832777,True
lstm_e16,3155,48004,20.25,0.6458132,0.6458132,0.98102033,False
lstm_e16,3156,48004,16.49,0.384928,0.384928,0.7343448,False
lstm_e16,3157,48004,17.009998,0.5413718,0.5413718,0.80779827,False
lstm_e16,3158,48004,13.56,0.8537916,0.8537916,1.0274339,True
lstm_e16,3159,48004,19.5,0.8216994,0.8216994,1.0673343,False
lstm_e16,3160,48004,27.91,0.7652477,0.7652477,0.8896537,True
lstm_e16,3161,48004,13.54,0.6822968,0.6822968,0.78610647,False
lstm_e16,3162,48005,6.41,0.7539551,0.84649926,0.8568026,True
lstm_e16,3163,48005,7.2700005,0.5529357,0.5529357,0.67642933,False
lstm_e16,3164,48005,20.02,0.5434509,0.7946819,0.7497531,True
lstm_e16,3165,48005,17.09,0.5104199,0.5104199,0.65453047,False
lstm_e16,3166,48005,9.13,0.68923193,0.7019743,0.72432065,True
lstm_e16,3167,48005,13.51,0.52276456,0.5983969,0.7474432,False
lstm_e16,3168,48005,7.16,0.47938046,0.5022009,0.61596453,False
lstm_e16,3169,48005,11.21,0.5524024,0.5598001,0.80345094,False
lstm_e16,3170,48005,11.81,0.38909927,0.38909927,0.6071515,False
lstm_e16,3171,48005,13.4,0.78251207,0.87049973,0.8781196,True
lstm_e16,3172,48005,13.05,0.73171693,0.73171693,0.81824243,True
lstm_e16,3173,48005,5.61,0.8530479,0.89477533,0.93002653,True
lstm_e16,3174,48011,22.450003,0.48771816,0.48771816,0.7755059,True
lstm_e16,3175,48011,10.470001,0.73559767,0.73559767,0.855395,False
lstm_e16,3176,48011,33.07,0.7695287,0.7695287,0.97080696,True
lstm_e16,3177,48011,20.68,0.6883416,0.7153425,0.93833935,False
lstm_e16,3178,48011,12.0,0.99516696,0.99516696,1.0251625,True
lstm_e16,3179,48011,17.29,1.0159795,1.1020585,1.0820258,True
lstm_e16,3180,48011,11.310001,0.6086023,0.69543916,0.81452656,True
lstm_e16,3181,48011,12.24,0.74893945,0.88210934,0.9675851,True
lstm_e16,3182,48011,11.49,0.93605334,0.93605334,1.095149,True
lstm_e16,3183,48011,22.19,0.7134423,0.7134423,0.93492657,False
lstm_e16,3184,48011,30.19,0.64266366,0.6603964,0.8923715,True
lstm_e16,3185,48011,10.6,1.0240182,1.1517286,0.98460287,True
lstm_e16,3186,49002,5.55,0.84198546,0.8823497,0.88750565,True
lstm_e16,3187,49002,4.06,0.99208695,0.99208695,1.1625645,True
lstm_e16,3188,49002,15.080001,0.75893635,0.75893635,0.8471465,True
lstm_e16,3189,49002,8.31,0.9480969,0.9480969,1.0832318,True
lstm_e16,3190,49002,4.02,1.0152221,1.1790925,1.0570647,True
lstm_e16,3191,49002,9.43,0.68894434,0.86589926,0.997039,True
lstm_e16,3192,49002,4.13,0.8403007,0.9418115,0.9097926,True
lstm_e16,3193,49002,9.4,0.8246253,0.8246253,0.890372,True
lstm_e16,3194,49002,6.77,0.8442225,0.8442225,0.87121767,False
lstm_e16,3195,49002,9.99,0.79495037,0.79495037,0.8897369,False
lstm_e16,3196,49002,12.95,0.6634883,0.73534656,0.787575,True
lstm_e16,3197,49002,5.1,0.9559703,0.9974379,1.0434526,True
lstm_e16,3198,49004,5.93,0.7799318,0.92110074,0.9796756,True
lstm_e16,3199,49004,10.46,0.35484728,0.35484728,0.58966786,False
lstm_e16,3200,49004,24.13,0.4302032,0.55274636,0.8124961,True
lstm_e16,3201,49004,17.63,0.4518053,0.4912639,0.7484739,False
lstm_e16,3202,49004,6.54,0.9015329,0.9015329,0.9493605,True
lstm_e16,3203,49004,14.79,0.5379576,0.6375604,0.7188865,True
lstm_e16,3204,49004,7.56,0.6370666,0.6370666,0.8453347,True
lstm_e16,3205,49004,14.55,0.44643962,0.44643962,0.7377466,False
lstm_e16,3206,49004,8.41,0.7071534,0.7071534,0.86139536,True
lstm_e16,3207,49004,14.12,0.61730146,0.6236462,0.7693951,False
lstm_e16,3208,49004,11.27,0.6603918,0.6603918,0.77573305,False
lstm_e16,3209,49004,6.19,0.6041586,0.6041586,0.66101664,False
lstm_e16,3210,50001,19.399998,0.83920705,0.83920705,0.974063,True
lstm_e16,3211,50001,18.259998,0.6321477,0.6321477,0.91589254,False
lstm_e16,3212,50001,37.13,0.64663774,0.64663774,0.940037,True
lstm_e16,3213,50001,17.74,0.8954206,0.8954206,0.91341436,True
lstm_e16,3214,50001,11.820001,0.9016048,0.9016048,1.0017327,True
lstm_e16,3215,50001,16.91,0.67814404,0.8212368,0.98896897,False
lstm_e16,3216,50001,17.22,0.6447008,0.8254403,0.87783444,True
lstm_e16,3217,50001,16.13,0.6302294,0.6302294,0.9608635,False
lstm_e16,3218,50001,12.18,0.9372542,0.9372542,0.9622001,True
lstm_e16,3219,50001,20.309998,0.9800986,0.9800986,1.0003614,True
lstm_e16,3220,50001,16.51,0.67590874,0.6821418,0.88038355,False
lstm_e16,3221,50001,11.63,0.85388637,0.85388637,0.989508,False
lstm_e16,3222,50002,24.84,0.6197866,0.6197866,0.81156963,True
lstm_e16,3223,50002,21.72,0.5648085,0.5648085,0.8675487,False
lstm_e16,3224,50002,41.75,0.6379408,0.6379408,0.8721103,True
lstm_e16,3225,50002,24.58,0.7535058,0.7608112,0.93962795,False
lstm_e16,3226,50002,17.95,0.53416705,0.64407545,0.89867973,False
lstm_e16,3227,50002,27.44,0.6994731,0.6994731,0.97582847,True
lstm_e16,3228,50002,14.83,0.6733626,0.9289564,0.93429494,True
lstm_e16,3229,50002,12.58,0.8498276,0.9293236,1.1069087,True
lstm_e16,3230,50002,19.34,0.7321368,0.73229694,0.9531482,True
lstm_e16,3231,50002,20.3,0.7237664,0.7298869,0.9457908,False
lstm_e16,3232,50002,17.38,1.3570647,1.3570647,1.0525416,True
lstm_e16,3233,50006,26.95,0.87110424,0.87110424,0.9272591,True
lstm_e16,3234,50006,19.02,0.67297876,0.67297876,0.90943533,False
lstm_e16,3235,50006,43.33,0.7957804,0.7957804,0.95838624,True
lstm_e16,3236,50006,24.57,0.7159073,0.7159073,0.80847603,True
lstm_e16,3237,50006,16.3,0.6960457,0.7333708,0.90234137,True
lstm_e16,3238,50006,16.22,0.75588906,0.87721586,1.0097365,False
lstm_e16,3239,50006,24.97,0.73045313,0.73045313,0.74683803,True
lstm_e16,3240,50006,27.000002,0.5824076,0.5824076,0.9038756,True
lstm_e16,3241,50006,17.07,0.8900429,0.8900429,0.92514473,True
lstm_e16,3242,50006,23.65,0.99848056,0.99848056,1.023167,True
lstm_e16,3243,50006,22.26,0.6883182,0.6883182,0.8778333,False
lstm_e16,3244,50006,13.930001,0.90002954,0.90002954,1.006597,False
lstm_e16,3245,51001,2.49,1.1322874,1.1322874,1.0995791,True
lstm_e16,3246,51001,19.32,0.62385386,0.75183856,0.78326917,True
lstm_e16,3247,51001,16.06,0.6465038,0.7143857,0.86614114,True
lstm_e16,3248,51001,15.0,0.6666791,0.6666791,0.9188653,False
lstm_e16,3249,51001,5.53,0.9323756,0.9323756,1.0069274,True
lstm_e16,3250,51001,11.66,0.5891537,0.6505591,0.8808309,True
lstm_e16,3251,51001,7.99,0.5835267,0.5835267,0.8213606,True
lstm_e16,3252,51001,11.41,0.5218073,0.5218073,0.6466902,True
lstm_e16,3253,51001,4.79,0.79036856,0.9274989,0.9674926,True
lstm_e16,3254,51001,10.98,0.6441972,0.7047988,0.7369276,True
lstm_e16,3255,51001,8.669999,0.70485485,0.70485485,0.82230204,True
lstm_e16,3256,51001,4.6,0.758274,0.758274,0.83046776,True
lstm_e16,3257,52004,10.87,0.5940703,0.5940703,0.887093,True
lstm_e16,3258,52004,22.64,0.91944,0.91944,1.034712,True
lstm_e16,3259,52004,25.8,0.6118919,0.7266669,0.8974912,True
lstm_e16,3260,52004,27.68,0.68620574,0.68620574,0.8770244,True
lstm_e16,3261,52004,10.87,0.8547523,0.8547523,0.85211295,True
lstm_e16,3262,52004,26.89,0.5480056,0.5480056,0.878548,True
lstm_e16,3263,52004,20.86,0.6092378,0.6092378,0.8942856,True
lstm_e16,3264,52004,12.36,0.6546915,0.6546915,0.86110955,False
lstm_e16,3265,52004,10.62,0.9811186,0.9811186,1.154853,True
lstm_e16,3266,52004,15.66,0.8213872,0.8213872,0.91314626,False
lstm_e16,3267,52004,16.05,0.70710164,0.70710164,0.8915392,True
lstm_e16,3268,52004,16.15,0.7299045,0.7299045,0.95745665,False
lstm_e16,3269,52005,6.28,0.8060509,0.8060509,0.9509107,True
lstm_e16,3270,52005,20.41,0.72532976,0.72532976,0.716919,True
lstm_e16,3271,52005,19.18,0.6229807,0.6229807,0.77260864,False
lstm_e16,3272,52005,13.359999,0.6261762,0.6808623,0.9519285,False
lstm_e16,3273,52005,7.81,0.82791066,0.82791066,0.94466865,True
lstm_e16,3274,52005,17.61,0.56368387,0.5686473,0.9350946,True
lstm_e16,3275,52005,15.529999,0.4871275,0.4871275,0.8252569,True
lstm_e16,3276,52005,8.710001,0.9061329,0.9061329,0.88830525,True
lstm_e16,3277,52005,5.55,0.8015176,1.0814536,1.1423343,True
lstm_e16,3278,52005,13.359999,0.8222959,0.8222959,0.867463,True
lstm_e16,3279,52005,9.629999,0.6419255,0.65519005,0.9140927,False
lstm_e16,3280,52005,5.87,0.64361286,0.6884042,0.8707143,False
lstm_e16,3281,52006,6.88,0.6479988,0.6479988,0.88698626,False
lstm_e16,3282,52006,24.52,0.6496527,0.6496527,0.8169713,True
lstm_e16,3283,52006,16.45,0.7589392,0.7589392,0.8384792,False
lstm_e16,3284,52006,23.27,0.51834536,0.6522492,0.75460404,True
lstm_e16,3285,52006,10.17,0.69937,0.69937,0.78442395,True
lstm_e16,3286,52006,14.0,0.5811171,0.6596982,0.9007181,True
lstm_e16,3287,52006,9.47,0.6534418,0.6534418,0.97640926,True
lstm_e16,3288,52006,8.89,0.75449085,0.75449085,0.90965945,False
lstm_e16,3289,52006,9.93,0.61969113,0.7288993,0.90310305,True
lstm_e16,3290,52006,15.95,0.7426103,0.7426103,0.82329476,True
lstm_e16,3291,52006,15.13,0.56949407,0.56949407,0.7989341,False
lstm_e16,3292,52006,9.95,0.6790195,0.71082395,0.85607845,True
lstm_e16,3293,52007,11.33,0.7833894,0.7833894,0.84608775,False
lstm_e16,3294,52007,33.410004,0.6446003,0.6446003,0.7495399,True
lstm_e16,3295,52007,27.71,0.56818116,0.76897264,0.80840486,False
lstm_e16,3296,52007,35.520004,0.47904482,0.47904482,0.59725463,True
lstm_e16,3297,52007,16.91,0.7599107,0.7599107,0.7243778,True
lstm_e16,3298,52007,35.260002,0.49083114,0.49083114,0.75863904,True
lstm_e16,3299,52007,17.71,0.54471874,0.54471874,0.71312463,True
lstm_e16,3300,52007,12.19,0.95232296,0.95232296,0.85948414,True
lstm_e16,3301,52007,15.95,0.76398325,0.76398325,0.7778386,True
lstm_e16,3302,52007,24.23,0.6668555,0.70479673,0.7432192,False
lstm_e16,3303,52007,28.12,0.59280753,0.59280753,0.69828445,True
lstm_e16,3304,52007,16.05,0.71023154,0.71023154,0.77523804,True
lstm_e16,3305,52009,5.84,0.7294989,0.7294989,0.7516226,False
lstm_e16,3306,52009,9.73,0.6285905,0.82021713,0.82804006,True
lstm_e16,3307,52009,12.340001,0.80155116,0.80155116,0.8772865,True
lstm_e16,3308,52009,9.38,0.7234777,0.7735517,0.72852135,False
lstm_e16,3309,52009,7.47,0.3195447,0.3195447,0.45262074,False
lstm_e16,3310,52009,10.08,0.6911263,0.6911263,0.8514304,True
lstm_e16,3311,52009,11.05,0.6025973,0.6025973,0.6285172,True
lstm_e16,3312,52009,10.14,0.60989714,0.60989714,0.7593557,False
lstm_e16,3313,52009,4.8700004,0.37313062,0.59570074,0.6025985,False
lstm_e16,3314,52009,8.44,0.5736169,0.7351974,0.67714804,False
lstm_e16,3315,52009,12.1,0.70578957,0.70578957,0.77043015,True
lstm_e16,3316,52009,6.41,0.74090743,0.74090743,0.70267874,True
lstm_e16,3317,52010,8.4,0.6901222,0.6901222,0.89206177,False
lstm_e16,3318,52010,13.98,0.7093266,0.7093266,0.8234067,True
lstm_e16,3319,52010,18.43,0.54349655,0.5732249,0.8723194,False
lstm_e16,3320,52010,20.49,0.5471902,0.5471902,0.93667996,True
lstm_e16,3321,52010,7.14,0.44303802,0.65892947,0.81618774,False
lstm_e16,3322,52010,16.86,0.45781302,0.45781302,0.7899998,True
lstm_e16,3323,52010,22.12,0.37226817,0.37226817,0.62386614,True
lstm_e16,3324,52010,14.36,0.5179538,0.5179538,0.8194439,False
lstm_e16,3325,52010,8.58,0.52121454,0.8216023,0.76307356,True
lstm_e16,3326,52010,13.3,0.43741322,0.5190512,0.62216765,False
lstm_e16,3327,52010,19.85,0.6068416,0.6068416,0.6903381,True
lstm_e16,3328,52010,11.18,0.44978023,0.5099585,0.60837066,True
lstm_e16,3329,52011,5.54,0.90186405,0.90186405,0.9157867,False
lstm_e16,3330,52011,9.24,0.30200234,0.9273802,0.53234935,True
lstm_e16,3331,52011,10.44,0.8261699,1.3741652,1.001896,True
lstm_e16,3332,52011,10.61,0.74362105,1.0504534,0.9784552,False
lstm_e16,3333,52011,6.03,0.89489925,0.89489925,0.9847252,True
lstm_e16,3334,52011,9.91,1.2701021,1.2701021,1.0225812,True
lstm_e16,3335,52011,8.57,0.78316826,0.78316826,0.6556822,True
lstm_e16,3336,52011,9.7,0.9051799,0.9051799,0.9137427,True
lstm_e16,3337,52011,7.5900006,1.0298071,1.0298071,0.9027279,True
lstm_e16,3338,52011,9.8,0.93645036,0.9713525,0.84780675,False
lstm_e16,3339,52011,8.06,0.8639793,0.8639793,0.7980664,True
lstm_e16,3340,52011,3.96,0.91239786,0.91239786,1.1134698,True
lstm_e16,3341,52016,2.81,0.9049153,0.9049153,0.921675,True
lstm_e16,3342,52016,10.43,0.97717327,0.97717327,0.94050187,True
lstm_e16,3343,52016,13.949999,0.6630043,0.7045648,0.987652,True
lstm_e16,3344,52016,8.89,0.7045843,0.7045843,0.7559839,False
lstm_e16,3345,52016,3.89,0.794132,0.794132,0.85867673,True
lstm_e16,3346,52016,7.63,0.66443765,0.66443765,0.8768248,True
lstm_e16,3347,52016,9.75,0.39962935,0.39962935,0.52671933,True
lstm_e16,3348,52016,7.71,0.7649898,0.7649898,0.7763681,True
lstm_e16,3349,52016,4.61,0.4924156,0.5442088,0.5626713,True
lstm_e16,3350,52016,7.71,0.6897754,0.6897754,0.77686375,False
lstm_e16,3351,52016,6.06,0.5742988,0.5742988,0.6647343,False
lstm_e16,3352,52016,4.28,0.31527168,0.3656123,0.53518456,False
lstm_e16,3353,53005,6.39,0.98173636,0.98173636,1.0096334,True
lstm_e16,3354,53005,11.97,0.55873317,0.6289523,0.8151929,True
lstm_e16,3355,53005,16.19,0.6301995,0.6301995,0.80272853,False
lstm_e16,3356,53005,16.08,0.59709406,0.64381075,0.7461277,True
lstm_e16,3357,53005,7.86,0.794811,0.8311722,0.9297965,True
lstm_e16,3358,53005,17.67,0.57668024,0.57668024,0.8377923,True
lstm_e16,3359,53005,13.18,0.5661729,0.5661729,0.8456058,True
lstm_e16,3360,53005,8.67,0.7305255,0.7305255,0.95937586,False
lstm_e16,3361,53005,7.76,0.3609036,0.51262087,0.7544621,False
lstm_e16,3362,53005,13.73,0.7101025,0.7101025,0.86042726,True
lstm_e16,3363,53005,10.41,0.799261,0.799261,0.9268469,True
lstm_e16,3364,53005,5.17,0.74357486,0.74357486,0.8635817,True
lstm_e16,3365,53006,13.9,0.8297252,0.8297252,0.785404,True
lstm_e16,3366,53006,15.73,0.9914356,0.9914356,1.0455877,True
lstm_e16,3367,53006,20.06,0.7893945,0.7893945,0.9225949,True
lstm_e16,3368,53006,13.33,0.8397962,0.92579556,0.9173168,True
lstm_e16,3369,53006,7.29,0.8539063,1.0220512,0.99788666,True
lstm_e16,3370,53006,12.02,0.72663283,0.72663283,0.9921421,False
lstm_e16,3371,53006,13.280001,0.84884423,0.84884423,1.0784869,True
lstm_e16,3372,53006,11.74,0.66879964,1.1485144,0.9206281,True
lstm_e16,3373,53006,7.14,0.79872507,0.953686,1.0998559,True
lstm_e16,3374,53006,12.68,0.93032897,0.93032897,0.96908736,False
lstm_e16,3375,53006,9.74,1.0601481,1.0601481,1.0567392,False
lstm_e16,3376,53006,8.22,0.9365645,1.156235,1.1260558,True
lstm_e16,3377,53007,7.67,0.86114603,0.86114603,0.9215449,True
lstm_e16,3378,53007,15.69,0.5191759,0.5593313,0.82859147,True
lstm_e16,3379,53007,15.1,0.61446357,0.61893815,0.8647888,False
lstm_e16,3380,53007,17.46,0.57324225,0.57324225,0.91538364,False
lstm_e16,3381,53007,6.9800005,0.8129076,0.8426767,0.93470454,True
lstm_e16,3382,53007,13.949999,0.67427874,0.67427874,0.9056403,True
lstm_e16,3383,53007,14.25,0.5529186,0.5529186,0.87672126,True
lstm_e16,3384,53007,8.96,0.74625206,0.74625206,1.0049373,False
lstm_e16,3385,53007,8.78,0.42236558,0.50910383,0.79998547,False
lstm_e16,3386,53007,11.89,0.75188357,0.75188357,0.8442777,True
lstm_e16,3387,53007,10.39,0.92595446,0.92595446,1.0782878,True
lstm_e16,3388,53007,6.66,0.76097924,0.76097924,0.8271269,True
lstm_e16,3389,53008,6.99,0.7809739,0.7809739,0.9301482,True
lstm_e16,3390,53008,6.2599998,0.839208,0.92361814,0.88111234,True
lstm_e16,3391,53008,16.51,0.54795074,0.54795074,0.73154694,False
lstm_e16,3392,53008,16.0,0.56996334,0.56996334,0.70062464,True
lstm_e16,3393,53008,5.38,0.8721934,0.8721934,0.9686578,True
lstm_e16,3394,53008,8.13,0.9910811,0.9910811,0.8991226,True
lstm_e16,3395,53008,4.95,1.1189474,1.1189474,1.147863,True
lstm_e16,3396,53008,9.29,0.5881256,0.5881256,0.8900768,False
lstm_e16,3397,53008,3.67,0.8835794,0.96118253,0.9375352,False
lstm_e16,3398,53008,12.4800005,0.70352286,0.70352286,0.8681076,True
lstm_e16,3399,53008,12.88,0.5484615,0.5484615,0.7620017,True
lstm_e16,3400,53008,2.88,0.998856,1.007651,1.1065556,True
lstm_e16,3401,53009,6.76,0.83288854,0.83288854,0.8507145,True
lstm_e16,3402,53009,11.72,0.5516842,0.61439663,0.7461491,True
lstm_e16,3403,53009,12.32,0.7582053,0.8645713,0.8477892,True
lstm_e16,3404,53009,14.309999,0.7304908,0.7304908,0.7343315,True
lstm_e16,3405,53009,7.61,0.85795116,0.85795116,0.87441546,True
lstm_e16,3406,53009,14.63,0.6676898,0.6676898,0.8553601,True
lstm_e16,3407,53009,12.28,0.5861882,0.5861882,0.77309954,True
lstm_e16,3408,53009,7.91,0.78013414,0.78013414,0.9523128,False
lstm_e16,3409,53009,6.7,0.34539175,0.55508286,0.66754663,False
lstm_e16,3410,53009,12.89,0.6778656,0.6778656,0.8305369,True
lstm_e16,3411,53009,9.76,0.72686106,0.72686106,0.85245734,False
lstm_e16,3412,53009,5.27,0.6027171,0.68459576,0.7974797,False
lstm_e16,3413,53013,6.1900005,0.8186534,0.8186534,0.993102,False
lstm_e16,3414,53013,8.2,0.66070545,0.7221186,0.9107208,True
lstm_e16,3415,53013,13.13,0.6506057,0.688287,0.9599209,True
lstm_e16,3416,53013,13.75,0.6096312,0.6096312,1.0279615,False
lstm_e16,3417,53013,5.71,1.0045382,1.0086801,1.0959117,True
lstm_e16,3418,53013,8.08,0.6048286,0.73792285,0.9297341,False
lstm_e16,3419,53013,8.23,0.63184845,0.70434946,0.9043586,True
lstm_e16,3420,53013,6.6400003,0.46610805,0.596613,0.7619745,False
lstm_e16,3421,53013,6.5299997,0.4826794,0.5914566,0.84230995,False
lstm_e16,3422,53013,14.229999,0.68624747,0.68624747,0.872565,True
lstm_e16,3423,53013,10.64,0.6756708,0.6756708,0.91833377,False
lstm_e16,3424,53013,8.7,0.5866804,0.5866804,1.0077503,True
lstm_e16,3425,53018,6.11,0.86037266,0.86037266,1.0211642,False
lstm_e16,3426,53018,7.9200006,0.8890428,0.8890428,0.89806485,True
lstm_e16,3427,53018,11.64,0.83953613,0.83953613,0.89657986,True
lstm_e16,3428,53018,13.33,0.7777589,0.7777589,0.9453118,True
lstm_e16,3429,53018,6.6,0.9425688,0.9425688,1.0555605,True
lstm_e16,3430,53018,7.9699993,0.98641586,1.0480405,1.0671777,True
lstm_e16,3431,53018,6.93,0.9414757,0.9414757,1.0593017,True
lstm_e16,3432,53018,6.04,1.0043464,1.0586829,1.084189,True
lstm_e16,3433,53018,4.34,0.71042395,1.055541,1.1357393,False
lstm_e16,3434,53018,7.1400003,0.96702296,0.9985834,1.0247374,True
lstm_e16,3435,53018,3.6100001,1.0439705,1.06672,1.2017597,True
lstm_e16,3436,54001,6.72,0.5337171,0.6379945,0.68841904,True
lstm_e16,3437,54001,5.23,0.56518704,0.7783831,0.67199594,False
lstm_e16,3438,54001,7.26,0.68208766,0.8317634,0.76224005,False
lstm_e16,3439,54001,9.0,0.7271564,0.7780359,0.7966252,True
lstm_e16,3440,54001,5.03,0.65819347,0.8088178,0.7635835,False
lstm_e16,3441,54001,6.9,0.74688154,0.88466775,0.8833711,True
lstm_e16,3442,54001,4.13,0.8422109,0.8422109,0.8136142,False
lstm_e16,3443,54001,5.07,0.76718175,0.95741546,0.9020857,True
lstm_e16,3444,54001,5.54,0.5792081,0.78286684,0.6849349,False
lstm_e16,3445,54001,10.23,0.68826336,0.7846744,0.78020805,False
lstm_e16,3446,54001,9.55,0.70292634,0.8044611,0.8337789,True
lstm_e16,3447,54001,9.78,0.6251316,0.7117376,0.7072902,True
lstm_e16,3448,54002,3.46,0.9112896,0.9112896,1.0148871,True
lstm_e16,3449,54002,4.54,0.7986615,0.7986615,0.94643134,False
lstm_e16,3450,54002,10.21,0.7280607,0.7280607,0.80102205,True
lstm_e16,3451,54002,6.34,0.73487705,0.73487705,0.86674815,False
lstm_e16,3452,54002,2.83,0.97383547,0.97383547,1.0846102,True
lstm_e16,3453,54002,7.32,0.7934357,0.85243267,0.96808577,True
lstm_e16,3454,54002,3.0300002,1.060109,1.060109,1.2699565,True
lstm_e16,3455,54002,5.63,0.8585949,0.8813299,0.97148573,False
lstm_e16,3456,54002,2.54,0.93173885,1.0331385,1.1699876,True
lstm_e16,3457,54002,9.31,0.649218,0.649218,0.77751446,True
lstm_e16,3458,54002,7.2800007,0.7306961,0.74215335,0.77766865,True
lstm_e16,3459,54002,3.65,0.9732847,0.9732847,1.010034,True
lstm_e16,3460,54003,84.73,0.24122083,0.35616723,0.62780446,True
lstm_e16,3461,54003,32.45,0.6221989,0.6393532,0.8248686,True
lstm_e16,3462,54003,38.51,0.61088985,0.61088985,0.77342755,True
lstm_e16,3463,54003,29.76,0.69174546,0.76847625,0.934121,True
lstm_e16,3464,54003,18.32,0.38036454,0.5012383,0.6453156,False
lstm_e16,3465,54003,46.77,0.43528494,0.451854,0.7593535,False
lstm_e16,3466,54003,14.23,0.45317215,0.7660006,0.73821115,True
lstm_e16,3467,54003,18.48,0.44151157,0.44939148,0.56705135,False
lstm_e16,3468,54003,46.02,0.5301802,0.5301802,0.7656079,True
lstm_e16,3469,54003,54.04,0.5127683,0.54322475,0.7354285,False
lstm_e16,3470,54003,70.29,0.49072197,0.49072197,0.72454315,True
lstm_e16,3471,54003,57.55,0.59089756,0.59089756,0.8860873,True
lstm_e16,3472,54004,3.5700002,0.8749455,0.8749455,1.1059391,False
lstm_e16,3473,54004,5.9,0.79391277,0.79391277,0.99270093,False
lstm_e16,3474,54004,20.59,0.47762433,0.47762433,0.6298996,True
lstm_e16,3475,54004,6.43,0.9696233,0.9696233,0.90301424,True
lstm_e16,3476,54004,3.44,1.0286587,1.0286587,0.9378521,True
lstm_e16,3477,54004,10.2,0.69006497,0.69006497,0.84003025,False
lstm_e16,3478,54004,4.94,0.90358853,0.90358853,1.0998238,True
lstm_e16,3479,54004,8.71,0.66815525,1.0239236,0.9658934,True
lstm_e16,3480,54004,3.9700003,1.0559379,1.0559379,0.92246014,True
lstm_e16,3481,54004,7.73,0.7452791,0.7452791,0.81577945,True
lstm_e16,3482,54004,5.48,0.5668076,0.56903774,0.8069323,False
lstm_e16,3483,54005,15.47,0.7582247,0.7706218,0.8277608,True
lstm_e16,3484,54005,8.87,1.2092532,1.2092532,1.1418887,True
lstm_e16,3485,54005,10.44,0.9178581,0.97904235,0.9224983,True
lstm_e16,3486,54005,14.75,0.76321393,0.8633411,0.84185666,True
lstm_e16,3487,54005,8.55,0.8309869,1.067954,0.98437,True
lstm_e16,3488,54005,10.23,1.1916156,1.1916156,1.1580439,True
lstm_e16,3489,54005,6.32,0.90490586,1.1391495,1.0251896,True
lstm_e16,3490,54005,7.6,0.8381116,1.0370039,0.93504846,True
lstm_e16,3491,54005,9.95,0.88157445,0.94545096,0.86523575,True
lstm_e16,3492,54005,12.7,1.0629326,1.3168114,1.1219282,False
lstm_e16,3493,54005,10.66,1.5844054,1.5844054,1.4393845,True
lstm_e16,3494,54005,20.23,0.74754,0.74754,0.75572854,True
lstm_e16,3495,54007,4.04,0.7710561,0.7710561,0.98155284,False
lstm_e16,3496,54007,11.63,0.5064237,0.5064237,0.873488,True
lstm_e16,3497,54007,23.320002,0.53975475,0.53975475,0.8018427,True
lstm_e16,3498,54007,10.77,0.289862,0.397723,0.5462332,False
lstm_e16,3499,54007,4.96,0.59138405,0.59138405,0.80287707,False
lstm_e16,3500,54007,16.56,0.5395527,0.5395527,0.87558126,False
lstm_e16,3501,54007,6.380001,0.78712916,0.87506497,1.2527938,True
lstm_e16,3502,54007,15.24,0.4876105,0.5720125,0.89002305,True
lstm_e16,3503,54007,9.86,0.9626123,0.9626123,1.1988217,True
lstm_e16,3504,54007,26.5,0.43913102,0.43913102,0.78057414,True
lstm_e16,3505,54007,14.87,0.47109228,0.47109228,0.6109566,False
lstm_e16,3506,54007,11.74,0.33327016,0.34824494,0.75122887,False
lstm_e16,3507,54008,4.91,0.76121,0.76121,0.8452832,True
lstm_e16,3508,54008,10.06,0.89111066,0.89111066,0.993085,True
lstm_e16,3509,54008,11.68,0.7191671,0.7885272,0.83411205,True
lstm_e16,3510,54008,11.68,0.90908164,0.9132216,0.93529797,True
lstm_e16,3511,54008,7.34,0.872105,0.872105,0.8699105,True
lstm_e16,3512,54008,8.91,0.7545022,0.7660525,0.8838422,False
lstm_e16,3513,54008,8.6,0.5426275,0.5426275,0.5810376,True
lstm_e16,3514,54008,6.8799996,0.8931568,0.8931568,0.851127,True
lstm_e16,3515,54008,6.79,0.8632747,0.8632747,0.9409679,True
lstm_e16,3516,54008,19.32,0.9371662,0.9371662,0.87435067,True
lstm_e16,3517,54008,15.330001,0.66075486,0.66075486,0.7811338,True
lstm_e16,3518,54008,12.910001,0.67401034,0.67401034,0.7540979,True
lstm_e16,3519,54012,1.7,0.45535448,0.4985777,0.46987373,False
lstm_e16,3520,54012,3.67,1.2119566,1.2119566,1.0410907,True
lstm_e16,3521,54012,3.58,1.3229587,1.6082519,1.4265636,True
lstm_e16,3522,54012,3.13,0.9631626,0.9741789,0.9634134,False
lstm_e16,3523,54012,2.1,0.69008356,0.9575783,0.86390924,True
lstm_e16,3524,54012,2.97,1.0661819,1.0661819,0.9573747,True
lstm_e16,3525,54012,2.41,0.6477491,0.92472166,0.7449069,True
lstm_e16,3526,54012,2.49,0.9537416,0.9537416,0.8303491,False
lstm_e16,3527,54012,3.12,1.0490139,1.0972121,1.0116683,True
lstm_e16,3528,54012,4.15,1.2797931,1.4486111,1.2301016,True
lstm_e16,3529,54012,4.14,1.4704156,1.4704156,1.2642754,True
lstm_e16,3530,54012,3.18,1.0375608,1.0375608,0.89162,True
lstm_e16,3531,54015,6.89,0.6642565,0.6642565,0.6471288,True
lstm_e16,3532,54015,11.65,0.6479229,0.6479229,0.7193184,False
lstm_e16,3533,54015,40.9,0.41480395,0.41480395,0.6741201,True
lstm_e16,3534,54015,12.69,0.84165215,0.84165215,0.8700593,True
lstm_e16,3535,54015,5.87,0.61958015,0.61958015,0.7522084,False
lstm_e16,3536,54015,16.15,0.7597886,0.7597886,0.92574716,True
lstm_e16,3537,54015,7.79,1.0324441,1.0324441,0.950543,True
lstm_e16,3538,54015,42.54,0.19067754,0.19721222,0.3305055,True
lstm_e16,3539,54015,5.92,0.41167378,0.64297247,0.89452416,False
lstm_e16,3540,54015,31.3,0.49054235,0.49054235,0.58452344,False
lstm_e16,3541,54015,14.38,0.64872974,0.65085286,0.74205375,True
lstm_e16,3542,54015,9.45,1.3273674,1.3273674,1.0255075,True
lstm_e16,3543,54017,6.55,0.5183433,0.5183433,0.70895106,True
lstm_e16,3544,54017,9.77,0.4982386,0.5204832,0.6063708,False
lstm_e16,3545,54017,17.23,0.6408624,0.6408624,0.67012817,True
lstm_e16,3546,54017,13.53,0.8134999,0.8134999,0.81301075,True
lstm_e16,3547,54017,11.09,0.55214095,0.55214095,0.6392829,True
lstm_e16,3548,54017,12.87,0.80901444,0.80901444,0.6710419,True
lstm_e16,3549,54017,9.56,0.690681,0.690681,0.8234726,True
lstm_e16,3550,54017,11.63,0.3356553,0.3356553,0.45320544,False
lstm_e16,3551,54017,9.889999,0.35273203,0.5207723,0.5519432,True
lstm_e16,3552,54017,19.39,0.73140854,0.73140854,0.73644865,True
lstm_e16,3553,54017,21.73,0.4288935,0.5907487,0.6121976,True
lstm_e16,3554,54017,7.45,0.41393435,0.7404404,0.73881227,True
lstm_e16,3555,54018,2.7,0.631713,0.631713,0.7779665,False
lstm_e16,3556,54018,13.45,0.48185554,0.48185554,0.6241749,False
lstm_e16,3557,54018,9.55,0.7763744,0.7763744,0.8465356,True
lstm_e16,3558,54018,9.6,0.69439405,0.91894436,0.9437305,True
lstm_e16,3559,54018,8.07,0.55649143,0.55649143,0.66028476,True
lstm_e16,3560,54018,6.8,0.80067414,0.80067414,0.9372624,True
lstm_e16,3561,54018,7.26,0.43657357,0.6531152,0.6954115,True
lstm_e16,3562,54018,6.67,0.83140355,0.83140355,0.9445736,True
lstm_e16,3563,54018,16.81,0.8447399,0.8447399,0.8094878,True
lstm_e16,3564,54018,18.79,0.8416979,0.8416979,0.8493188,True
lstm_e16,3565,54018,14.049999,0.71797854,0.71797854,0.7867545,True
lstm_e16,3566,54018,10.98,0.8206443,0.8206443,0.79112506,True
lstm_e16,3567,54019,3.02,0.643601,1.0606922,0.97749656,True
lstm_e16,3568,54019,5.02,0.85420126,0.94773495,1.0238762,False
lstm_e16,3569,54019,9.51,0.8196239,0.8196239,1.0004117,False
lstm_e16,3570,54019,7.12,0.6180875,0.678963,0.8746775,False
lstm_e16,3571,54019,2.97,0.5792442,1.0507098,0.98623234,True
lstm_e16,3572,54019,10.79,0.44399098,0.8355499,0.9478222,True
lstm_e16,3573,54019,2.55,0.99154896,1.1529877,1.0051641,False
lstm_e16,3574,54019,6.39,0.4900972,0.8844148,0.7048997,False
lstm_e16,3575,54019,2.15,1.0819587,1.3509794,1.2268319,True
lstm_e16,3576,54019,9.08,0.67263293,0.67263293,0.8649007,False
lstm_e16,3577,54019,12.27,0.5190792,0.5190792,0.72411156,True
lstm_e16,3578,54019,3.51,0.5695188,1.0077165,1.0088539,False
lstm_e16,3579,54020,1.78,0.7707747,0.7707747,0.7335252,True
lstm_e16,3580,54020,3.5,1.0054657,1.0231481,0.97269714,True
lstm_e16,3581,54020,5.79,1.1927955,1.1927955,1.0831945,True
lstm_e16,3582,54020,5.24,0.92145556,0.92145556,0.86964357,True
lstm_e16,3583,54020,2.95,0.7537309,0.7537309,0.74398226,False
lstm_e16,3584,54020,4.73,0.8807004,0.8807004,0.80608016,True
lstm_e16,3585,54020,2.62,0.7987186,0.7987186,0.7575904,True
lstm_e16,3586,54020,4.6599994,0.82618195,0.84796596,0.88063,True
lstm_e16,3587,54020,4.45,1.1794982,1.2425286,1.1254424,True
lstm_e16,3588,54020,6.55,1.2078464,1.2078464,0.9530674,False
lstm_e16,3589,54020,6.03,1.4450127,1.4450127,1.0970541,True
lstm_e16,3590,54020,4.63,0.8732504,0.8732504,0.789189,True
lstm_e16,3591,54024,0.81999993,0.9064633,0.9064633,0.90479314,False
lstm_e16,3592,54024,2.32,0.757817,0.757817,0.9457523,True
lstm_e16,3593,54024,3.17,0.73757696,0.8845541,0.8945725,True
lstm_e16,3594,54024,3.3500001,0.6214206,0.65348786,0.7462508,False
lstm_e16,3595,54024,1.8300002,0.51039773,0.7679919,0.7679145,True
lstm_e16,3596,54024,2.76,0.4860205,0.68479687,0.7639551,True
lstm_e16,3597,54024,1.9699999,0.54114056,0.81422,0.7894178,True
lstm_e16,3598,54024,2.02,0.57772577,0.7080876,0.69688016,True
lstm_e16,3599,54024,1.34,0.8340143,1.1949301,1.0449442,True
lstm_e16,3600,54024,6.25,0.6745333,0.6745333,0.80162174,True
lstm_e16,3601,54024,4.2200003,0.6159917,0.6159917,0.7107882,True
lstm_e16,3602,54024,2.11,0.83380455,0.83380455,0.78549504,True
lstm_e16,3603,54025,19.93,0.62920535,0.62920535,0.8326512,True
lstm_e16,3604,54025,16.690002,1.0285517,1.0285517,1.061311,True
lstm_e16,3605,54025,16.690002,0.89951587,0.89951587,1.0732743,True
lstm_e16,3606,54025,17.33,0.8699559,1.2091748,1.1022841,True
lstm_e16,3607,54025,21.22,0.69794804,0.69794804,0.8442663,False
lstm_e16,3608,54025,34.85,0.66202396,0.66202396,0.92673963,True
lstm_e16,3609,54025,15.4,0.59897006,0.59897006,0.782453,True
lstm_e16,3610,54025,16.85,0.5905616,0.6532134,0.97457814,True
lstm_e16,3611,54025,23.26,0.88669413,0.88669413,0.88459665,True
lstm_e16,3612,54025,23.3,0.822492,0.822492,0.9719839,False
lstm_e16,3613,54025,23.85,0.8671813,0.8671813,0.9241334,True
lstm_e16,3614,54025,48.39,0.5654117,0.5654117,0.7682972,True
lstm_e16,3615,54027,1.66,1.0094293,1.0921093,1.0628214,True
lstm_e16,3616,54027,4.08,0.5517794,0.5517794,0.5773018,False
lstm_e16,3617,54027,7.56,0.6339656,0.6339656,0.70520943,False
lstm_e16,3618,54027,6.41,0.7335199,0.73668814,0.74280626,False
lstm_e16,3619,54027,3.13,0.87741584,0.87741584,0.8864346,True
lstm_e16,3620,54027,5.45,0.80455434,0.80455434,0.79166806,True
lstm_e16,3621,54027,1.77,0.96036917,1.0057836,1.0015032,True
lstm_e16,3622,54027,3.88,0.8178849,0.8178849,0.8823869,True
lstm_e16,3623,54027,2.08,0.64193046,0.64934164,0.89952,False
lstm_e16,3624,54027,5.75,0.716589,0.75968695,0.7332595,True
lstm_e16,3625,54027,7.52,0.54792416,0.62309974,0.6897667,False
lstm_e16,3626,54027,1.91,0.90762335,0.90762335,1.0190184,False
lstm_e16,3627,54028,32.47,0.8399164,0.8399164,0.8104847,True
lstm_e16,3628,54028,23.65,0.7421815,0.7421815,0.8900385,True
lstm_e16,3629,54028,24.4,0.643016,0.643016,0.76066154,False
lstm_e16,3630,54028,20.08,0.894747,0.894747,0.9984994,True
lstm_e16,3631,54028,13.91,0.80629796,0.80629796,1.0010031,False
lstm_e16,3632,54028,31.19,0.4756753,0.53864366,0.7878012,False
lstm_e16,3633,54028,10.97,0.8577918,0.87701464,0.9354113,True
lstm_e16,3634,54028,12.99,0.7451,0.7471956,0.8729934,False
lstm_e16,3635,54028,23.54,0.62553924,0.62553924,0.6765134,True
lstm_e16,3636,54028,37.53,0.77775615,0.77775615,0.877074,True
lstm_e16,3637,54028,45.11,0.6747026,0.6747026,0.8248806,True
lstm_e16,3638,54028,44.25,0.558263,0.558263,0.7802086,True
lstm_e16,3639,54029,4.37,0.6127586,0.84284276,0.8832228,True
lstm_e16,3640,54029,12.579999,0.7984575,0.7984575,0.9646127,True
lstm_e16,3641,54029,11.999999,0.7533553,0.7533553,0.85800856,True
lstm_e16,3642,54029,11.47,0.8211426,0.8211426,0.90151685,True
lstm_e16,3643,54029,6.76,0.90386724,0.90386724,0.8707509,True
lstm_e16,3644,54029,8.62,0.7471608,0.7488991,0.8633734,False
lstm_e16,3645,54029,10.31,0.5318304,0.5318304,0.6217684,True
lstm_e16,3646,54029,6.6400003,0.55297256,0.55297256,0.7267862,False
lstm_e16,3647,54029,5.75,1.0449376,1.0449376,1.1727916,True
lstm_e16,3648,54029,13.1,1.2939495,1.2939495,1.0849446,True
lstm_e16,3649,54029,11.18,0.80923563,0.80923563,0.88593066,True
lstm_e16,3650,54029,10.72,0.71024805,0.71024805,0.8264033,True
lstm_e16,3651,54032,4.14,0.40465504,0.65471876,0.57746875,False
lstm_e16,3652,54032,5.14,0.7333442,0.7333442,0.8572977,False
lstm_e16,3653,54032,6.05,0.98508143,0.98508143,0.95501345,False
lstm_e16,3654,54032,6.87,0.864292,0.93234634,0.93084437,True
lstm_e16,3655,54032,4.06,1.0251848,1.0251848,0.90942776,True
lstm_e16,3656,54032,4.78,1.0111756,1.0111756,1.0469397,False
lstm_e16,3657,54032,4.35,0.7402805,0.7667799,0.7782365,True
lstm_e16,3658,54032,4.16,0.8929194,1.1349719,0.9664499,True
lstm_e16,3659,54032,4.53,1.0616494,1.1620362,1.0170641,True
lstm_e16,3660,54032,6.87,1.1339717,1.1339717,1.1359854,True
lstm_e16,3661,54032,5.88,0.86165667,1.1287398,0.88622713,True
lstm_e16,3662,54032,5.86,0.8673049,1.0007117,0.8811662,True
lstm_e16,3663,54034,3.13,0.9776051,0.9776051,1.3800327,True
lstm_e16,3664,54034,30.519999,0.34268308,0.41779894,0.5839615,True
lstm_e16,3665,54034,12.95,0.7082103,0.7760015,0.9723769,False
lstm_e16,3666,54034,9.8,0.6351324,0.6351324,0.9553111,False
lstm_e16,3667,54034,4.96,0.9033318,0.9033318,1.0040712,False
lstm_e16,3668,54034,11.06,0.7431919,0.7431919,0.95361614,True
lstm_e16,3669,54034,15.16,0.54870677,0.54870677,0.81395566,True
lstm_e16,3670,54034,7.1000004,0.74652606,0.84229934,0.8964989,False
lstm_e16,3671,54034,7.29,1.1314985,1.1314985,1.1500059,True
lstm_e16,3672,54034,60.97,0.17677364,0.23726639,0.28602067,True
lstm_e16,3673,54034,11.17,0.57546353,0.57546353,0.88689107,False
lstm_e16,3674,54034,6.76,0.86643255,0.86643255,0.93961173,False
lstm_e16,3675,54036,4.7299995,0.41714144,0.41714144,0.6299174,False
lstm_e16,3676,54036,10.42,0.31578112,0.31578112,0.57260805,False
lstm_e16,3677,54036,15.82,0.53908634,0.53908634,0.78262687,False
lstm_e16,3678,54036,10.89,0.36929342,0.4000343,0.53158826,False
lstm_e16,3679,54036,5.7799997,0.6759716,0.6759716,0.776524,True
lstm_e16,3680,54036,12.47,0.52096885,0.7553824,0.73639673,True
lstm_e16,3681,54036,5.46,0.75478166,0.75478166,0.9999847,True
lstm_e16,3682,54036,6.6499996,0.41534534,0.41534534,0.67584676,False
lstm_e16,3683,54036,5.04,0.763645,0.763645,0.8911294,True
lstm_e16,3684,54036,17.96,0.48663482,0.48663482,0.7376215,True
lstm_e16,3685,54036,15.66,0.5594731,0.5594731,0.76535803,False
lstm_e16,3686,54036,4.88,0.46151513,0.523627,0.77887875,False
lstm_e16,3687,54044,2.07,0.78511333,0.78511333,0.8947826,False
lstm_e16,3688,54044,8.36,0.5742073,0.6040242,0.6489374,True
lstm_e16,3689,54044,9.9,0.34056067,0.34056067,0.5893076,False
lstm_e16,3690,54044,3.23,0.91929495,0.91929495,0.90650344,True
lstm_e16,3691,54044,2.32,0.668818,0.668818,0.82383394,False
lstm_e16,3692,54044,3.44,0.7696666,0.7696666,1.016218,True
lstm_e16,3693,54044,3.73,0.62752706,0.62752706,0.81395173,True
lstm_e16,3694,54044,2.38,0.8675663,0.9295264,0.9995626,True
lstm_e16,3695,54044,4.25,0.5915429,0.6945239,0.7409659,True
lstm_e16,3696,54044,18.29,0.45022252,0.45022252,0.5955043,True
lstm_e16,3697,54044,14.24,0.46496645,0.46496645,0.6355429,True
lstm_e16,3698,54044,2.9299998,0.65687513,0.7600212,0.825397,True
lstm_e16,3699,54052,2.96,0.27127045,0.27127045,0.4114338,False
lstm_e16,3700,54052,6.89,0.7897208,0.7897208,0.88931316,True
lstm_e16,3701,54052,8.77,0.60847944,0.60847944,0.81727314,False
lstm_e16,3702,54052,3.6999998,0.89783627,0.89783627,0.9909746,False
lstm_e16,3703,54052,3.13,0.4729532,0.4729532,0.6309184,False
lstm_e16,3704,54052,3.64,1.0204484,1.0204484,0.895492,True
lstm_e16,3705,54052,3.71,0.49571553,0.49571553,0.5273013,True
lstm_e16,3706,54052,2.92,0.85723865,0.85723865,0.89134765,True
lstm_e16,3707,54052,3.65,0.7995501,0.7995501,0.8497343,True
lstm_e16,3708,54052,18.31,0.4970269,0.4970269,0.59459925,True
lstm_e16,3709,54052,12.89,0.6689525,0.6689525,0.792542,True
lstm_e16,3710,54052,3.89,0.5762734,0.7555933,0.8278449,True
lstm_e16,3711,54057,3.12,1.0223244,1.1215764,1.1123034,True
lstm_e16,3712,54057,4.12,0.95708734,0.95708734,0.8996944,True
lstm_e16,3713,54057,5.85,0.9234655,0.9234655,0.9344236,False
lstm_e16,3714,54057,6.47,0.77637357,0.8377874,0.86126125,False
lstm_e16,3715,54057,3.51,1.0304505,1.0304505,0.9537421,True
lstm_e16,3716,54057,4.19,0.9619743,1.1886036,0.95267713,True
lstm_e16,3717,54057,3.66,0.8472659,0.8472659,0.8604202,True
lstm_e16,3718,54057,4.08,1.0708951,1.0708951,0.96313024,True
lstm_e16,3719,54057,3.73,1.1121243,1.1614048,1.0355653,True
lstm_e16,3720,54057,5.25,0.8835439,0.9103402,0.8782846,False
lstm_e16,3721,54057,4.47,0.7323219,1.056438,0.7615931,True
lstm_e16,3722,55002,14.23,0.7367772,0.7367772,0.90253025,True
lstm_e16,3723,55002,13.27,0.8433374,0.8515906,0.9192622,False
lstm_e16,3724,55002,17.2,0.80382377,0.80382377,0.92117405,True
lstm_e16,3725,55002,19.11,0.91912705,0.91912705,0.97109807,True
lstm_e16,3726,55002,14.409998,0.84892035,0.84892035,0.8540311,True
lstm_e16,3727,55002,18.019999,0.6312263,0.6312263,0.82405436,False
lstm_e16,3728,55002,10.810001,0.48123688,0.48123688,0.67514527,False
lstm_e16,3729,55002,13.550001,0.7566468,0.7566468,0.8841618,True
lstm_e16,3730,55002,15.51,0.83175945,0.83175945,0.76992613,True
lstm_e16,3731,55002,27.0,0.49622586,1.0079461,0.86317617,True
lstm_e16,3732,55002,26.32,0.6194367,0.6530677,0.78167653,True
lstm_e16,3733,55007,19.05,0.5923834,0.74597067,0.8798136,True
lstm_e16,3734,55007,21.14,0.72723776,0.72723776,0.90497863,True
lstm_e16,3735,55007,24.77,0.62837744,0.6977725,0.9660816,True
lstm_e16,3736,55007,24.37,0.8358728,0.8358728,1.0126433,True
lstm_e16,3737,55007,18.04,0.9184878,0.9184878,0.8552506,True
lstm_e16,3738,55007,31.1,0.47842976,0.5548549,0.8115115,True
lstm_e16,3739,55007,16.16,0.39460808,0.4897317,0.67395365,False
lstm_e16,3740,55007,19.79,0.47560218,0.6609171,0.91912735,True
lstm_e16,3741,55007,24.84,0.9246722,0.9246722,0.86284906,True
lstm_e16,3742,55007,35.01,0.95232433,0.95232433,0.9287953,True
lstm_e16,3743,55007,37.09,0.7449447,0.7449447,0.836194,True
lstm_e16,3744,55007,35.41,0.70297074,0.70297074,0.8661106,True
lstm_e16,3745,55008,82.36,1.2535523,1.2535523,1.2241037,True
lstm_e16,3746,55008,79.9,0.83351725,0.83351725,1.0410271,True
lstm_e16,3747,55008,35.79,0.56175876,0.8108965,0.8125574,False
lstm_e16,3748,55008,71.68,0.7380281,0.7380281,0.94521403,True
lstm_e16,3749,55008,69.12,0.41183364,0.41183364,0.6338476,False
lstm_e16,3750,55008,51.370003,0.8281876,0.8281876,0.828851,True
lstm_e16,3751,55008,51.96,0.56649506,0.56649506,0.6031121,False
lstm_e16,3752,55008,67.84,0.5275868,0.5275868,0.71759725,False
lstm_e16,3753,55008,74.11,0.88982,0.88982,0.79680765,True
lstm_e16,3754,55013,17.500002,0.4145525,0.4145525,0.6624961,True
lstm_e16,3755,55013,14.34,0.5766379,0.7783397,0.81134796,True
lstm_e16,3756,55013,16.06,0.7094772,0.7094772,0.86533636,True
lstm_e16,3757,55013,17.500002,0.8922755,0.8922755,1.0287479,True
lstm_e16,3758,55013,10.29,0.9174548,0.9174548,0.910815,True
lstm_e16,3759,55013,12.01,0.8477603,0.9106197,0.9282593,True
lstm_e16,3760,55013,12.28,0.45507157,0.45507157,0.73124695,True
lstm_e16,3761,55013,8.85,0.64365965,0.73930025,0.82219326,False
lstm_e16,3762,55013,8.3,0.68850255,0.68850255,0.9158488,False
lstm_e16,3763,55013,17.84,0.83728147,0.83728147,0.88698024,False
lstm_e16,3764,55013,16.68,0.8579095,0.8579095,0.9335471,True
lstm_e16,3765,55013,15.5,0.821735,0.821735,0.91267526,True
lstm_e16,3766,55014,9.68,0.43560442,0.43560442,0.6526632,True
lstm_e16,3767,55014,8.36,0.85417783,0.85417783,0.82595026,True
lstm_e16,3768,55014,11.56,0.7526056,0.84403217,0.8498062,True
lstm_e16,3769,55014,21.71,0.5645919,0.636062,0.7169056,True
lstm_e16,3770,55014,8.7,0.7159051,0.7159051,0.7433124,True
lstm_e16,3771,55014,12.37,0.63748217,0.68178207,0.73170763,True
lstm_e16,3772,55014,7.64,0.39104292,0.45356447,0.58935535,False
lstm_e16,3773,55014,8.449999,0.63308275,0.63308275,0.6912971,True
lstm_e16,3774,55014,7.76,0.4796854,0.4796854,0.6595045,False
lstm_e16,3775,55014,30.24,0.53429097,0.53429097,0.62072486,True
lstm_e16,3776,55014,22.95,0.44605562,0.44605562,0.60679233,True
lstm_e16,3777,55014,19.71,0.5074627,0.5074627,0.5351672,True
lstm_e16,3778,55016,13.46,0.5077885,0.5077885,0.71402794,False
lstm_e16,3779,55016,22.8,0.43289676,0.43289676,0.6957668,False
lstm_e16,3780,55016,17.14,0.6727807,0.6727807,0.8596662,False
lstm_e16,3781,55016,21.95,0.5685159,0.66212744,0.9205177,False
lstm_e16,3782,55016,14.73,0.9714213,0.9714213,0.8849593,True
lstm_e16,3783,55016,21.25,0.50635487,0.5269004,0.8017144,False
lstm_e16,3784,55016,17.72,0.32954627,0.33091077,0.57366276,False
lstm_e16,3785,55016,16.730001,0.49485803,0.5984058,0.84889686,False
lstm_e16,3786,55016,26.96,0.5140477,0.5140477,0.48783445,True
lstm_e16,3787,55016,29.85,0.7473633,0.7473633,0.8171615,True
lstm_e16,3788,55016,31.049997,0.7497191,0.7497191,0.8564172,True
lstm_e16,3789,55018,3.87,0.97953004,0.97953004,1.0474719,True
lstm_e16,3790,55018,12.01,0.7414823,0.7414823,1.0407208,True
lstm_e16,3791,55018,13.04,0.64833236,0.64833236,0.8598361,True
lstm_e16,3792,55018,9.91,0.60587376,0.60587376,0.8195303,False
lstm_e16,3793,55018,4.85,0.9253969,0.9253969,1.1118355,True
lstm_e16,3794,55018,10.03,0.59230804,0.59230804,0.9808284,False
lstm_e16,3795,55018,8.25,0.750342,0.750342,0.91087383,True
lstm_e16,3796,55018,11.85,0.35465723,0.55104214,0.67136204,True
lstm_e16,3797,55018,2.81,1.1593205,1.4824663,1.5934483,False
lstm_e16,3798,55018,14.3,0.7654244,0.7654244,1.0922925,False
lstm_e16,3799,55018,13.71,0.40731993,0.41522965,0.71536547,False
lstm_e16,3800,55018,4.42,0.7741779,0.8899045,1.4176905,True
lstm_e16,3801,55021,5.31,0.93507695,0.93507695,1.0623186,True
lstm_e16,3802,55021,8.71,0.54335254,0.64945406,0.73717535,False
lstm_e16,3803,55021,10.2,0.82837296,0.82837296,0.8624163,True
lstm_e16,3804,55021,13.529999,0.73894423,0.7861523,0.8836379,True
lstm_e16,3805,55021,6.61,0.9638517,0.9638517,0.9037105,True
lstm_e16,3806,55021,8.15,0.83548075,0.83548075,0.8467517,False
lstm_e16,3807,55021,5.41,0.83772105,0.83772105,0.8903291,True
lstm_e16,3808,55021,6.66,0.8084473,0.8084473,0.8329572,False
lstm_e16,3809,55021,4.75,0.88470006,0.88470006,0.9334639,False
lstm_e16,3810,55021,16.72,0.9474528,0.9474528,0.8162775,True
lstm_e16,3811,55021,12.11,0.7182694,0.7645883,0.8450306,True
lstm_e16,3812,55021,12.09,0.60241115,0.6769976,0.7381602,True
lstm_e16,3813,55023,8.37,0.8506391,0.8506391,0.97585946,True
lstm_e16,3814,55023,8.28,1.060056,1.060056,0.9768511,True
lstm_e16,3815,55023,11.7,0.7677064,0.82882994,0.9459335,True
lstm_e16,3816,55023,12.93,0.84238195,0.8791905,0.86750084,True
lstm_e16,3817,55023,8.8,0.9283163,0.9283163,0.949251,True
lstm_e16,3818,55023,9.309999,1.0887705,1.0887705,0.977692,True
lstm_e16,3819,55023,6.11,0.9186072,0.9186072,1.0892084,True
lstm_e16,3820,55023,6.82,0.9708014,0.9708014,1.0105785,False
lstm_e16,3821,55023,7.87,0.75557685,0.8136332,0.77976793,False
lstm_e16,3822,55023,17.53,0.59034127,0.94511014,0.8811497,True
lstm_e16,3823,55023,13.47,0.6672179,0.78355104,0.82952756,True
lstm_e16,3824,55023,11.55,0.6927227,0.83917344,0.91762257,True
lstm_e16,3825,55025,11.289999,0.5033121,0.5033121,0.84607416,True
lstm_e16,3826,55025,14.83,0.77218336,0.976826,0.87617695,True
lstm_e16,3827,55025,16.02,0.6382601,0.6382601,0.9433446,True
lstm_e16,3828,55025,23.7,0.41725254,0.60961103,0.8334209,False
lstm_e16,3829,55025,12.469999,0.48578417,0.77354205,0.8384317,True
lstm_e16,3830,55025,17.79,0.6995216,0.6995216,0.9378145,True
lstm_e16,3831,55025,8.73,0.6495473,0.6495473,1.0790077,True
lstm_e16,3832,55025,9.52,0.4971406,0.5424503,0.906378,False
lstm_e16,3833,55025,9.26,0.67697644,0.67697644,0.7791827,True
lstm_e16,3834,55025,40.89,0.34971935,0.49968725,0.74072254,True
lstm_e16,3835,55025,18.71,0.61275816,0.61275816,0.831017,False
lstm_e16,3836,55025,16.15,0.63133097,0.63133097,0.8939899,True
lstm_e16,3837,55026,38.95,0.54381865,0.54381865,0.81735086,True
lstm_e16,3838,55026,57.22,0.46089795,0.46089795,0.6811598,True
lstm_e16,3839,55026,37.3,0.67903054,0.67903054,1.0361742,True
lstm_e16,3840,55026,24.399998,0.8150128,0.8448767,1.0250815,False
lstm_e16,3841,55026,36.29,0.6523631,0.6523631,0.8398314,True
lstm_e16,3842,55026,59.23,0.49986935,0.49986935,0.7879894,True
lstm_e16,3843,55026,34.23,0.42016613,0.42016613,0.6259051,True
lstm_e16,3844,55026,27.759998,0.4735023,0.5625086,0.8965013,True
lstm_e16,3845,55026,37.0,0.7316971,0.7316971,0.7362128,True
lstm_e16,3846,55026,32.88,0.6092677,0.6288258,0.84419,False
lstm_e16,3847,55026,40.26,0.76726377,0.76726377,0.8450718,True
lstm_e16,3848,55026,58.73,0.55994123,0.55994123,0.7678611,True
lstm_e16,3849,55029,7.13,0.65781844,0.65781844,0.84904444,False
lstm_e16,3850,55029,22.900002,0.61810416,0.79247326,0.89000595,True
lstm_e16,3851,55029,22.73,0.65709454,0.65709454,0.8695757,True
lstm_e16,3852,55029,27.01,0.4905175,0.60884786,0.88230133,False
lstm_e16,3853,55029,12.0,0.6009548,0.6009548,0.7416298,False
lstm_e16,3854,55029,18.45,0.5979744,1.0368265,0.952778,True
lstm_e16,3855,55029,22.1,0.4844919,0.4844919,0.90188754,True
lstm_e16,3856,55029,12.240001,0.68448365,0.68448365,0.9475427,False
lstm_e16,3857,55029,12.56,0.39383408,0.45438424,0.6644665,False
lstm_e16,3858,55029,37.97,0.6556777,0.6556777,0.83362746,False
lstm_e16,3859,55029,28.96,0.50111353,0.50111353,0.79700524,False
lstm_e16,3860,55029,11.12,0.5532666,0.6671934,0.91834414,False
lstm_e16,3861,55032,32.21,0.48149005,0.57168883,0.7305714,True
lstm_e16,3862,55032,45.37,0.20394236,0.24991938,0.44076002,False
lstm_e16,3863,55032,36.62,0.5948913,0.5948913,0.9380067,True
lstm_e16,3864,55032,30.65,0.7692709,0.7692709,0.9820867,True
lstm_e16,3865,55032,27.5,0.5623002,0.5623002,0.66948164,False
lstm_e16,3866,55032,49.36,0.44021896,0.44021896,0.7705951,True
lstm_e16,3867,55032,41.37,0.22750846,0.2588721,0.48051837,True
lstm_e16,3868,55032,29.57,0.3918117,0.54104674,0.86882466,True
lstm_e16,3869,55032,29.1,0.59363055,0.7523957,0.764988,True
lstm_e16,3870,55032,37.33,0.5933005,0.7795727,0.7943019,True
lstm_e16,3871,55032,39.87,0.81331307,0.81331307,0.8760255,True
lstm_e16,3872,55032,44.76,0.62323743,0.62323743,0.8252041,True
lstm_e16,3873,56001,13.25,0.9259158,0.9259158,0.9814604,True
lstm_e16,3874,56001,21.67,0.57178015,0.57178015,0.89940417,False
lstm_e16,3875,56001,25.35,0.6558078,0.6558078,0.8448203,False
lstm_e16,3876,56001,30.46,0.60422194,0.8737199,0.9018886,True
lstm_e16,3877,56001,23.08,0.84459364,0.84459364,0.91523516,True
lstm_e16,3878,56001,22.8,0.80832887,0.80832887,0.88598627,False
lstm_e16,3879,56001,13.53,0.5848429,0.5848429,0.93656325,True
lstm_e16,3880,56001,13.06,0.80786127,0.80786127,1.0006926,True
lstm_e16,3881,56001,33.96,0.7024719,0.7024719,0.84762985,True
lstm_e16,3882,56001,46.74,0.8311651,0.8311651,0.8909524,True
lstm_e16,3883,56001,42.95,0.6879525,0.6879525,0.89016455,True
lstm_e16,3884,56001,24.88,0.7000241,0.7000241,0.8880218,True
lstm_e16,3885,56007,32.78,0.6100953,0.6100953,0.71375,False
lstm_e16,3886,56007,32.51,1.0137612,1.0137612,1.0515419,False
lstm_e16,3887,56007,48.36,0.9974536,0.9974536,0.9950333,True
lstm_e16,3888,56007,54.63,0.81909645,0.81909645,0.95365465,False
lstm_e16,3889,56007,32.199997,0.8773046,0.8773046,0.95184296,True
lstm_e16,3890,56007,59.11,0.94403917,0.94403917,0.8412157,True
lstm_e16,3891,56007,23.150002,0.6770011,0.6770011,0.95563847,False
lstm_e16,3892,56007,44.37,0.80355364,0.80355364,0.81590873,True
lstm_e16,3893,56007,101.2,0.6092357,0.6092357,0.92254627,True
lstm_e16,3894,56007,80.6,1.0404613,1.0404613,1.0213666,True
lstm_e16,3895,56007,61.79,1.0056378,1.0056378,0.9815691,True
lstm_e16,3896,56007,46.12,0.7330143,0.7330143,0.91026694,False
lstm_e16,3897,56013,18.22,0.6460456,0.7084759,0.9195133,True
lstm_e16,3898,56013,15.91,0.62182415,0.7502508,0.9232895,False
lstm_e16,3899,56013,27.059998,0.72178155,0.72178155,1.0027637,True
lstm_e16,3900,56013,26.379997,0.7409402,0.7409402,1.0434836,False
lstm_e16,3901,56013,17.809998,0.67095107,0.82507974,0.845563,True
lstm_e16,3902,56013,28.009998,0.53703296,0.56816113,0.7734382,False
lstm_e16,3903,56013,18.489998,0.46697104,0.46697104,0.7490772,True
lstm_e16,3904,56013,19.849998,0.47300386,0.47300386,0.66071486,False
lstm_e16,3905,56013,34.400005,0.59763277,0.69744474,0.85219,True
lstm_e16,3906,56013,36.58,0.8772702,0.8772702,1.0684981,True
lstm_e16,3907,56013,33.040005,0.73143864,0.73143864,0.92203784,True
lstm_e16,3908,56013,31.279999,0.6873131,0.6873131,1.0159291,True
lstm_e16,3909,57004,26.45,1.104556,1.104556,1.0190417,True
lstm_e16,3910,57004,36.13,0.45887887,0.6108408,0.8143172,True
lstm_e16,3911,57004,40.12,0.78077704,0.78077704,0.830105,False
lstm_e16,3912,57004,55.44,0.6394746,0.6394746,0.8480595,True
lstm_e16,3913,57004,28.87,0.7181286,0.7686503,0.79498774,True
lstm_e16,3914,57004,45.18,0.75375193,0.75375193,0.8417383,True
lstm_e16,3915,57004,16.619999,0.58091503,0.58091503,0.8177335,False
lstm_e16,3916,57004,34.47,0.5649194,0.5649194,0.6808823,True
lstm_e16,3917,57004,64.77,0.57266414,0.57266414,0.7627848,True
lstm_e16,3918,57004,77.63,0.75776416,0.75776416,0.8524452,True
lstm_e16,3919,57004,60.499996,0.7614137,0.7614137,0.8681762,True
lstm_e16,3920,57004,40.67,0.61820954,0.61820954,0.78962344,True
lstm_e16,3921,57005,33.09,0.8388704,0.8388704,0.87629145,True
lstm_e16,3922,57005,37.68,0.49822527,0.51114416,0.77814716,False
lstm_e16,3923,57005,46.48,0.64431024,0.64431024,0.86939895,False
lstm_e16,3924,57005,48.969997,0.5932794,0.60291106,0.8723489,True
lstm_e16,3925,57005,26.4,0.7036471,0.8528384,0.79809576,True
lstm_e16,3926,57005,46.670002,0.60010844,0.60010844,0.787246,False
lstm_e16,3927,57005,18.1,0.5849058,0.5849058,0.83773416,False
lstm_e16,3928,57005,33.86,0.53974754,0.53974754,0.70893824,True
lstm_e16,3929,57005,54.71,0.52768725,0.6498355,0.8161316,True
lstm_e16,3930,57005,81.68,0.6404318,0.6404318,0.78555226,True
lstm_e16,3931,57005,58.91,0.72504807,0.72504807,0.7923566,True
lstm_e16,3932,57005,44.57,0.559634,0.559634,0.77541405,True
lstm_e16,3933,57006,50.65,0.85390973,0.85390973,0.8870834,True
lstm_e16,3934,57006,45.85,0.84640205,0.84640205,0.83094966,True
lstm_e16,3935,57006,72.27,0.71031857,0.71031857,0.88334733,True
lstm_e16,3936,57006,47.28,0.7171707,0.7171707,0.934193,True
lstm_e16,3937,57006,40.64,0.6354903,0.6354903,0.8053465,True
lstm_e16,3938,57006,67.05,0.6379581,0.6379581,0.77961296,True
lstm_e16,3939,57006,26.59,0.51936716,0.6197836,0.6970282,True
lstm_e16,3940,57006,53.59,0.6652219,0.6652219,0.8052488,True
lstm_e16,3941,57006,68.15,0.6500707,0.6500707,0.8542033,False
lstm_e16,3942,57006,90.86,0.77187824,0.77187824,0.854359,True
lstm_e16,3943,57006,73.03,0.5735318,0.5735318,0.72305864,False
lstm_e16,3944,57006,56.62,0.53287053,0.53287053,0.73146516,True
lstm_e16,3945,57007,23.58,0.819922,0.819922,0.8599459,True
lstm_e16,3946,57007,35.03,0.4188818,0.49202055,0.74262196,True
lstm_e16,3947,57007,40.92,0.6415966,0.6415966,0.755121,True
lstm_e16,3948,57007,50.81,0.54052156,0.54052156,0.81366223,True
lstm_e16,3949,57007,29.11,0.5968165,0.6739516,0.7505623,True
lstm_e16,3950,57007,37.4,0.5900819,0.5900819,0.69001245,False
lstm_e16,3951,57007,12.17,0.8899503,0.8899503,0.7614644,True
lstm_e16,3952,57007,22.55,0.6061271,0.6061271,0.6957176,True
lstm_e16,3953,57007,53.49,0.41267955,0.5494819,0.7081812,True
lstm_e16,3954,57007,95.83,0.5064124,0.5064124,0.6135762,True
lstm_e16,3955,57007,61.06,0.5001474,0.5001474,0.6245294,True
lstm_e16,3956,57007,46.35,0.4877555,0.4877555,0.68320477,True
lstm_e16,3957,57008,20.060001,0.7849124,0.7849124,0.8418487,True
lstm_e16,3958,57008,23.46,0.5082113,0.55433446,0.80574274,False
lstm_e16,3959,57008,30.440002,0.6010558,0.6010558,0.812111,False
lstm_e16,3960,57008,30.909996,0.67080456,0.67080456,0.86658376,True
lstm_e16,3961,57008,18.57,0.71409875,0.71409875,0.8293364,False
lstm_e16,3962,57008,27.560001,0.71224284,0.71224284,0.78828907,False
lstm_e16,3963,57008,15.22,0.65865034,0.65865034,0.8728195,True
lstm_e16,3964,57008,13.55,0.53295547,0.53295547,0.68386084,False
lstm_e16,3965,57008,21.93,1.0591213,1.0591213,0.9197948,True
lstm_e16,3966,57008,36.5,0.9898009,0.9898009,0.9468208,True
lstm_e16,3967,57008,31.559998,0.7606959,0.7606959,0.8511753,True
lstm_e16,3968,57008,21.32,0.6387178,0.6387178,0.8034018,False
lstm_e16,3969,58001,54.46,0.6271273,0.7227363,0.78416115,True
lstm_e16,3970,58001,23.04,0.5528228,0.5897163,0.76779383,False
lstm_e16,3971,58001,76.28,0.48555422,0.48555422,0.78815645,True
lstm_e16,3972,58001,20.24,0.67787296,0.7208162,0.82237774,False
lstm_e16,3973,58001,25.67,0.6296453,0.6296453,0.7526134,False
lstm_e16,3974,58001,32.83,0.5531552,0.5531552,0.6834092,False
lstm_e16,3975,58001,24.08,0.503762,0.503762,0.6320824,True
lstm_e16,3976,58001,24.6,0.6194692,0.6194692,0.8008594,False
lstm_e16,3977,58001,33.54,0.73005325,0.73005325,0.8168867,False
lstm_e16,3978,58001,48.88,0.6718952,0.6718952,0.82731974,True
lstm_e16,3979,58001,40.85,0.49329636,0.49329636,0.7287838,False
lstm_e16,3980,58001,28.46,0.5847828,0.5847828,0.684073,False
lstm_e16,3981,58006,45.15,0.463088,0.52949834,0.75081384,True
lstm_e16,3982,58006,30.860003,0.42467654,1.0490048,0.81098026,True
lstm_e16,3983,58006,62.690002,0.69660336,0.69660336,0.87948996,True
lstm_e16,3984,58006,52.61,0.68961114,0.68961114,0.91616017,False
lstm_e16,3985,58006,35.89,0.63689446,0.63689446,0.77298355,True
lstm_e16,3986,58006,57.200005,0.75917363,0.75917363,0.7235721,True
lstm_e16,3987,58006,23.03,0.5270037,0.87039995,0.7419793,True
lstm_e16,3988,58006,47.990005,0.7372034,0.7372034,0.7321463,True
lstm_e16,3989,58006,99.33,0.67946804,0.67946804,0.8010549,True
lstm_e16,3990,58006,107.729996,0.70587844,0.70587844,0.7771627,True
lstm_e16,3991,58006,57.990005,0.7269061,0.87097704,0.8510646,True
lstm_e16,3992,58006,52.53,0.5251946,0.5251946,0.7340913,False
lstm_e16,3993,58008,47.93,0.89942443,0.89942443,1.0148535,True
lstm_e16,3994,58008,35.02,0.5753256,0.5756303,0.7617417,False
lstm_e16,3995,58008,64.02,0.7283384,0.7283384,0.9175272,True
lstm_e16,3996,58008,52.17,0.6769054,0.6769054,0.8382311,True
lstm_e16,3997,58008,33.869995,0.71772856,0.71772856,0.79850966,True
lstm_e16,3998,58008,48.57,0.7322151,0.7322151,0.7870634,True
lstm_e16,3999,58008,31.539997,0.6096793,0.6096793,0.7446533,True
lstm_e16,4000,58008,42.5,0.64971834,0.64971834,0.73450214,True
lstm_e16,4001,58008,56.12,0.78970045,0.78970045,0.91612864,False
lstm_e16,4002,58008,90.07,0.6956935,0.6956935,0.80740285,True
lstm_e16,4003,58008,69.55,0.6445952,0.6445952,0.81135267,False
lstm_e16,4004,58008,41.74,0.6930845,0.6930845,0.8193749,False
lstm_e16,4005,58009,27.04,0.6799302,0.84097147,0.8942845,True
lstm_e16,4006,58009,11.24,0.9603677,0.9603677,1.023479,False
lstm_e16,4007,58009,41.38,0.56389546,0.56389546,0.90664834,True
lstm_e16,4008,58009,14.75,0.72586125,0.72586125,0.98938423,False
lstm_e16,4009,58009,15.160001,0.71178126,0.78028774,1.0501777,False
lstm_e16,4010,58009,20.35,0.8036233,0.8036233,0.9153912,True
lstm_e16,4011,58009,19.97,0.64368516,0.66700256,0.924488,True
lstm_e16,4012,58009,20.21,0.5986534,0.5986534,0.99139065,False
lstm_e16,4013,58009,20.25,0.82315373,0.82315373,0.9192679,False
lstm_e16,4014,58009,35.75,0.7049187,0.7049187,0.93605614,True
lstm_e16,4015,58009,26.3,0.6275839,0.6275839,0.8097177,True
lstm_e16,4016,58009,16.97,0.7418687,0.7418687,0.9038424,False
lstm_e16,4017,59001,47.52,0.77901417,0.77901417,1.008209,True
lstm_e16,4018,59001,35.95,0.66200787,0.66200787,0.69579995,False
lstm_e16,4019,59001,68.91,0.5871869,0.5871869,0.8258779,True
lstm_e16,4020,59001,60.78,0.5953865,0.5953865,0.80996436,True
lstm_e16,4021,59001,33.62,0.6427115,0.70840645,0.8445749,True
lstm_e16,4022,59001,59.22,0.62991256,0.62991256,0.7380368,True
lstm_e16,4023,59001,35.69,0.46963853,0.46963853,0.6393639,False
lstm_e16,4024,59001,51.62,0.5302498,0.5302498,0.6735304,True
lstm_e16,4025,59001,92.35,0.5474338,0.5474338,0.7583124,True
lstm_e16,4026,59001,90.71,0.6698217,0.6698217,0.83763754,True
lstm_e16,4027,59001,80.08,0.43995163,0.43995163,0.66745585,False
lstm_e16,4028,59001,50.94,0.6338463,0.6338463,0.80279684,False
lstm_e16,4029,60002,23.77,0.6858439,0.7942527,0.92174006,True
lstm_e16,4030,60002,20.21,0.73144156,0.73144156,0.90614635,False
lstm_e16,4031,60002,30.77,0.58270633,0.58270633,0.8284794,True
lstm_e16,4032,60002,36.99,0.49893454,0.5939759,0.8680308,True
lstm_e16,4033,60002,24.95,0.6211591,0.7383832,0.8597436,True
lstm_e16,4034,60002,69.33,0.41489312,0.41489312,0.7025479,True
lstm_e16,4035,60002,17.62,0.54820055,0.7359955,0.771162,True
lstm_e16,4036,60002,33.81,0.41128218,0.41128218,0.5690695,True
lstm_e16,4037,60002,78.73001,0.5906328,0.5906328,0.66438866,True
lstm_e16,4038,60002,49.52,0.5408171,0.6133233,0.74549735,True
lstm_e16,4039,60002,63.72,0.58386195,0.58386195,0.7401194,False
lstm_e16,4040,60002,35.81,0.46720457,0.46720457,0.6963183,False
lstm_e16,4041,60003,19.66,0.8236958,0.8236958,0.99186337,True
lstm_e16,4042,60003,16.22,0.28808692,0.28808692,0.6638539,False
lstm_e16,4043,60003,27.72,0.6331844,0.6331844,0.9428878,True
lstm_e16,4044,60003,26.73,0.6058084,0.6058084,0.90662855,False
lstm_e16,4045,60003,24.42,0.6345142,0.6345142,0.8242353,False
lstm_e16,4046,60003,28.04,0.663207,0.6871051,0.8924456,True
lstm_e16,4047,60003,20.91,0.4680415,0.4680415,0.71163344,False
lstm_e16,4048,60003,21.89,0.48669508,0.51962095,0.95959854,False
lstm_e16,4049,60003,30.81,0.56448054,0.56448054,0.7121932,False
lstm_e16,4050,60003,24.87,0.5001048,0.5001048,0.69851947,False
lstm_e16,4051,60003,31.02,0.95689833,0.95689833,1.0189482,True
lstm_e16,4052,60003,26.91,0.6992857,0.7483097,0.71787226,True
lstm_e16,4053,60005,25.55,0.6240776,0.7594672,0.86555886,True
lstm_e16,4054,60005,25.510002,0.5902143,0.6498694,0.8563507,True
lstm_e16,4055,60005,45.07,0.4872498,0.4872498,0.8118852,True
lstm_e16,4056,60005,31.4,0.51233816,0.572058,0.86416596,False
lstm_e16,4057,60005,18.15,0.8233537,0.90844977,0.9842264,True
lstm_e16,4058,60005,21.28,0.71912456,0.87457675,0.91758317,True
lstm_e16,4059,60005,10.55,0.61495167,0.882767,0.8864784,True
lstm_e16,4060,60005,38.72,0.54512346,0.54512346,0.7039206,True
lstm_e16,4061,60005,45.179996,0.5222051,0.90032595,0.89299077,True
lstm_e16,4062,60005,45.210003,0.75368345,0.75368345,0.9839946,True
lstm_e16,4063,60005,54.46,0.7129895,0.7129895,0.9377035,True
lstm_e16,4064,60005,24.26,0.72020197,0.72020197,0.9870956,True
lstm_e16,4065,60006,17.07,0.70232725,0.8364097,0.8573946,False
lstm_e16,4066,60006,16.42,1.0100785,1.0100785,1.012792,True
lstm_e16,4067,60006,23.38,0.7098195,0.7098195,0.96499175,False
lstm_e16,4068,60006,31.27,0.6503013,0.6503013,1.011364,False
lstm_e16,4069,60006,20.63,0.7573257,0.7573257,0.8931129,True
lstm_e16,4070,60006,39.61,0.68681824,0.68681824,0.9547728,True
lstm_e16,4071,60006,21.28,0.6072595,0.6072595,0.87042266,True
lstm_e16,4072,60006,17.84,0.76752234,0.76752234,0.81200624,False
lstm_e16,4073,60006,59.48,0.69863623,0.69863623,0.7364925,True
lstm_e16,4074,60006,44.09,0.6576371,0.6576371,0.8081836,True
lstm_e16,4075,60006,53.84,0.6794236,0.6794236,0.78467244,True
lstm_e16,4076,60006,30.51,0.8826997,0.8826997,0.8199019,True
lstm_e16,4077,60010,19.65,0.86046237,0.86046237,0.90352476,True
lstm_e16,4078,60010,17.95,0.77172965,0.77172965,0.93289685,True
lstm_e16,4079,60010,26.12,0.6444474,0.6444474,0.84583294,False
lstm_e16,4080,60010,24.25,0.5303109,0.66977227,0.7560254,False
lstm_e16,4081,60010,20.86,0.7834746,0.7834746,0.86008006,True
lstm_e16,4082,60010,35.41,0.4685267,0.6066237,0.7304274,True
lstm_e16,4083,60010,12.57,0.6560864,0.6560864,0.8294953,False
lstm_e16,4084,60010,24.52,0.5039182,0.5039182,0.62477314,True
lstm_e16,4085,60010,67.97,0.5189648,0.5189648,0.7030764,True
lstm_e16,4086,60010,52.4,0.58919317,0.58919317,0.7363599,True
lstm_e16,4087,60010,57.3,0.534483,0.534483,0.68239146,True
lstm_e16,4088,60010,21.82,0.54568106,0.6380134,0.7375687,False
lstm_e16,4089,61002,24.89,0.63317674,0.63317674,0.8463989,True
lstm_e16,4090,61002,18.85,0.68680173,0.68680173,1.0716122,True
lstm_e16,4091,61002,34.29,0.48272917,0.48272917,0.8276058,True
lstm_e16,4092,61002,23.5,0.5881931,0.6064858,0.9391711,False
lstm_e16,4093,61002,23.46,0.91759825,0.91759825,1.0061004,True
lstm_e16,4094,61002,30.77,0.64379627,0.64379627,0.8831076,True
lstm_e16,4095,61002,23.87,0.5285336,0.5285336,0.87877935,False
lstm_e16,4096,61002,23.14,0.49342516,0.49342516,0.9114547,False
lstm_e16,4097,61002,26.71,0.6912022,0.7982102,0.79582584,True
lstm_e16,4098,61002,24.22,0.9289837,0.9289837,0.99577606,True
lstm_e16,4099,61002,38.63,0.665858,0.665858,0.8011829,True
lstm_e16,4100,61002,20.1,0.5621397,0.9550548,0.9140433,True
lstm_e16,4101,62001,17.1,0.9421015,0.9421015,0.97705466,True
lstm_e16,4102,62001,10.93,0.8191501,1.0195205,1.0999916,False
lstm_e16,4103,62001,20.7,0.72576857,0.72576857,0.91166013,True
lstm_e16,4104,62001,21.33,0.86314124,0.86314124,0.7958494,True
lstm_e16,4105,62001,16.89,0.9191382,0.9191382,0.9471333,True
lstm_e16,4106,62001,22.77,0.826137,0.826137,0.76988876,True
lstm_e16,4107,62001,16.410002,0.7522062,0.7522062,0.8509521,True
lstm_e16,4108,62001,13.21,0.61494404,1.0044569,0.9743569,True
lstm_e16,4109,62001,57.410004,0.5057422,0.5057422,0.62158555,True
lstm_e16,4110,62001,29.35,0.9439864,0.9439864,0.869019,True
lstm_e16,4111,62001,44.39,0.71028763,0.71028763,0.79615605,True
lstm_e16,4112,62001,21.84,0.7825636,0.7825636,0.80190015,True
lstm_e16,4113,63001,46.48,0.55644494,0.55644494,0.75608027,True
lstm_e16,4114,63001,57.4,0.6700495,0.6700495,0.6933776,True
lstm_e16,4115,63001,43.83,0.5755306,0.5755306,0.81050783,True
lstm_e16,4116,63001,23.97,0.6210174,0.6210174,0.8522956,False
lstm_e16,4117,63001,25.9,0.6219983,0.6219983,0.7058012,True
lstm_e16,4118,63001,37.94,0.5636539,0.5636539,0.7875381,True
lstm_e16,4119,63001,30.19,0.4220539,0.4220539,0.5635729,False
lstm_e16,4120,63001,34.37,0.4601886,0.4860194,0.8373236,False
lstm_e16,4121,63001,38.99,0.6206533,0.6206533,0.7349675,True
lstm_e16,4122,63001,31.16,0.68122506,0.76421624,0.7800827,True
lstm_e16,4123,63001,52.32,0.6624857,0.6624857,0.786912,True
lstm_e16,4124,63001,32.51,0.5956363,0.5956363,0.81199384,True
lstm_e16,4125,64002,65.090004,0.58073837,0.58073837,0.838612,True
lstm_e16,4126,64002,74.51,0.615992,0.615992,0.60689396,True
lstm_e16,4127,64002,46.91,0.6469975,0.6469975,0.90161157,True
lstm_e16,4128,64002,18.43,0.80580914,1.0871474,1.011254,False
lstm_e16,4129,64002,21.61,0.87556124,0.87556124,1.0009243,False
lstm_e16,4130,64002,42.84,0.71661294,0.7441197,1.0502594,False
lstm_e16,4131,64002,21.61,0.7210371,0.7210371,0.92790383,False
lstm_e16,4132,64002,59.750004,0.46360004,0.46360004,0.58345115,False
lstm_e16,4133,64002,31.190002,0.98429155,0.98429155,1.2358325,False
lstm_e16,4134,64002,54.79,0.3817777,0.4677655,0.64245874,False
lstm_e16,4135,64002,83.61,0.7055613,0.75356907,0.9825147,True
lstm_e16,4136,64002,54.14,0.58227366,0.58227366,0.86207247,True
lstm_e16,4137,65001,77.81,0.8090776,0.8090776,0.90624434,True
lstm_e16,4138,65001,71.22,0.7594917,0.7594917,0.8850789,True
lstm_e16,4139,65001,55.77,1.453425,1.453425,1.1678029,True
lstm_e16,4140,65001,40.34,0.80625695,0.80625695,0.748519,False
lstm_e16,4141,65001,76.85,0.58414394,0.58414394,0.8815936,True
lstm_e16,4142,65001,123.99,0.73477525,0.73477525,1.0018477,False
lstm_e16,4143,65001,74.56,0.6979057,0.6979057,0.8951852,True
lstm_e16,4144,65001,106.77999,0.72247183,0.72247183,0.8274812,True
lstm_e16,4145,65001,98.24,0.65338016,0.65338016,0.93814725,True
lstm_e16,4146,65001,138.46,0.6717277,0.6717277,0.89864516,True
lstm_e16,4147,65001,97.56,1.0870136,1.0870136,0.981336,True
lstm_e16,4148,65001,96.4,0.8241848,0.8241848,0.90678793,True
lstm_e16,4149,65005,17.17,0.45554766,0.4974074,1.109483,False
lstm_e16,4150,65005,29.94,0.47353742,0.47353742,0.7172925,True
lstm_e16,4151,65005,31.81,0.49664342,0.5874336,0.75931,True
lstm_e16,4152,65005,22.16,0.5631368,0.5631368,0.8860063,False
lstm_e16,4153,65005,19.4,0.8294296,0.8294296,0.9185189,False
lstm_e16,4154,65005,35.77,0.55311054,0.7606754,0.7528268,True
lstm_e16,4155,65005,25.0,0.35483506,0.4618551,0.6128346,False
lstm_e16,4156,65005,45.38,0.61272895,0.61272895,0.751292,True
lstm_e16,4157,65005,21.82,1.0247914,1.3949796,1.6405705,True
lstm_e16,4158,65005,28.96,0.5488181,0.5488181,0.82104266,False
lstm_e16,4159,65005,33.15,0.66812825,0.76327044,0.8339039,True
lstm_e16,4160,65005,40.61,0.7148396,1.234791,1.0806276,True
lstm_e16,4161,65008,126.16,0.5811954,0.5811954,0.8415689,False
lstm_e16,4162,65008,144.65,0.4799094,0.4799094,0.6464635,False
lstm_e16,4163,65008,127.5,0.95465595,0.95465595,0.9264174,True
lstm_e16,4164,65008,94.96,0.61242217,0.61242217,0.92490816,False
lstm_e16,4165,65008,109.35,0.52748597,0.52748597,0.73077136,True
lstm_e16,4166,65008,244.38,0.5690584,0.5690584,0.6852409,True
lstm_e16,4167,65008,118.47,0.70842874,0.70842874,0.86645323,True
lstm_e16,4168,65008,171.17,0.80293125,0.80293125,0.984227,True
lstm_e16,4169,65008,113.03,0.82927823,0.82927823,0.82607573,False
lstm_e16,4170,65008,230.91,0.74580663,0.74580663,0.9454391,True
lstm_e16,4171,65008,207.65,0.57333153,0.57333153,0.7382171,False
lstm_e16,4172,65008,150.17,0.5377708,0.6959265,0.84788156,False
lstm_e16,4173,66001,10.46,0.55612904,0.55612904,0.636052,True
lstm_e16,4174,66001,10.12,0.91091174,0.91091174,0.8941858,True
lstm_e16,4175,66001,18.96,0.753721,0.753721,0.8379006,True
lstm_e16,4176,66001,11.85,0.69564396,0.69564396,0.7659528,True
lstm_e16,4177,66001,5.62,0.80862,0.80862,0.77208215,True
lstm_e16,4178,66001,15.739999,0.6615303,0.6615303,0.7208097,True
lstm_e16,4179,66001,6.54,0.93839586,0.93839586,0.84556174,True
lstm_e16,4180,66001,7.37,0.8251004,1.0409396,0.90938306,True
lstm_e16,4181,66001,12.7,0.62371546,0.97534263,0.7198723,True
lstm_e16,4182,66001,12.32,1.3066067,1.3066067,1.0502539,True
lstm_e16,4183,66001,12.28,1.2949158,1.2949158,1.1547738,True
lstm_e16,4184,66001,10.38,0.763717,0.763717,0.8142756,True
lstm_e16,4185,66004,1.58,0.75829005,0.75829005,0.7866259,False
lstm_e16,4186,66004,5.16,0.55295694,0.64095896,0.68286467,False
lstm_e16,4187,66004,8.12,0.6475759,0.78630024,0.8104003,True
lstm_e16,4188,66004,2.83,1.2102739,1.2102739,1.1186508,True
lstm_e16,4189,66004,1.57,0.87427276,0.87427276,0.8407967,False
lstm_e16,4190,66004,5.77,0.74752474,0.8072175,0.8155434,True
lstm_e16,4191,66004,4.36,0.56702507,0.62047005,0.66845113,True
lstm_e16,4192,66004,3.2600002,0.8618119,0.9272794,0.87668175,False
lstm_e16,4193,66004,9.2,0.8193011,0.8193011,0.71159,True
lstm_e16,4194,66004,4.03,1.0323313,1.1688997,1.1854149,True
lstm_e16,4195,66004,8.49,0.7910939,0.9186714,0.88287425,True
lstm_e16,4196,66004,3.29,1.0231608,1.0231608,0.9973649,True
lstm_e16,4197,66011,106.34,0.7309488,0.7309488,0.90316993,True
lstm_e16,4198,66011,39.76,0.46757257,0.46757257,0.79044986,False
lstm_e16,4199,66011,43.95,1.1906574,1.1906574,1.062584,True
lstm_e16,4200,66011,37.6,0.69223446,0.69223446,1.0603464,False
lstm_e16,4201,66011,45.78,0.57227874,0.57227874,0.8351513,False
lstm_e16,4202,66011,94.02,0.65903294,0.65903294,0.93058604,False
lstm_e16,4203,66011,28.43,0.55766314,0.8119721,0.84138674,False
lstm_e16,4204,66011,71.26,0.6303711,0.6303711,0.7992001,True
lstm_e16,4205,66011,114.31,0.4309838,0.4309838,0.67820096,True
lstm_e16,4206,66011,78.04,0.62361413,0.67228454,0.92010593,False
lstm_e16,4207,66011,81.29,0.6449581,0.6449581,0.8978345,False
lstm_e16,4208,66011,60.56,0.79608554,0.79608554,0.9045708,True
lstm_e16,4209,67001,43.72,0.69549274,0.69549274,0.7622152,True
lstm_e16,4210,67001,18.92,0.8509152,0.9094168,0.8998902,True
lstm_e16,4211,67001,27.149998,0.7110289,0.85247123,0.812377,True
lstm_e16,4212,67001,19.88,0.8002928,1.0117165,0.9792155,False
lstm_e16,4213,67001,18.18,1.0708659,1.0708659,1.051121,True
lstm_e16,4214,67001,36.26,0.95018315,0.95018315,0.9563086,True
lstm_e16,4215,67001,12.45,1.034185,1.034185,0.98788154,True
lstm_e16,4216,67001,17.22,1.0607185,1.0607185,0.98007125,True
lstm_e16,4217,67001,38.099995,0.54563314,0.6597746,0.84723085,True
lstm_e16,4218,67001,32.94,0.9492429,0.95803183,1.0100745,True
lstm_e16,4219,67001,37.87,0.9357078,0.9357078,1.0965937,True
lstm_e16,4220,67001,23.82,0.77643746,0.77643746,0.8968953,False
lstm_e16,4221,67006,51.75,0.35933965,0.35933965,0.5877933,True
lstm_e16,4222,67006,15.75,0.76208526,0.7752202,1.0341457,True
lstm_e16,4223,67006,25.120003,0.93021435,0.93021435,0.91892743,True
lstm_e16,4224,67006,17.29,0.8334884,0.8334884,0.9077112,False
lstm_e16,4225,67006,11.75,0.72583395,0.7448706,1.1123251,False
lstm_e16,4226,67006,39.83,0.7278625,0.7278625,0.79786634,True
lstm_e16,4227,67006,11.52,0.56269926,0.856078,0.85946304,True
lstm_e16,4228,67006,11.73,0.5640154,0.63856107,0.8077966,False
lstm_e16,4229,67006,38.98,0.48198012,0.48198012,0.74910474,True
lstm_e16,4230,67006,31.7,0.6681113,0.6681113,0.88146544,False
lstm_e16,4231,67006,41.43,0.73231494,0.73231494,0.87296927,True
lstm_e16,4232,67006,25.06,0.6734131,0.6734131,0.85528564,True
lstm_e16,4233,67008,4.29,0.40892133,0.43375677,0.6643587,False
lstm_e16,4234,67008,9.69,0.7816137,0.9396235,0.9056111,True
lstm_e16,4235,67008,9.27,0.80323315,0.9538644,0.8337658,True
lstm_e16,4236,67008,6.66,0.8104699,0.8104699,0.93221027,False
lstm_e16,4237,67008,3.23,0.6596081,0.6596081,0.8038275,False
lstm_e16,4238,67008,7.05,0.8565286,0.8565286,0.8039225,True
lstm_e16,4239,67008,4.59,0.82168055,0.82168055,0.77331054,True
lstm_e16,4240,67008,6.65,0.65524876,0.65524876,0.83528566,True
lstm_e16,4241,67008,11.03,1.1487345,1.1487345,0.8485673,True
lstm_e16,4242,67008,8.79,0.9623789,0.9623789,0.8881144,True
lstm_e16,4243,67008,11.95,1.0519251,1.0519251,0.9222756,True
lstm_e16,4244,67008,5.7,0.8140679,0.8140679,0.8895666,True
lstm_e16,4245,67015,31.61,0.6434705,0.6434705,0.70776725,True
lstm_e16,4246,67015,13.190001,0.9324581,0.9324581,0.996583,True
lstm_e16,4247,67015,18.59,0.78542435,0.78542435,0.8493477,True
lstm_e16,4248,67015,17.47,0.95484614,0.95484614,0.8502065,True
lstm_e16,4249,67015,11.31,0.9145615,0.9145615,0.8426375,True
lstm_e16,4250,67015,23.55,0.9907887,0.9907887,0.876991,True
lstm_e16,4251,67015,8.33,0.96110415,1.0186118,0.9427197,True
lstm_e16,4252,67015,8.42,0.8835165,1.0170053,1.00836,True
lstm_e16,4253,67015,22.3,0.62154776,0.62154776,0.7444943,True
lstm_e16,4254,67015,27.11,0.88781893,0.88781893,0.8617644,True
lstm_e16,4255,67015,35.79,0.8674604,0.8674604,0.873187,True
lstm_e16,4256,67015,18.28,0.81717783,0.81717783,0.85367095,True
lstm_e16,4257,67018,107.2,0.76518,0.76518,0.8685365,True
lstm_e16,4258,67018,52.57,0.5696941,0.5696941,0.6467667,True
lstm_e16,4259,67018,52.25,0.75474393,0.75474393,0.94740325,True
lstm_e16,4260,67018,40.58,0.9510448,0.9510448,0.8904111,True
lstm_e16,4261,67018,57.85,0.62575436,0.62575436,0.8325818,True
lstm_e16,4262,67018,69.36,0.7183896,0.7183896,0.7101625,False
lstm_e16,4263,67018,33.38,0.69888896,0.69888896,0.8635223,True
lstm_e16,4264,67018,55.78,0.84061867,0.84061867,0.9504109,True
lstm_e16,4265,67018,73.87,0.58663476,0.58663476,0.7526815,False
lstm_e16,4266,67018,72.79,0.76066655,0.76066655,0.9226869,False
lstm_e16,4267,67018,76.19,1.0927515,1.0927515,1.0328664,True
lstm_e16,4268,67018,64.87001,0.80656236,0.80656236,0.9270699,True
lstm_e16,4269,68001,3.23,0.64161104,0.64161104,0.70984745,False
lstm_e16,4270,68001,8.52,0.97634405,0.97634405,0.92537177,True
lstm_e16,4271,68001,7.6599994,0.76367724,0.76367724,0.8884392,False
lstm_e16,4272,68001,4.2,0.7869083,0.83892107,0.8099544,True
lstm_e16,4273,68001,3.34,0.6136627,0.6136627,0.6387502,False
lstm_e16,4274,68001,4.64,0.771177,0.8896199,0.8157468,True
lstm_e16,4275,68001,4.24,0.77482224,0.77482224,0.6895209,True
lstm_e16,4276,68001,5.8,0.8068751,0.8068751,0.8008187,True
lstm_e16,4277,68001,8.63,1.0027816,1.0027816,0.995487,True
lstm_e16,4278,68001,11.04,0.9825522,0.9825522,0.9113767,True
lstm_e16,4279,68001,11.16,0.8397,0.97868556,0.95688736,True
lstm_e16,4280,68001,5.48,0.68012977,0.68012977,0.7131454,True
lstm_e16,4281,68003,8.94,0.7282562,0.7282562,0.77819574,True
lstm_e16,4282,68003,11.19,0.77031595,0.77031595,0.8169817,True
lstm_e16,4283,68003,9.3,0.80625653,0.80625653,0.9025302,True
lstm_e16,4284,68003,5.32,0.87651736,0.87651736,0.95430875,True
lstm_e16,4285,68003,6.93,0.6368708,0.6368708,0.8850005,False
lstm_e16,4286,68003,6.64,0.7181343,0.7181343,0.7409613,False
lstm_e16,4287,68003,7.6799994,0.5744175,0.62312937,0.69628793,True
lstm_e16,4288,68003,7.01,0.59999555,0.72998244,0.7673394,True
lstm_e16,4289,68003,12.51,0.70942885,0.70942885,0.6700461,True
lstm_e16,4290,68003,20.84,0.73493636,0.73493636,0.7331154,True
lstm_e16,4291,68003,21.22,0.60818076,0.6428436,0.72055227,True
lstm_e16,4292,68003,10.38,0.6542683,0.6542683,0.72375095,False
lstm_e16,4293,68004,4.89,0.48401237,0.48401237,0.7941037,False
lstm_e16,4294,68004,8.45,0.5955811,0.5955811,0.77155435,False
lstm_e16,4295,68004,9.59,0.5689609,0.62097293,0.7953096,True
lstm_e16,4296,68004,4.81,0.5339267,0.5445197,0.7393176,False
lstm_e16,4297,68004,3.82,0.45398805,0.45398805,0.53615814,False
lstm_e16,4298,68004,7.73,0.35514653,0.38467225,0.6053914,False
lstm_e16,4299,68004,3.57,0.62266195,0.62266195,0.7745752,False
lstm_e16,4300,68004,6.0,0.18912828,0.22682661,0.3947987,False
lstm_e16,4301,68004,13.9,0.5632024,0.5632024,0.5130882,True
lstm_e16,4302,68004,20.75,0.56881684,0.56881684,0.5227641,True
lstm_e16,4303,68004,20.25,0.5140537,0.5140537,0.5260026,True
lstm_e16,4304,68004,8.06,0.46238878,0.46238878,0.5490991,True
lstm_e16,4305,68005,3.68,0.2851153,0.2851153,0.37907097,False
lstm_e16,4306,68005,7.5899997,0.97041917,0.97041917,0.7791729,True
lstm_e16,4307,68005,8.32,0.66710216,0.66710216,0.69657063,True
lstm_e16,4308,68005,6.05,0.51390785,0.51390785,0.5761497,False
lstm_e16,4309,68005,4.06,0.55855244,0.55855244,0.54010004,True
lstm_e16,4310,68005,6.41,0.6235942,0.6235942,0.5683268,True
lstm_e16,4311,68005,4.85,0.58424073,0.58424073,0.5305222,True
lstm_e16,4312,68005,5.46,0.6741394,0.7086944,0.6930725,True
lstm_e16,4313,68005,7.8,0.9297203,0.9297203,0.8001631,True
lstm_e16,4314,68005,17.17,0.6368951,0.6368951,0.6359609,True
lstm_e16,4315,68005,15.8,0.5702381,0.66689074,0.72587705,True
lstm_e16,4316,68005,5.41,0.43843612,0.5740001,0.5793629,True
lstm_e16,4317,69002,21.91,0.8075054,0.8075054,1.0269176,True
lstm_e16,4318,69002,42.87,0.6248938,0.6248938,0.944202,False
lstm_e16,4319,69002,23.16,0.59296983,0.6392955,0.86481005,False
lstm_e16,4320,69002,15.65,0.7502117,0.7502117,1.0887018,True
lstm_e16,4321,69002,18.62,0.88836676,0.88836676,1.0160894,True
lstm_e16,4322,69002,74.43,0.61151105,0.61151105,0.8327222,True
lstm_e16,4323,69002,14.54,0.8898211,0.8898211,1.024044,False
lstm_e16,4324,69002,18.26,0.70698804,0.70951736,0.9263701,True
lstm_e16,4325,69002,37.94,0.5367397,0.5367397,0.8153324,False
lstm_e16,4326,69002,42.7,0.66641873,0.66641873,0.929717,True
lstm_e16,4327,69002,45.0,0.83407617,0.83407617,0.95363164,True
lstm_e16,4328,69002,30.46,0.770375,0.770375,0.9781371,True
lstm_e16,4329,69015,34.58,0.5945123,0.5945123,0.82704777,True
lstm_e16,4330,69015,22.899998,0.60571504,0.60571504,0.75673646,True
lstm_e16,4331,69015,16.6,0.5932023,0.5932023,0.81362754,False
lstm_e16,4332,69015,13.01,0.65820915,0.68169475,0.91387355,False
lstm_e16,4333,69015,21.980003,0.72677803,0.72677803,0.733253,True
lstm_e16,4334,69015,17.869999,0.63214344,0.63214344,0.7996737,False
lstm_e16,4335,69015,28.23,0.39468026,0.41844752,0.6026429,True
lstm_e16,4336,69015,14.120001,0.80768675,0.80768675,0.791186,True
lstm_e16,4337,69015,21.61,0.8202531,0.8202531,0.9195243,True
lstm_e16,4338,69015,21.09,0.9972199,0.9972199,0.9853323,True
lstm_e16,4339,69015,27.439999,1.0200689,1.0200689,1.0841641,True
lstm_e16,4340,69015,31.11,0.91695243,0.91695243,1.0498796,True
lstm_e16,4341,69027,29.17,0.64985836,0.64985836,0.8823529,True
lstm_e16,4342,69027,23.55,0.75274986,0.75274986,0.8914479,True
lstm_e16,4343,69027,18.23,0.6760376,0.6760376,0.9399408,True
lstm_e16,4344,69027,11.42,0.78342324,0.78342324,1.2002224,False
lstm_e16,4345,69027,20.65,0.77187324,0.77187324,0.8399613,True
lstm_e16,4346,69027,30.06,0.63405675,0.63405675,0.8904947,True
lstm_e16,4347,69027,16.47,0.6793126,0.6793126,0.8337723,False
lstm_e16,4348,69027,35.99,0.6119418,0.6119418,0.79087305,False
lstm_e16,4349,69027,28.69,0.67301494,0.67301494,0.9055734,False
lstm_e16,4350,69027,40.07,0.80303556,0.80303556,1.0088419,True
lstm_e16,4351,69027,32.439995,0.8231125,0.8231125,1.0250664,True
lstm_e16,4352,71001,32.15,0.5880631,0.5880631,0.9583474,True
lstm_e16,4353,71001,42.57,0.5928984,0.68718374,0.9713958,False
lstm_e16,4354,71001,25.29,0.72671926,0.72671926,1.0244998,True
lstm_e16,4355,71001,17.36,0.6772481,0.6772481,0.9883311,True
lstm_e16,4356,71001,22.120003,0.7389429,0.7389429,0.97429496,True
lstm_e16,4357,71001,57.059998,0.96895206,0.96895206,1.0518483,True
lstm_e16,4358,71001,24.380001,0.64625764,0.9054819,0.889714,True
lstm_e16,4359,71001,23.93,0.7102531,0.7102531,0.91102034,True
lstm_e16,4360,71001,40.19,0.5603892,0.5603892,0.78923786,False
lstm_e16,4361,71001,50.89,0.8481814,0.8481814,1.0447656,True
lstm_e16,4362,71001,38.86,0.79192454,1.0037992,1.0371041,True
lstm_e16,4363,71001,32.98,0.7727637,0.7727637,0.94487923,True
lstm_e16,4364,71004,27.76,0.6664345,0.6664345,0.98255163,False
lstm_e16,4365,71004,50.62,0.6217838,0.6217838,0.9150719,False
lstm_e16,4366,71004,21.69,0.7625012,0.7625012,0.99183774,True
lstm_e16,4367,71004,12.25,0.8476779,0.8476779,1.1357245,True
lstm_e16,4368,71004,24.63,0.816173,0.816173,0.99406034,True
lstm_e16,4369,71004,67.5,0.7517858,0.7517858,0.8884551,True
lstm_e16,4370,71004,21.69,0.5118236,0.8918737,0.7834757,True
lstm_e16,4371,71004,21.53,0.61040044,0.6583388,0.81501913,True
lstm_e16,4372,71004,35.0,0.5613006,0.5613006,0.7839705,False
lstm_e16,4373,71004,48.2,0.77435887,0.77435887,0.92196274,True
lstm_e16,4374,71004,27.93,0.88482344,0.9537844,0.99332964,True
lstm_e16,4375,71004,29.86,0.81887406,0.81887406,0.93249214,True
lstm_e16,4376,71006,36.89,0.6517898,0.6517898,0.9089086,True
lstm_e16,4377,71006,39.41,0.7786833,0.7786833,0.9360175,False
lstm_e16,4378,71006,24.01,0.778832,0.778832,1.0491606,False
lstm_e16,4379,71006,15.93,0.68960375,0.7430621,0.98986185,False
lstm_e16,4380,71006,24.57,0.710558,0.710558,0.96784186,True
lstm_e16,4381,71006,45.2,0.92210525,0.92210525,0.9947939,False
lstm_e16,4382,71006,26.01,0.5743628,0.76769733,0.8729588,True
lstm_e16,4383,71006,23.2,0.77205116,0.77205116,0.8857646,True
lstm_e16,4384,71006,39.29,0.65846777,0.65846777,0.8236115,False
lstm_e16,4385,71006,41.83,1.0875591,1.0875591,1.2394363,True
lstm_e16,4386,71006,36.39,0.9585779,0.9869224,1.1519125,False
lstm_e16,4387,71006,29.8,0.99950004,0.99950004,1.068136,True
lstm_e16,4388,72002,31.15,0.538596,0.538596,0.8111455,True
lstm_e16,4389,72002,41.35,0.90079755,0.90079755,0.81147265,True
lstm_e16,4390,72002,29.07,0.51124996,0.51124996,0.76454276,True
lstm_e16,4391,72002,14.96,0.59092623,0.59092623,0.90013367,True
lstm_e16,4392,72002,15.34,0.43943435,0.47026235,0.7800194,False
lstm_e16,4393,72002,47.34,0.8638324,0.8638324,0.8582441,True
lstm_e16,4394,72002,19.57,0.62791806,0.62791806,0.7215327,True
lstm_e16,4395,72002,34.72,0.6764784,0.6764784,0.72479576,True
lstm_e16,4396,72002,37.97,0.5641615,0.66414744,0.7130814,True
lstm_e16,4397,72002,26.590002,1.3732765,1.3732765,1.3082782,True
lstm_e16,4398,72002,30.89,1.129482,1.2911539,1.3110312,True
lstm_e16,4399,72002,28.660002,0.9441388,0.9441388,0.9572193,True
lstm_e16,4400,72004,55.5,0.684815,0.684815,0.89744383,True
lstm_e16,4401,72004,42.61,1.0311273,1.0311273,1.1834246,True
lstm_e16,4402,72004,27.710001,0.79230285,0.79230285,1.09031,True
lstm_e16,4403,72004,19.29,0.7707724,0.9981,1.0562032,True
lstm_e16,4404,72004,30.07,0.5901241,0.5901241,0.891014,False
lstm_e16,4405,72004,126.26,0.6572544,0.6572544,0.8788536,True
lstm_e16,4406,72004,27.36,0.56253797,0.6497924,0.9021696,True
lstm_e16,4407,72004,54.89,0.7254607,0.7254607,0.91196257,True
lstm_e16,4408,72004,43.99,0.50136334,0.50136334,0.7490646,False
lstm_e16,4409,72004,51.430004,1.0217024,1.0217024,1.3231864,True
lstm_e16,4410,72004,44.72,0.7770656,0.7770656,0.9383878,False
lstm_e16,4411,72004,38.27,0.83013844,0.83013844,1.0770687,True
lstm_e16,4412,72005,87.49,0.6795448,0.6795448,0.8055279,True
lstm_e16,4413,72005,55.57,0.43521336,0.43521336,0.6735538,False
lstm_e16,4414,72005,37.91,0.7329238,0.7329238,0.9257934,False
lstm_e16,4415,72005,39.8,0.7074455,0.7358354,0.9839388,True
lstm_e16,4416,72005,45.72,0.60262847,0.60262847,0.8052855,True
lstm_e16,4417,72005,180.5,0.62185305,0.62185305,0.8941343,True
lstm_e16,4418,72005,36.26,0.5274464,0.5274464,0.7721209,True
lstm_e16,4419,72005,75.67,0.6968263,0.6968263,0.8846526,True
lstm_e16,4420,72005,50.959995,1.0816661,1.0816661,1.086681,True
lstm_e16,4421,72005,59.19,1.0216057,1.0216057,0.9891189,True
lstm_e16,4422,72005,73.3,0.84846246,0.84846246,0.8941534,True
lstm_e16,4423,72005,51.0,0.82558554,0.82558554,1.1324484,True
lstm_e16,4424,73005,53.74,0.73603916,0.73603916,0.8279323,True
lstm_e16,4425,73005,34.52,0.5192474,0.5192474,0.8331772,False
lstm_e16,4426,73005,29.03,0.8733542,0.8733542,1.0237557,True
lstm_e16,4427,73005,27.319998,0.6882686,0.7206207,0.8855824,True
lstm_e16,4428,73005,32.97,0.6851985,0.6851985,0.8144373,False
lstm_e16,4429,73005,159.17,0.55788314,0.55788314,0.7742071,True
lstm_e16,4430,73005,23.49,0.58552825,0.58552825,0.81593186,False
lstm_e16,4431,73005,59.029995,0.7553272,0.7553272,0.95225793,True
lstm_e16,4432,73005,48.77,0.8666551,0.8666551,0.9551092,True
lstm_e16,4433,73005,42.22,0.90377766,0.90377766,0.92782104,True
lstm_e16,4434,73005,53.41,0.73268723,0.73268723,0.9548111,True
lstm_e16,4435,73010,28.77,0.97697127,0.97697127,0.9482598,True
lstm_e16,4436,73010,22.919998,1.0298083,1.0629823,1.0263053,True
lstm_e16,4437,73010,23.629997,0.8764403,0.8764403,0.9174288,True
lstm_e16,4438,73010,21.369999,0.9813728,0.9813728,1.0078716,True
lstm_e16,4439,73010,32.87,0.8149574,0.8310658,0.8720913,True
lstm_e16,4440,73010,61.78,0.7695418,0.7695418,0.88924026,True
lstm_e16,4441,73010,19.53,1.0652006,1.0652006,1.0021466,True
lstm_e16,4442,73010,22.57,0.9701627,0.9701627,0.921252,True
lstm_e16,4443,73010,26.989998,0.83147264,0.8526943,0.8838408,False
lstm_e16,4444,73010,34.76,0.9246809,0.9246809,0.9608063,True
lstm_e16,4445,73010,30.419998,0.8554022,0.8554022,0.8937807,True
lstm_e16,4446,73010,40.91,0.8005364,0.8703312,0.91300535,True
lstm_e16,4447,73011,56.34,0.71669626,0.71669626,0.79983795,True
lstm_e16,4448,73011,34.78,0.48421562,0.48421562,0.7577,False
lstm_e16,4449,73011,33.28,0.6428974,0.6428974,0.82425636,False
lstm_e16,4450,73011,29.420002,0.66106474,0.66106474,0.85482943,True
lstm_e16,4451,73011,30.79,0.604993,0.6901111,0.84735924,False
lstm_e16,4452,73011,133.48,0.65903664,0.65903664,0.86607236,True
lstm_e16,4453,73011,22.55,0.5914775,0.5914775,0.80676,False
lstm_e16,4454,73011,66.15,0.6575196,0.6575196,0.8441554,True
lstm_e16,4455,73011,49.3,0.8684469,0.8684469,0.93694615,True
lstm_e16,4456,73011,47.36,0.88714427,0.88714427,0.88097936,True
lstm_e16,4457,73011,42.88,0.93248,0.93248,0.95778143,True
lstm_e16,4458,73011,44.61,0.7292639,0.7292639,0.9767777,True
lstm_e16,4459,74001,65.16,0.81267935,0.81267935,0.99869215,True
lstm_e16,4460,74001,91.92,0.7883201,0.7883201,1.0800569,True
lstm_e16,4461,74001,40.84,0.7933554,0.7933554,0.9994156,True
lstm_e16,4462,74001,42.16,0.9667297,0.9667297,0.9286912,True
lstm_e16,4463,74001,36.58,0.7005539,0.7005539,0.9100951,False
lstm_e16,4464,74001,66.79,0.7192145,0.88629717,0.9804987,True
lstm_e16,4465,74001,39.22,0.90111357,0.90111357,1.007299,False
lstm_e16,4466,74001,57.26,0.87558633,0.87558633,0.9376871,False
lstm_e16,4467,74001,71.64,0.9825627,0.9825627,1.0984032,True
lstm_e16,4468,74001,48.59,1.1835017,1.1835017,1.1457318,True
lstm_e16,4469,74001,63.969997,0.8240485,0.8240485,0.9857151,True
lstm_e16,4470,74001,116.44001,0.81221455,0.8249232,1.1637312,True
lstm_e16,4471,74006,45.87,0.67201716,0.67201716,0.9619339,True
lstm_e16,4472,74006,72.25,0.7077001,0.7077001,0.9189748,True
lstm_e16,4473,74006,37.01,0.803099,0.803099,0.8705145,True
lstm_e16,4474,74006,53.55,0.8203964,0.8203964,0.8786319,True
lstm_e16,4475,74006,36.03,0.5965035,0.5965035,0.9416475,False
lstm_e16,4476,74006,48.63,0.7771988,0.7771988,0.94605875,True
lstm_e16,4477,74006,34.25,0.5561536,0.5561536,0.76296544,False
lstm_e16,4478,74006,49.41,0.7234303,0.7234303,0.9725268,True
lstm_e16,4479,74006,51.78,0.64981353,0.64981353,0.84316474,False
lstm_e16,4480,74006,36.81,0.64864373,0.64864373,0.9202771,False
lstm_e16,4481,74006,44.69,0.696592,0.696592,0.8637309,False
lstm_e16,4482,74006,69.97,0.79138595,0.81397223,1.0673915,True
lstm_e16,4483,75003,25.3,0.95102733,0.95102733,0.950071,True
lstm_e16,4484,75003,29.08,0.90207666,0.90207666,0.9334276,True
lstm_e16,4485,75003,22.6,0.85791594,0.85791594,0.8543084,True
lstm_e16,4486,75003,26.27,0.9226592,0.9226592,0.9243433,True
lstm_e16,4487,75003,24.51,0.964243,1.0055568,1.0376612,True
lstm_e16,4488,75003,81.32,0.54770786,0.560712,0.7194928,True
lstm_e16,4489,75003,15.7,1.0241348,1.0241348,1.0463165,True
lstm_e16,4490,75003,21.31,0.9587491,0.9587491,0.9375613,True
lstm_e16,4491,75003,22.24,0.7765779,0.8007638,0.82266986,False
lstm_e16,4492,75003,31.41,0.99992365,0.99992365,0.98852646,True
lstm_e16,4493,75003,27.44,0.9329771,0.9329771,0.89836943,True
lstm_e16,4494,75003,34.56,0.8661907,0.8661907,0.96407133,True
lstm_e16,4495,75004,36.83,0.7656585,0.7656585,0.9482842,True
lstm_e16,4496,75004,46.32,0.8171114,0.8171114,0.8521266,True
lstm_e16,4497,75004,27.029999,0.5143566,0.5143566,0.76359504,False
lstm_e16,4498,75004,28.34,0.79039705,0.79039705,1.0188897,False
lstm_e16,4499,75004,23.349998,1.1152954,1.1152954,1.2451457,True
lstm_e16,4500,75004,95.35,0.616145,0.616145,0.8623102,True
lstm_e16,4501,75004,23.919998,0.7136051,0.7136051,0.8770026,True
lstm_e16,4502,75004,57.64,0.64322567,0.64322567,0.96494,True
lstm_e16,4503,75004,32.19,0.63577175,0.6857615,0.7959398,False
lstm_e16,4504,75004,37.85,0.6975262,0.6975262,0.9191531,False
lstm_e16,4505,75004,30.119999,0.8592368,0.8592368,0.92591214,False
lstm_e16,4506,75004,82.34,0.6393734,0.6393734,0.7693305,True
lstm_e16,4507,76005,35.92,0.62279415,0.62279415,0.8715354,True
lstm_e16,4508,76005,30.469997,0.51255846,0.51255846,0.940566,False
lstm_e16,4509,76005,23.619999,0.5369753,0.6634201,0.7634435,True
lstm_e16,4510,76005,24.879997,0.5945725,0.86374044,0.96009976,True
lstm_e16,4511,76005,17.61,0.4829619,0.4829619,0.8202606,False
lstm_e16,4512,76005,126.33999,0.4829916,0.4829916,0.66060466,True
lstm_e16,4513,76005,12.58,0.70052004,0.70052004,0.8047988,False
lstm_e16,4514,76005,39.83,0.48941338,0.50781673,0.79427963,True
lstm_e16,4515,76005,33.12,0.75982726,0.75982726,0.84142774,True
lstm_e16,4516,76005,50.2,0.76274824,0.76274824,0.9628892,True
lstm_e16,4517,76005,30.3,0.6101213,0.6101213,0.73118794,False
lstm_e16,4518,76005,27.099998,0.6124807,0.6124807,0.88759154,True
lstm_e16,4519,76007,20.86,0.8675189,0.8675189,0.9349531,True
lstm_e16,4520,76007,16.16,0.7390238,0.7390238,1.0185386,False
lstm_e16,4521,76007,18.43,0.6814991,0.6814991,0.85007715,True
lstm_e16,4522,76007,18.34,0.8162185,0.9113989,0.88863164,True
lstm_e16,4523,76007,15.75,0.75831354,0.75831354,0.9177823,True
lstm_e16,4524,76007,44.3,0.7306018,0.9304995,0.95942736,True
lstm_e16,4525,76007,8.32,0.7022529,0.81819713,0.8620771,False
lstm_e16,4526,76007,18.44,1.0319471,1.0319471,0.9621314,True
lstm_e16,4527,76007,20.21,0.8715084,0.8715084,0.9904377,True
lstm_e16,4528,76007,32.069996,0.88628006,0.88628006,1.0115881,True
lstm_e16,4529,76007,19.19,0.9970537,0.9970537,0.95259947,False
lstm_e16,4530,76007,17.85,0.74733794,0.74733794,0.9271261,True
lstm_e16,4531,76008,41.2,0.61999553,0.61999553,0.7523908,True
lstm_e16,4532,76008,21.74,0.70049566,0.70049566,0.924004,False
lstm_e16,4533,76008,22.26,0.6489204,0.6489204,0.9345367,True
lstm_e16,4534,76008,24.28,0.7607127,0.7607127,0.8175452,True
lstm_e16,4535,76008,34.72,0.64408153,0.72807914,0.8078362,True
lstm_e16,4536,76008,51.570004,0.6804277,0.6804277,0.80403763,True
lstm_e16,4537,76008,19.51,0.49286172,0.60836196,0.80468416,True
lstm_e16,4538,76008,38.87,0.6076626,0.6076626,0.77248865,False
lstm_e16,4539,76008,51.570004,0.59528375,0.59528375,0.74162984,False
lstm_e16,4540,76008,39.91,0.48739347,0.48739347,0.8268614,True
lstm_e16,4541,76008,32.62,0.8650057,0.8650057,0.94350255,True
lstm_e16,4542,76008,25.53,0.6129277,0.6129277,0.8461924,False
lstm_e16,4543,76011,77.39,0.82729876,0.82729876,0.8265713,True
lstm_e16,4544,76011,23.16,0.78666997,0.78666997,1.0992244,False
lstm_e16,4545,76011,25.12,0.72037965,0.72037965,0.7000702,False
lstm_e16,4546,76011,30.11,0.8872318,0.97884476,1.1369145,True
lstm_e16,4547,76011,38.69,1.1614426,1.1614426,1.1284243,True
lstm_e16,4548,76011,74.74,0.90857244,0.90857244,1.1406556,True
lstm_e16,4549,76011,23.59,0.6833257,0.85010266,0.9198191,False
lstm_e16,4550,76011,38.85,0.9534823,0.9534823,0.9714903,True
lstm_e16,4551,76011,39.07,0.6340273,0.6340273,0.7264746,False
lstm_e16,4552,76011,33.13,0.8224947,0.8224947,0.9299013,False
lstm_e16,4553,76011,34.03,0.84172916,0.84172916,1.018569,True
lstm_e16,4554,77002,30.83,0.8103635,0.8103635,1.1234963,False
lstm_e16,4555,77002,28.06,0.5943469,0.5943469,1.0353204,False
lstm_e16,4556,77002,22.2,0.6172517,0.6172517,0.90620476,False
lstm_e16,4557,77002,38.44,0.7180843,0.7180843,1.0034896,True
lstm_e16,4558,77002,24.73,0.6505141,0.6505141,0.93330634,False
lstm_e16,4559,77002,67.23,0.8160574,0.8160574,1.0062726,True
lstm_e16,4560,77002,18.82,0.97591823,0.97591823,1.102253,True
lstm_e16,4561,77002,39.59,0.63530695,0.63530695,0.7719284,True
lstm_e16,4562,77002,28.97,1.0566045,1.0566045,1.042,True
lstm_e16,4563,77002,38.82,0.7167968,0.7167968,0.94122684,False
lstm_e16,4564,77002,34.97,0.5895725,0.7498357,0.99115664,False
lstm_e16,4565,77002,55.79,0.97006845,0.97006845,1.107594,True
lstm_e16,4566,78003,22.73,0.73210704,0.73210704,0.7994168,True
lstm_e16,4567,78003,21.09,0.7218418,0.7218418,0.9997452,False
lstm_e16,4568,78003,18.03,0.6657922,0.8035252,0.90156585,False
lstm_e16,4569,78003,27.25,0.95763165,0.95763165,1.0447685,True
lstm_e16,4570,78003,17.64,0.7153585,0.7153585,0.94295245,False
lstm_e16,4571,78003,31.989998,1.1142075,1.1142075,1.0448097,True
lstm_e16,4572,78003,15.07,0.8589513,0.8589513,0.8057502,True
lstm_e16,4573,78003,23.5,0.6010098,0.706346,0.79189867,True
lstm_e16,4574,78003,20.26,1.1528459,1.1528459,1.053454,True
lstm_e16,4575,78003,27.31,0.8128741,0.8128741,0.89910465,False
lstm_e16,4576,78003,19.7,0.84136367,0.84136367,0.8908919,False
lstm_e16,4577,78003,38.74,1.0495247,1.0495247,1.0312929,True
lstm_e16,4578,78004,34.97,0.76191837,0.76191837,0.94577736,False
lstm_e16,4579,78004,34.62,0.5278729,0.59724635,0.9189399,False
lstm_e16,4580,78004,32.44,0.7073836,0.7073836,0.86790466,False
lstm_e16,4581,78004,47.87,0.6118485,0.6118485,0.8861896,False
lstm_e16,4582,78004,38.31,0.99714154,0.99714154,1.0339832,True
lstm_e16,4583,78004,47.130005,0.9256262,0.9256262,1.081279,True
lstm_e16,4584,78004,26.99,0.660056,0.660056,0.79540473,False
lstm_e16,4585,78004,58.14,0.5672053,0.5672053,0.70704496,True
lstm_e16,4586,78004,37.35,0.4347289,0.4347289,0.58964646,False
lstm_e16,4587,78004,43.51,0.56111467,0.56111467,0.76103264,False
lstm_e16,4588,78004,38.07,0.66968066,0.66968066,0.7275748,False
lstm_e16,4589,78004,58.589996,0.91606593,0.91606593,0.96250266,True
lstm_e16,4590,79002,25.2,0.5784124,0.94476646,0.9232775,True
lstm_e16,4591,79002,38.86,0.8500074,0.8500074,0.97013366,True
lstm_e16,4592,79002,26.24,0.8477675,0.8477675,1.0775952,True
lstm_e16,4593,79002,43.11,0.71690536,0.71690536,0.89996517,True
lstm_e16,4594,79002,22.9,0.8534395,0.8534395,0.9545112,False
lstm_e16,4595,79002,41.2,0.75373596,0.75373596,0.97639644,False
lstm_e16,4596,79002,15.639999,0.8390031,0.8390031,0.8167132,True
lstm_e16,4597,79002,33.97,0.59021205,0.59021205,0.66251016,True
lstm_e16,4598,79002,24.61,0.803621,0.803621,0.8345032,True
lstm_e16,4599,79002,34.57,0.59236044,0.59236044,0.677329,False
lstm_e16,4600,79002,29.41,0.7203942,0.7203942,0.758351,True
lstm_e16,4601,79002,33.29,1.0418206,1.0418206,1.0157726,True
lstm_e16,4602,79003,33.77,0.39392847,0.79657006,0.76792234,True
lstm_e16,4603,79003,37.65,0.9450492,0.9450492,0.9963642,True
lstm_e16,4604,79003,28.900002,0.636637,0.76600623,0.861317,True
lstm_e16,4605,79003,62.959995,0.5004376,0.5593698,0.7564468,True
lstm_e16,4606,79003,37.51,1.0963337,1.0963337,0.9297659,True
lstm_e16,4607,79003,47.76,0.5272583,0.62881386,0.788705,False
lstm_e16,4608,79003,18.44,0.64060664,0.88133955,0.8943215,True
lstm_e16,4609,79003,31.99,0.6955232,0.6955232,0.7190788,True
lstm_e16,4610,79003,30.79,0.71078,0.71078,0.78563714,False
lstm_e16,4611,79003,31.54,0.6139151,0.6139151,0.66826266,False
lstm_e16,4612,79003,30.14,0.64500886,0.64500886,0.66358626,True
lstm_e16,4613,79003,27.840002,0.97314304,0.97314304,1.0656861,True
lstm_e16,4614,79004,33.45,0.96659046,0.96659046,0.87102336,True
lstm_e16,4615,79004,45.52,0.7413115,0.7413115,0.94322,True
lstm_e16,4616,79004,35.11,0.63911575,0.6639438,0.9254464,True
lstm_e16,4617,79004,39.66,0.6290335,0.8937663,0.9203413,True
lstm_e16,4618,79004,30.91,0.8877828,0.8877828,1.0064728,True
lstm_e16,4619,79004,61.1,0.7994374,0.7994374,0.9132492,True
lstm_e16,4620,79004,21.59,0.7609948,0.7609948,0.9322585,False
lstm_e16,4621,79004,56.89,0.49031878,0.49031878,0.63934267,True
lstm_e16,4622,79004,30.38,0.6827488,0.7016954,0.9041028,False
lstm_e16,4623,79004,47.36,0.66687775,0.66687775,0.74009544,False
lstm_e16,4624,79004,34.48,0.87980443,0.87980443,0.9217659,True
lstm_e16,4625,79004,51.32,0.90058327,0.90058327,0.976058,True
lstm_e16,4626,79005,21.29,0.6724252,0.69136184,0.9124826,False
lstm_e16,4627,79005,41.56,0.77307194,0.77307194,1.0462902,True
lstm_e16,4628,79005,31.530003,0.70933557,0.70933557,0.94325036,True
lstm_e16,4629,79005,42.51,0.6983515,0.6983515,1.0248159,True
lstm_e16,4630,79005,22.45,0.9058443,0.9058443,1.0910654,False
lstm_e16,4631,79005,42.11,0.69946074,0.69946074,1.0349379,False
lstm_e16,4632,79005,17.58,0.5142377,0.5142377,0.8544534,False
lstm_e16,4633,79005,36.07,0.4302863,0.4302863,0.5510048,True
lstm_e16,4634,79005,23.91,0.6432376,0.68883055,0.9327177,False
lstm_e16,4635,79005,37.33,0.60581183,0.60581183,0.85267186,False
lstm_e16,4636,79005,28.68,0.90441906,0.90441906,0.8370781,True
lstm_e16,4637,79005,42.54,0.9481964,0.9481964,0.9942661,True
lstm_e16,4638,79006,26.53,0.5305849,0.9959549,0.88861614,True
lstm_e16,4639,79006,44.3,0.86000705,0.86000705,0.98983514,True
lstm_e16,4640,79006,29.18,0.85315365,0.85315365,1.1184045,True
lstm_e16,4641,79006,55.12,0.5589224,0.5912874,0.7992056,True
lstm_e16,4642,79006,27.58,1.020299,1.020299,0.8929775,True
lstm_e16,4643,79006,45.7,0.6398759,0.685017,0.9071197,False
lstm_e16,4644,79006,17.57,0.7725763,0.77508366,1.0402839,False
lstm_e16,4645,79006,45.61,0.49846956,0.49846956,0.62387234,True
lstm_e16,4646,79006,30.389997,0.6935952,0.6935952,0.8489027,True
lstm_e16,4647,79006,41.72,0.4926449,0.4926449,0.6336981,False
lstm_e16,4648,79006,34.17,0.65218186,0.65218186,0.7325074,True
lstm_e16,4649,79006,28.5,0.85386074,0.85386074,0.96039677,False
lstm_e16,4650,80001,26.27,0.840221,0.840221,0.9950495,True
lstm_e16,4651,80001,33.63,0.75382024,0.75382024,1.0545735,True
lstm_e16,4652,80001,30.970001,0.75312835,0.75312835,1.027104,True
lstm_e16,4653,80001,37.81,0.72760725,0.72760725,1.0499641,True
lstm_e16,4654,80001,20.99,0.9865028,0.9865028,1.0308867,False
lstm_e16,4655,80001,45.03,0.62131643,0.62131643,0.9616109,False
lstm_e16,4656,80001,12.940001,0.6909119,0.7599722,1.0614942,False
lstm_e16,4657,80001,24.19,0.44257474,0.44257474,0.6252651,False
lstm_e16,4658,80001,25.23,0.52952814,0.6129984,0.86428005,False
lstm_e16,4659,80001,35.91,0.509992,0.509992,0.74851966,True
lstm_e16,4660,80001,31.089998,0.5415262,0.5415262,0.77638453,False
lstm_e16,4661,80001,40.23,1.0154446,1.0154446,0.9812883,True
lstm_e16,4662,81003,32.66,0.5338885,0.89516664,1.1412987,True
lstm_e16,4663,81003,56.18,0.8353404,0.8353404,1.1356038,True
lstm_e16,4664,81003,35.88,0.73434484,1.1234974,1.0901062,True
lstm_e16,4665,81003,23.14,1.0854541,1.1464075,1.1629257,False
lstm_e16,4666,81003,58.01,0.9045237,0.9045237,0.9362321,True
lstm_e16,4667,81003,24.09,0.5996977,1.0263441,0.91071033,False
lstm_e16,4668,81003,32.44,1.0575451,1.0575451,1.0417088,True
lstm_e16,4669,81003,36.24,0.8512762,0.8512762,1.0345414,True
lstm_e16,4670,81003,31.42,0.7764606,0.7764606,1.0610784,False
lstm_e16,4671,81003,29.84,0.7108426,0.7108426,1.0806019,False
lstm_e16,4672,81003,37.06,0.81935424,0.81935424,0.98845136,True
lstm_e16,4673,81003,32.57,0.5741002,0.5741002,0.95723814,False
lstm_e16,4674,82001,20.5,0.9944015,0.9944015,1.0666698,True
lstm_e16,4675,82001,23.649998,0.95252645,0.95252645,0.98653305,False
lstm_e16,4676,82001,22.259998,0.8112303,0.8112303,1.1668802,True
lstm_e16,4677,82001,26.119999,0.87270534,0.87270534,0.9880802,True
lstm_e16,4678,82001,27.8,1.4372168,1.4372168,0.9944566,True
lstm_e16,4679,82001,28.600002,0.59348804,0.6812007,0.7959277,False
lstm_e16,4680,82001,17.23,0.49962783,0.8825533,0.7656286,True
lstm_e16,4681,82001,16.0,0.6454376,0.6454376,0.8136539,False
lstm_e16,4682,82001,18.25,0.6496165,0.85292196,0.80322057,False
lstm_e16,4683,82001,17.86,0.8745072,0.9696517,0.96378505,True
lstm_e16,4684,82001,19.2,0.56671196,0.6960189,0.84099895,True
lstm_e16,4685,82001,20.279999,1.0068774,1.0068774,0.98741734,True
lstm_e16,4686,82003,34.13,0.69394934,0.69394934,0.8206156,False
lstm_e16,4687,82003,31.92,0.71387184,0.71387184,0.7985051,False
lstm_e16,4688,82003,37.48,0.73552644,0.73552644,1.0733578,True
lstm_e16,4689,82003,30.78,0.86748207,0.86748207,0.98531324,True
lstm_e16,4690,82003,36.29,0.79059035,0.79059035,0.69024247,False
lstm_e16,4691,82003,37.96,0.40567392,0.6479776,0.691587,True
lstm_e16,4692,82003,24.49,0.5838753,0.5838753,0.7191636,False
lstm_e16,4693,82003,24.89,0.5972236,0.5972236,0.7406867,True
lstm_e16,4694,82003,30.78,0.65408385,0.65408385,0.6794197,True
lstm_e16,4695,82003,22.51,0.7555275,0.7555275,0.8132749,False
lstm_e16,4696,82003,31.36,0.40637434,0.50960517,0.68399596,False
lstm_e16,4697,82003,24.61,0.3835802,0.6534445,0.64534384,False
lstm_e16,4698,83003,29.24,0.65474534,0.65474534,0.8702269,False
lstm_e16,4699,83003,31.43,0.6928024,0.6928024,0.871974,False
lstm_e16,4700,83003,21.19,0.7560278,0.7560278,1.2427055,False
lstm_e16,4701,83003,38.229996,0.5512292,0.73331034,0.92522246,True
lstm_e16,4702,83003,33.91,1.0587115,1.0587115,0.8986357,True
lstm_e16,4703,83003,27.81,0.5590645,0.5590645,0.73094594,False
lstm_e16,4704,83003,24.05,0.6466608,0.98696077,0.83536375,True
lstm_e16,4705,83003,39.53,0.42094097,0.42094097,0.48829108,True
lstm_e16,4706,83003,41.17,0.65454954,0.65454954,0.9359262,True
lstm_e16,4707,83003,26.07,0.71575165,0.71575165,0.7734724,False
lstm_e16,4708,83003,21.63,0.5401584,0.5401584,0.5222348,False
lstm_e16,4709,83003,25.27,0.7875992,0.7875992,0.8823521,False
lstm_e16,4710,83004,25.49,0.33867854,0.7624827,0.7968977,True
lstm_e16,4711,83004,29.64,0.65959245,0.65959245,0.74635893,False
lstm_e16,4712,83004,22.41,0.61689854,0.61689854,1.0409828,False
lstm_e16,4713,83004,41.27,0.46328306,0.6609012,0.7724597,True
lstm_e16,4714,83004,37.01,0.90479356,0.90479356,0.80642706,True
lstm_e16,4715,83004,32.82,0.4086735,0.548618,0.73259145,False
lstm_e16,4716,83004,19.96,0.39058226,0.90600926,0.7997629,True
lstm_e16,4717,83004,22.06,0.64301187,0.69725376,0.67720354,True
lstm_e16,4718,83004,36.82,0.56294525,0.56294525,0.8053077,True
lstm_e16,4719,83004,20.81,0.8351105,0.8351105,1.0750624,False
lstm_e16,4720,83004,16.15,0.52505916,0.52505916,0.65104145,False
lstm_e16,4721,83004,22.97,0.68464184,0.8819793,0.9666625,True
lstm_e16,4722,84001,16.95,1.0480765,1.0480765,0.90786713,True
lstm_e16,4723,84001,20.54,1.0144145,1.0144145,0.93876904,True
lstm_e16,4724,84001,14.69,0.67771935,0.67771935,0.6893607,False
lstm_e16,4725,84001,18.71,0.85029227,0.85029227,0.9977036,True
lstm_e16,4726,84001,19.41,0.9682033,0.9682033,0.82285184,True
lstm_e16,4727,84001,24.75,1.0075519,1.0075519,0.8089349,True
lstm_e16,4728,84001,15.74,0.6013512,0.6013512,0.71691966,True
lstm_e16,4729,84001,17.59,0.7699961,0.7699961,0.7657143,True
lstm_e16,4730,84001,12.44,0.8227746,0.8227746,0.8370123,True
lstm_e16,4731,84001,20.09,0.6872187,0.6872187,0.74458945,False
lstm_e16,4732,84001,11.67,1.0273563,1.0273563,0.93633956,True
lstm_e16,4733,84001,18.46,0.8814371,0.8814371,0.85977435,True
lstm_e16,4734,84004,16.71,0.8085528,0.8085528,0.82034975,True
lstm_e16,4735,84004,22.45,0.84496397,0.84496397,0.9056648,True
lstm_e16,4736,84004,16.42,0.680956,0.75919086,0.89603543,True
lstm_e16,4737,84004,32.39,0.80838734,0.80838734,0.9660573,True
lstm_e16,4738,84004,20.66,0.92372006,0.92372006,0.94641405,True
lstm_e16,4739,84004,29.769999,0.9159979,0.9159979,0.9351637,True
lstm_e16,4740,84004,14.679999,0.6218996,0.6218996,0.7678163,False
lstm_e16,4741,84004,26.56,0.48725086,0.52661526,0.6391012,True
lstm_e16,4742,84004,15.64,0.87211716,0.87211716,1.0704045,True
lstm_e16,4743,84004,23.21,0.91595364,0.91595364,1.1006074,True
lstm_e16,4744,84004,14.650001,0.9134292,0.9134292,0.90967226,True
lstm_e16,4745,84004,31.729998,0.63168186,0.63168186,0.847496,True
lstm_e16,4746,84005,17.73,0.738632,0.738632,0.8916161,False
lstm_e16,4747,84005,20.23,0.94851714,0.94851714,0.91556126,True
lstm_e16,4748,84005,15.1,0.8197904,0.8197904,0.92018825,True
lstm_e16,4749,84005,27.429998,0.9286114,0.9286114,0.9175398,True
lstm_e16,4750,84005,23.46,0.9494928,0.9494928,0.8482506,True
lstm_e16,4751,84005,24.320002,0.7207958,1.0627298,0.96925443,True
lstm_e16,4752,84005,13.97,0.73858035,0.73858035,0.7819761,False
lstm_e16,4753,84005,24.39,0.5886777,0.62101907,0.67164063,True
lstm_e16,4754,84005,15.829999,0.856657,0.856657,0.91551816,True
lstm_e16,4755,84005,20.49,1.0171341,1.0171341,0.9475128,True
lstm_e16,4756,84005,14.5,0.8019577,0.8019577,0.8407223,True
lstm_e16,4757,84005,22.0,0.6772472,0.95453364,0.86147124,True
lstm_e16,4758,84008,42.78,0.5406165,0.5406165,0.69184446,False
lstm_e16,4759,84008,36.97,0.69895995,0.69895995,0.70207393,False
lstm_e16,4760,84008,27.11,0.41286033,0.41286033,0.563352,False
lstm_e16,4761,84008,31.62,0.7591302,1.013567,1.1815239,True
lstm_e16,4762,84008,34.93,0.80623716,0.80623716,0.7978309,True
lstm_e16,4763,84008,30.44,1.0859914,1.0859914,1.1728373,True
lstm_e16,4764,84008,16.01,0.66943836,0.73961604,0.972631,False
lstm_e16,4765,84008,34.15,0.81615317,0.81615317,0.7858537,True
lstm_e16,4766,84008,34.66,0.49595958,0.49595958,0.57777935,True
lstm_e16,4767,84008,35.8,0.6803686,0.6803686,0.88470185,True
lstm_e16,4768,84008,19.02,0.55036813,0.55036813,0.7220417,False
lstm_e16,4769,84008,29.38,0.76103777,0.76103777,0.70421696,True
lstm_e16,4770,84012,23.09,0.6952678,0.6952678,0.98016554,False
lstm_e16,4771,84012,27.66,0.91889685,0.91889685,1.0210267,True
lstm_e16,4772,84012,22.44,0.5116411,0.7087767,1.0383899,True
lstm_e16,4773,84012,24.74,0.7843769,0.9767203,1.2089204,True
lstm_e16,4774,84012,22.76,1.0814697,1.0814697,1.1278598,True
lstm_e16,4775,84012,26.73,1.1404918,1.1404918,1.2543566,True
lstm_e16,4776,84012,14.54,0.69651526,0.8270928,1.0314943,False
lstm_e16,4777,84012,24.28,0.84148544,0.84148544,0.8687429,True
lstm_e16,4778,84012,19.39,0.8663396,0.8663396,0.9787235,False
lstm_e16,4779,84012,25.61,0.75896853,0.75896853,1.1142892,False
lstm_e16,4780,84012,16.03,0.92738664,0.92738664,1.118841,True
lstm_e16,4781,84012,18.93,0.9121776,0.94667554,1.224328,False
lstm_e16,4782,84013,16.599998,0.76068693,0.76068693,0.9629446,False
lstm_e16,4783,84013,18.490002,0.9920853,0.9920853,0.98660886,True
lstm_e16,4784,84013,13.42,0.90154666,0.90154666,1.007697,True
lstm_e16,4785,84013,26.91,0.9135073,0.9135073,0.94665664,True
lstm_e16,4786,84013,22.280003,0.9767906,0.9767906,0.89893,True
lstm_e16,4787,84013,23.04,0.77167416,1.0520225,0.99677765,True
lstm_e16,4788,84013,12.73,0.794138,0.794138,0.8359357,False
lstm_e16,4789,84013,23.370003,0.62100494,0.6233558,0.6990348,True
lstm_e16,4790,84013,14.15,0.90443087,0.90443087,0.9660783,True
lstm_e16,4791,84013,18.84,1.0513937,1.0513937,0.9813308,True
lstm_e16,4792,84013,13.53,0.83400947,0.83400947,0.8942232,True
lstm_e16,4793,84013,20.55,0.6925363,0.956076,0.90239334,True
lstm_e16,4794,84014,32.01,0.5738766,0.5738766,0.8108066,False
lstm_e16,4795,84014,34.78,0.6628848,0.6628848,0.7936246,False
lstm_e16,4796,84014,23.46,0.75427717,0.75427717,1.057224,False
lstm_e16,4797,84014,36.88,0.67733824,0.76282483,1.0302322,True
lstm_e16,4798,84014,33.17,0.8901117,0.9702413,0.9450994,True
lstm_e16,4799,84014,34.55,0.5516038,0.5516038,0.7993617,False
lstm_e16,4800,84014,18.0,0.81826425,0.9352274,1.036029,False
lstm_e16,4801,84014,35.93,0.74565405,0.74565405,0.7323629,True
lstm_e16,4802,84014,36.36,0.79267704,0.79267704,1.0606402,True
lstm_e16,4803,84014,31.2,0.74084854,0.7486144,0.9483237,False
lstm_e16,4804,84014,21.08,0.6212515,0.6212515,0.80460685,False
lstm_e16,4805,84014,28.14,0.7512116,0.7512116,0.89789677,False
lstm_e16,4806,84016,29.34,0.86012256,0.86012256,0.962201,True
lstm_e16,4807,84016,31.73,0.887782,0.887782,1.0535961,True
lstm_e16,4808,84016,12.32,1.1790516,1.1790516,1.3107127,False
lstm_e16,4809,84016,16.74,1.2451617,1.2451617,1.0844276,True
lstm_e16,4810,84016,21.18,1.2936238,1.2936238,1.2173048,True
lstm_e16,4811,84016,14.93,0.9828617,0.9828617,1.1348484,False
lstm_e16,4812,84016,13.7,1.0660995,1.0660995,1.1730608,True
lstm_e16,4813,84016,12.64,1.4379557,1.4379557,1.1320099,True
lstm_e16,4814,84016,9.839999,1.4323814,1.4323814,1.2660683,True
lstm_e16,4815,84016,22.21,0.8363655,0.8363655,1.0511553,True
lstm_e16,4816,84016,16.58,0.8573442,0.8573442,1.0091162,False
lstm_e16,4817,84016,14.679999,1.0066774,1.0066774,1.0652069,True
lstm_e16,4818,84017,24.28,0.94748324,0.94748324,0.9372957,True
lstm_e16,4819,84017,32.54,0.9602586,0.9602586,0.9804826,True
lstm_e16,4820,84017,24.21,0.8044695,0.8044695,0.8939603,True
lstm_e16,4821,84017,22.31,0.8893648,0.8893648,0.9068802,False
lstm_e16,4822,84017,27.75,1.1906515,1.1906515,1.0374498,True
lstm_e16,4823,84017,32.55,1.0019438,1.0019438,1.0279027,True
lstm_e16,4824,84017,23.18,0.7007869,0.7007869,0.8301478,True
lstm_e16,4825,84017,20.39,0.6700292,0.6700292,0.7708439,False
lstm_e16,4826,84017,23.38,0.7210919,0.7271365,0.8486776,False
lstm_e16,4827,84017,39.85,0.62589,0.62589,0.7886026,True
lstm_e16,4828,84017,19.88,0.61854225,0.6424938,0.75646156,False
lstm_e16,4829,84017,20.0,0.98683786,0.98683786,1.0401669,True
lstm_e16,4830,84018,16.659998,0.8264516,0.8264516,1.0360657,False
lstm_e16,4831,84018,20.34,0.9813008,0.9813008,1.0534103,True
lstm_e16,4832,84018,15.210001,0.7458883,0.9080691,1.0205568,True
lstm_e16,4833,84018,29.81,0.9487843,0.9487843,1.1221474,True
lstm_e16,4834,84018,19.68,1.0852093,1.0852093,1.0854001,True
lstm_e16,4835,84018,26.07,0.897208,1.1031976,1.1179,True
lstm_e16,4836,84018,13.83,0.71232337,0.71232337,0.8927128,False
lstm_e16,4837,84018,25.900002,0.5731586,0.5731586,0.6853386,True
lstm_e16,4838,84018,15.75,0.8977202,0.8977202,1.1080865,True
lstm_e16,4839,84018,21.43,1.0436814,1.0436814,1.1704677,True
lstm_e16,4840,84018,13.87,0.8610945,0.8610945,0.9281822,False
lstm_e16,4841,84018,26.94,0.7560417,0.7560417,0.9701251,True
lstm_e16,4842,84019,25.62,0.6846997,0.8377506,1.0002011,True
lstm_e16,4843,84019,16.4,0.782228,0.782228,0.9009669,False
lstm_e16,4844,84019,11.08,0.88257617,0.88257617,1.1358372,True
lstm_e16,4845,84019,31.2,0.4816599,0.4816599,0.73856646,True
lstm_e16,4846,84019,21.77,0.7433521,0.77822936,0.8489825,True
lstm_e16,4847,84019,21.93,0.7459393,0.7459393,0.8725722,True
lstm_e16,4848,84019,11.22,0.7395473,0.8316344,0.85520774,True
lstm_e16,4849,84019,21.47,0.6573831,0.6573831,0.7042557,True
lstm_e16,4850,84019,11.0,0.5418733,0.83423066,0.9515077,False
lstm_e16,4851,84019,16.85,0.67089176,0.9113761,1.0414605,True
lstm_e16,4852,84019,19.01,0.5811924,0.5811924,0.76874685,True
lstm_e16,4853,84019,18.48,0.65324193,0.74480665,0.8440221,True
lstm_e16,4854,84020,43.7,0.7011116,0.7011116,0.8180529,False
lstm_e16,4855,84020,35.74,0.8083055,0.9237016,0.94636446,True
lstm_e16,4856,84020,30.12,0.38187158,0.622331,0.69423497,False
lstm_e16,4857,84020,31.53,0.57722443,0.57722443,0.73721766,False
lstm_e16,4858,84020,38.72,0.89522856,0.89522856,0.9482149,True
lstm_e16,4859,84020,63.8,0.71319073,0.71319073,0.8380457,True
lstm_e16,4860,84020,25.24,0.67610425,0.7874147,0.8021996,True
lstm_e16,4861,84020,41.42,0.5853477,0.5853477,0.7220574,True
lstm_e16,4862,84020,27.24,1.2024732,1.2024732,1.0138346,True
lstm_e16,4863,84020,72.47,0.58585274,0.58585274,0.83281726,False
lstm_e16,4864,84020,24.66,0.66018975,0.66018975,0.71187377,False
lstm_e16,4865,84020,33.01,0.70533234,0.9094339,1.0366807,True
lstm_e16,4866,84022,19.36,0.8379988,0.8379988,1.1327622,False
lstm_e16,4867,84022,28.529999,0.43875873,0.4870561,0.74143326,False
lstm_e16,4868,84022,25.1,0.6970426,0.6970426,1.0451221,True
lstm_e16,4869,84022,34.8,0.59095526,0.8327171,0.94527894,True
lstm_e16,4870,84022,25.98,0.50908893,0.6126437,0.7063412,False
lstm_e16,4871,84022,30.330002,0.96380085,0.96380085,1.0149603,True
lstm_e16,4872,84022,15.389999,0.69155014,0.8373039,0.94469786,True
lstm_e16,4873,84022,34.68,0.4977011,0.4977011,0.5434406,True
lstm_e16,4874,84022,31.27,0.4759068,0.4759068,0.6457432,False
lstm_e16,4875,84022,29.01,0.4618046,0.4618046,0.57848585,False
lstm_e16,4876,84022,22.81,0.6614374,0.6614374,0.7055081,True
lstm_e16,4877,84022,29.06,0.8629627,0.8629627,0.8020449,True
lstm_e16,4878,85001,12.279999,0.96072906,0.96072906,0.92996633,False
lstm_e16,4879,85001,17.2,0.97163606,0.97163606,0.963329,False
lstm_e16,4880,85001,12.93,0.971746,1.0118906,0.97796756,True
lstm_e16,4881,85001,16.53,0.86809516,0.87286603,0.8717497,False
lstm_e16,4882,85001,15.719999,0.9963915,1.019974,1.0230527,True
lstm_e16,4883,85001,18.11,0.9082057,0.95662546,0.92057776,True
lstm_e16,4884,85001,9.77,1.0003848,1.0003848,1.0079726,True
lstm_e16,4885,85001,11.56,0.9306125,0.9306125,0.9335005,True
lstm_e16,4886,85001,11.36,1.0662768,1.0735549,1.0525123,False
lstm_e16,4887,85001,16.79,1.0145826,1.0145826,0.992332,True
lstm_e16,4888,85001,13.369999,0.9101947,0.9101947,0.89079255,False
lstm_e16,4889,85001,13.379999,0.9813369,1.0027891,0.96838903,True
lstm_e16,4890,85002,40.47,0.60038614,0.60038614,0.66923016,True
lstm_e16,4891,85002,53.990005,0.74906456,0.74906456,0.8024089,True
lstm_e16,4892,85002,40.98,0.4064168,0.44019964,0.7051711,False
lstm_e16,4893,85002,25.210001,0.7023351,0.73197037,0.9651815,False
lstm_e16,4894,85002,24.55,1.0972311,1.0972311,1.1812588,True
lstm_e16,4895,85002,48.95,1.0244879,1.0244879,1.0440289,True
lstm_e16,4896,85002,20.84,0.58410686,0.749166,0.8408746,False
lstm_e16,4897,85002,34.04,0.7882035,0.7882035,0.8084786,True
lstm_e16,4898,85002,23.76,0.52916557,0.52916557,0.95431346,False
lstm_e16,4899,85002,43.31,0.7377603,0.7377603,1.0458108,True
lstm_e16,4900,85002,29.08,0.45290917,0.45290917,0.7718989,False
lstm_e16,4901,85002,27.28,1.0359478,1.0359478,1.3143137,True
lstm_e16,4902,85003,72.46,1.1662259,1.1662259,1.1401448,False
lstm_e16,4903,85003,61.7,1.0128318,1.0128318,1.2640325,False
lstm_e16,4904,85003,43.31,0.6063982,1.1414131,1.1407775,False
lstm_e16,4905,85003,50.75,1.0505545,1.0505545,0.8734079,True
lstm_e16,4906,85003,91.96,0.83887905,0.83887905,0.93676674,False
lstm_e16,4907,85003,88.06,0.90447617,0.9153177,1.0724189,True
lstm_e16,4908,85003,42.44,0.90844005,0.90844005,1.0355715,True
lstm_e16,4909,85003,62.400005,0.7769797,0.7769797,0.73901016,False
lstm_e16,4910,85003,82.75,1.3225473,1.3225473,1.1660798,True
lstm_e16,4911,85003,72.49,0.693891,0.693891,1.1412693,False
lstm_e16,4912,85003,82.09,1.1741041,1.1741041,0.9574118,True
lstm_e16,4913,85003,37.9,0.98475873,0.98475873,1.0524408,False
lstm_e16,4914,94001,15.93,0.794975,0.80007476,0.82671887,False
lstm_e16,4915,94001,25.07,0.83869004,0.91368735,0.8558923,True
lstm_e16,4916,94001,14.950001,0.84470433,0.9992839,0.87469447,True
lstm_e16,4917,94001,21.84,1.1021738,1.1021738,1.0146633,True
lstm_e16,4918,94001,30.16,0.8322441,0.8322441,0.7971748,True
lstm_e16,4919,94001,25.09,0.9068261,0.9068261,0.9574923,True
lstm_e16,4920,94001,19.46,1.0910279,1.0910279,1.0502454,True
lstm_e16,4921,94001,17.9,0.87467825,0.87467825,0.8545965,False
lstm_e16,4922,94001,22.72,0.8774821,0.9433904,0.93552554,True
lstm_e16,4923,94001,17.71,1.0400898,1.0400898,1.038576,True
lstm_e16,4924,94001,20.72,0.99407643,0.99407643,0.9469706,True
lstm_e16,4925,94001,16.21,0.733986,0.733986,0.7429407,False
lstm_e16,4926,97002,30.37,0.7108952,0.7108952,0.8048955,True
lstm_e16,4927,97002,14.94,0.70238876,0.8282716,0.8548427,True
lstm_e16,4928,97002,31.87,0.5272233,0.5272233,0.6398807,True
lstm_e16,4929,97002,34.04,0.69698083,0.69698083,0.8703641,True
lstm_e16,4930,97002,14.41,0.7077344,0.7247617,0.9025996,False
lstm_e16,4931,97002,30.41,0.7565119,0.7565119,0.9004476,True
lstm_e16,4932,97002,22.35,0.9832242,0.9832242,1.0994262,True
lstm_e16,4933,97002,18.55,0.58557904,0.65904313,0.7430175,False
lstm_e16,4934,97002,15.02,0.79250276,0.79250276,1.1074743,True
lstm_e16,4935,97002,14.56,0.4884142,0.61333764,0.6425346,True
lstm_e16,4936,97002,12.71,0.8003282,0.8003282,0.8144432,False
lstm_e16,4937,97002,12.94,1.2509978,1.2509978,1.4859552,True
lstm_e16,4938,101002,6.77,0.57563245,0.57563245,0.77189296,True
lstm_e16,4939,101002,10.13,0.3506403,0.3506403,0.5613882,True
lstm_e16,4940,101002,10.7,0.57468605,0.58810484,0.8201226,True
lstm_e16,4941,101002,16.79,0.5491629,0.55977994,0.79456735,True
lstm_e16,4942,101002,11.06,0.36333704,0.36333704,0.6462983,False
lstm_e16,4943,101002,10.36,0.45380837,0.45380837,0.6092279,True
lstm_e16,4944,101002,5.61,0.49445844,0.49445844,0.76340914,True
lstm_e16,4945,101002,5.05,0.5103924,0.5218501,0.7353905,False
lstm_e16,4946,101002,4.53,0.6120536,0.74906296,0.76933265,False
lstm_e16,4947,101002,8.46,0.5378571,0.5378571,0.77311546,False
lstm_e16,4948,101002,8.54,0.48906267,0.62044233,0.779824,True
lstm_e16,4949,101002,5.46,0.6023533,0.6023533,0.8609854,False
