gid,persist2_L1,persist2_L1_cov,ar_perfect2_L1,ar_perfect2_L1_cov,ar_gefs_L1,ar_gefs_L1_cov,persist2_L2,persist2_L2_cov,ar_perfect2_L2,ar_perfect2_L2_cov,ar_gefs_L2,ar_gefs_L2_cov,persist2_L3,persist2_L3_cov,ar_perfect2_L3,ar_perfect2_L3_cov,ar_gefs_L3,ar_gefs_L3_cov
6007,0.8849315643310547,0.8846167922019958,0.935579240322113,0.9348363280296326,0.9368998408317566,0.9365077018737793,0.6867746710777283,0.6850237846374512,0.8883286118507385,0.8875758647918701,0.7895001769065857,0.7927848100662231,0.5031229257583618,0.4977818727493286,0.863918125629425,0.8647045493125916,0.6324626207351685,0.6425818204879761
7001,0.11323744058609009,0.11851769685745239,0.6759302616119385,0.6815164089202881,0.5726147294044495,0.582155704498291,-0.3271481990814209,-0.31561851501464844,0.5138669610023499,0.5234073400497437,0.2564030885696411,0.26792216300964355,-0.45284390449523926,-0.4404247999191284,0.4869394302368164,0.4907304048538208,0.17845916748046875,0.18733006715774536
7002,0.19804561138153076,0.1954566240310669,0.7231303453445435,0.7237272262573242,0.6975888013839722,0.698480486869812,-0.26964664459228516,-0.2691490650177002,0.5960362553596497,0.5953068733215332,0.3106837868690491,0.31774288415908813,-0.3892250061035156,-0.38665544986724854,0.5708233714103699,0.5711081624031067,0.20113402605056763,0.20754742622375488
7003,0.3657330870628357,0.35789722204208374,0.8067898750305176,0.8046478033065796,0.8419814109802246,0.8405465483665466,-0.11697161197662354,-0.13028204441070557,0.7047282457351685,0.7033622860908508,0.4860175848007202,0.48122549057006836,-0.29146766662597656,-0.30676937103271484,0.6936746835708618,0.6917459964752197,0.2543456554412842,0.24696874618530273
8004,0.2098720669746399,0.206803560256958,0.7081382870674133,0.7094575762748718,0.6041297912597656,0.6051098108291626,-0.22774505615234375,-0.23272860050201416,0.5912497043609619,0.591177225112915,0.32271701097488403,0.3238535523414612,-0.3543729782104492,-0.358129620552063,0.5565050840377808,0.5560358762741089,0.20883822441101074,0.2093663215637207
8005,0.7513665556907654,0.7505860328674316,0.8695762753486633,0.8698482513427734,0.8797007203102112,0.8782806396484375,0.41824907064437866,0.41707563400268555,0.7702611088752747,0.7694389820098877,0.6284804344177246,0.6367571353912354,0.19706767797470093,0.19421201944351196,0.6977392435073853,0.6973763108253479,0.4347049593925476,0.44742000102996826
8006,0.6403012871742249,0.634738564491272,0.8784116506576538,0.8771741390228271,0.861047625541687,0.8586286306381226,0.27722424268722534,0.26900404691696167,0.7827627062797546,0.7805471420288086,0.5500237941741943,0.5507947206497192,0.08421331644058228,0.07474952936172485,0.7268710136413574,0.7239069938659668,0.3762660026550293,0.37881284952163696
8009,0.20142579078674316,0.20153182744979858,0.704494833946228,0.7081575989723206,0.6357659697532654,0.63736891746521,-0.19878780841827393,-0.1994619369506836,0.5739215612411499,0.5789621472358704,0.3319181799888611,0.3404117822647095,-0.2947511672973633,-0.29251396656036377,0.5510959625244141,0.5485148429870605,0.23494434356689453,0.23970675468444824
9002,0.29540735483169556,0.28733158111572266,0.8417563438415527,0.8401325941085815,0.7867095470428467,0.784442663192749,-0.08647572994232178,-0.09835958480834961,0.7706466913223267,0.7682533264160156,0.4745243191719055,0.46932440996170044,-0.15854990482330322,-0.1711198091506958,0.7635554671287537,0.7609947323799133,0.3094015121459961,0.3022751808166504
9003,0.1581401228904724,0.14966779947280884,0.8059235215187073,0.8044450879096985,0.72117018699646,0.7187257409095764,-0.25825607776641846,-0.2705669403076172,0.7395083904266357,0.7370286583900452,0.3818255066871643,0.376285195350647,-0.38862931728363037,-0.402201771736145,0.7344744801521301,0.7319762706756592,0.21805083751678467,0.21082979440689087
9005,0.13005131483078003,0.12383133172988892,0.7293013334274292,0.728352963924408,0.6086100339889526,0.60741126537323,-0.32090115547180176,-0.32931065559387207,0.6322939395904541,0.6308093070983887,0.3545905351638794,0.35264265537261963,-0.4336724281311035,-0.4415407180786133,0.5906597971916199,0.5889073610305786,0.22526121139526367,0.22222596406936646
10002,0.42328977584838867,0.41590964794158936,0.8262549042701721,0.8238970041275024,0.8142279386520386,0.8117318153381348,0.01625216007232666,0.0036377906799316406,0.7565725445747375,0.7532776594161987,0.5432685017585754,0.5383939743041992,-0.12463998794555664,-0.13947129249572754,0.7633660435676575,0.7601048946380615,0.4518308639526367,0.4459945559501648
11001,0.6987748146057129,0.693862795829773,0.914717435836792,0.9135908484458923,0.9114601612091064,0.9103051424026489,0.43137210607528687,0.42188429832458496,0.8585861325263977,0.8568501472473145,0.6803796887397766,0.6755978465080261,0.3207794427871704,0.3093107342720032,0.8392190933227539,0.83686363697052,0.54954993724823,0.5424826145172119
11003,0.46360552310943604,0.4571532607078552,0.8281583786010742,0.8269845843315125,0.7962105870246887,0.7939764261245728,0.15386039018630981,0.1443086862564087,0.7551530599594116,0.7527459859848022,0.550507664680481,0.5462285280227661,0.0979074239730835,0.08813655376434326,0.7167164087295532,0.713863730430603,0.4207146167755127,0.41518568992614746
12001,0.35828834772109985,0.35593122243881226,0.7847357392311096,0.7853935956954956,0.7445642352104187,0.7448189854621887,0.0304451584815979,0.02789902687072754,0.6745743155479431,0.674652099609375,0.42863792181015015,0.42957526445388794,-0.07224428653717041,-0.07330858707427979,0.6159598231315613,0.6160827875137329,0.3365156054496765,0.337258517742157
12002,0.44976806640625,0.44765621423721313,0.8293834924697876,0.8295377492904663,0.7803101539611816,0.7803369164466858,0.13583779335021973,0.13317936658859253,0.747296929359436,0.7477598786354065,0.4745798110961914,0.4742063879966736,0.02190577983856201,0.01963096857070923,0.7020198106765747,0.7019319534301758,0.3845987319946289,0.3843836188316345
14001,0.717268705368042,0.7157868146896362,0.926408052444458,0.9262993335723877,0.8390868902206421,0.8373216390609741,0.4399162530899048,0.4299759864807129,0.9105218052864075,0.9084793329238892,0.6613667011260986,0.667805552482605,0.2590895891189575,0.24405813217163086,0.9002824425697327,0.9016104340553284,0.5657945871353149,0.5763189792633057
14002,0.7445938587188721,0.7428330183029175,0.8939317464828491,0.8934452533721924,0.8188236951828003,0.8186708688735962,0.4789746403694153,0.4727613925933838,0.8432861566543579,0.8411566019058228,0.6866868734359741,0.6879079341888428,0.2875134348869324,0.27913379669189453,0.8209748864173889,0.8187652826309204,0.585918128490448,0.5882456302642822
15006,0.7908034324645996,0.7871638536453247,0.9322533011436462,0.9313672780990601,0.9239209294319153,0.9246575236320496,0.6188927888870239,0.6132718920707703,0.8927813172340393,0.8918630480766296,0.7400680184364319,0.7444450855255127,0.5116379261016846,0.506310224533081,0.8703384399414062,0.8687313199043274,0.6501952409744263,0.658859372138977
15007,0.8231968283653259,0.824169397354126,0.9270511269569397,0.929050624370575,0.914473295211792,0.917061448097229,0.676985502243042,0.6776559352874756,0.8920996189117432,0.8933576941490173,0.7563314437866211,0.7639535665512085,0.5740231275558472,0.5758914947509766,0.8717538714408875,0.8719204068183899,0.6645974516868591,0.6758193373680115
15010,0.47009944915771484,0.47926652431488037,0.8279268741607666,0.8318220376968384,0.758485734462738,0.7653569579124451,0.20243674516677856,0.2132677435874939,0.7951486110687256,0.7995002865791321,0.5264170169830322,0.5367289781570435,0.06713074445724487,0.07804155349731445,0.7714827060699463,0.7758039832115173,0.4505050778388977,0.46143805980682373
15011,0.15289396047592163,0.1695156693458557,0.704049289226532,0.7057931423187256,0.6132266521453857,0.6301151514053345,-0.17436552047729492,-0.16000092029571533,0.6435520648956299,0.6439061164855957,0.38535791635513306,0.4092017412185669,-0.24453496932983398,-0.22661399841308594,0.6233073472976685,0.624122142791748,0.3046858310699463,0.32733577489852905
15012,0.7967327833175659,0.7912117838859558,0.8905195593833923,0.8883131742477417,0.876985490322113,0.87662273645401,0.6302158832550049,0.6192152500152588,0.8374362587928772,0.8345316648483276,0.7282974123954773,0.7277954816818237,0.5046171545982361,0.4919703006744385,0.8036586046218872,0.7998039722442627,0.6505263447761536,0.652346134185791
15013,0.28907132148742676,0.31123262643814087,0.7888656258583069,0.7966378927230835,0.6657098531723022,0.6863833069801331,0.009705781936645508,0.027284622192382812,0.7475802302360535,0.7521603107452393,0.4316575527191162,0.4494425058364868,-0.07840168476104736,-0.0540386438369751,0.7238330841064453,0.7268399000167847,0.3602103590965271,0.3756493926048279
16001,0.6190728545188904,0.6193853616714478,0.8993077278137207,0.9008394479751587,0.8392267227172852,0.8485365509986877,0.41776132583618164,0.4187873601913452,0.8720823526382446,0.8721410036087036,0.6112411618232727,0.6236568689346313,0.32192277908325195,0.32211780548095703,0.86238032579422,0.8620195388793945,0.5274525880813599,0.5437876582145691
16003,0.023075759410858154,0.033596813678741455,0.7673903703689575,0.7679535150527954,0.4948831796646118,0.5199706554412842,-0.2667158842086792,-0.2578486204147339,0.7299008369445801,0.7262238264083862,0.2719053626060486,0.2974882125854492,-0.3897901773452759,-0.3779110908508301,0.7136521935462952,0.7101567983627319,0.21316540241241455,0.2363215684890747
16004,0.6816526651382446,0.6783857345581055,0.9200721979141235,0.9199458956718445,0.8893735408782959,0.8953638076782227,0.4612000584602356,0.45956093072891235,0.8956311345100403,0.8946581482887268,0.6281532049179077,0.6395524740219116,0.34833425283432007,0.3452109694480896,0.8903301954269409,0.8880482912063599,0.5150720477104187,0.5310113430023193
17001,0.416748583316803,0.45274806022644043,0.8259890079498291,0.8395772576332092,0.6798865795135498,0.7371444702148438,0.06482124328613281,0.1036331057548523,0.8087278008460999,0.8184105157852173,0.4514426589012146,0.5216547250747681,-0.1203148365020752,-0.08054471015930176,0.7998248934745789,0.8098727464675903,0.3673074245452881,0.43435829877853394
17003,0.3628057837486267,0.37965941429138184,0.8248189091682434,0.8202396035194397,0.583241879940033,0.6002581119537354,0.024939298629760742,0.03778409957885742,0.7974717020988464,0.7881214618682861,0.3801293969154358,0.4238513112068176,-0.1330190896987915,-0.11273849010467529,0.7931457161903381,0.7881304621696472,0.3129434585571289,0.3620752692222595
17005,0.4020289182662964,0.40886640548706055,0.888519287109375,0.8888786435127258,0.7435163259506226,0.7675846815109253,0.0158727765083313,0.0349767804145813,0.867440938949585,0.866641104221344,0.45744675397872925,0.5100730657577515,-0.15002930164337158,-0.12192654609680176,0.8626299500465393,0.8620744943618774,0.3833044171333313,0.43892067670822144
18001,0.33233368396759033,0.3341633677482605,0.8148096799850464,0.8141016364097595,0.7220064401626587,0.7446233034133911,0.00920039415359497,0.011192142963409424,0.7791894674301147,0.7770262360572815,0.4854733943939209,0.5172033905982971,-0.12661433219909668,-0.12863051891326904,0.7772687673568726,0.7749139070510864,0.4310223460197449,0.4676157236099243
18002,0.5090140104293823,0.5245475769042969,0.8263291120529175,0.8311759233474731,0.798987865447998,0.8180580735206604,0.10401087999343872,0.13515454530715942,0.7689204812049866,0.7678347229957581,0.5093463659286499,0.5607548952102661,-0.09796464443206787,-0.06377363204956055,0.7581672072410583,0.7544543743133545,0.40860533714294434,0.45968979597091675
18003,0.818098783493042,0.819729745388031,0.9358574748039246,0.9360855221748352,0.9041910171508789,0.9088521003723145,0.5579538345336914,0.5598931312561035,0.8994123339653015,0.8965298533439636,0.6942571401596069,0.708011269569397,0.345364511013031,0.3457374572753906,0.8713460564613342,0.866872251033783,0.5335589647293091,0.5570614337921143
19001,0.36413413286209106,0.3584761619567871,0.8622179627418518,0.8656613230705261,0.7579026818275452,0.7702471017837524,-0.02421581745147705,-0.032448410987854004,0.8420583009719849,0.8426432609558105,0.436079204082489,0.4674116373062134,-0.19361567497253418,-0.1922065019607544,0.8399244546890259,0.8415369391441345,0.3359643220901489,0.3662334084510803
19006,0.5266522169113159,0.5143445730209351,0.8674153089523315,0.8653011322021484,0.7104359269142151,0.7138828039169312,0.20995205640792847,0.1906203031539917,0.8454272747039795,0.842822253704071,0.47343724966049194,0.48666560649871826,0.049398720264434814,0.03586691617965698,0.8340069651603699,0.8322672247886658,0.4082733988761902,0.42774927616119385
19010,0.592877984046936,0.5887205004692078,0.7287941575050354,0.7284728288650513,0.49812620878219604,0.4846763014793396,0.34622031450271606,0.33337634801864624,0.6544156074523926,0.6546056270599365,0.42245495319366455,0.4159521460533142,0.27058714628219604,0.26263636350631714,0.6668875813484192,0.6624921560287476,0.3897325396537781,0.3884294629096985
20002,0.5904383659362793,0.5863755941390991,0.8298587203025818,0.828348696231842,0.7975765466690063,0.7957464456558228,0.20489197969436646,0.19608962535858154,0.7480698823928833,0.7448301315307617,0.5286962985992432,0.5254426002502441,0.018204867839813232,0.009097814559936523,0.7370296716690063,0.7336962223052979,0.4335651993751526,0.4301859736442566
20003,0.3762362599372864,0.3676512837409973,0.784528911113739,0.7818669080734253,0.6924426555633545,0.6899168491363525,-0.03142595291137695,-0.046434640884399414,0.7377557754516602,0.7333943843841553,0.38160276412963867,0.37853729724884033,-0.21407854557037354,-0.22593951225280762,0.7228102684020996,0.7189871072769165,0.3731650710105896,0.3746551275253296
20007,0.4726654887199402,0.4627893567085266,0.8212164640426636,0.8181015253067017,0.6901413202285767,0.6854349374771118,0.09699273109436035,0.080746591091156,0.7786896228790283,0.7744064331054688,0.47411710023880005,0.4686781167984009,-0.05916714668273926,-0.07560884952545166,0.7550899386405945,0.7504867315292358,0.4574456214904785,0.4541006088256836
21003,0.586876630783081,0.5799704790115356,0.899617075920105,0.8980675935745239,0.8545042276382446,0.857345461845398,0.3151630163192749,0.31060463190078735,0.8664311170578003,0.8645687699317932,0.6139959096908569,0.6273964643478394,0.20619738101959229,0.2043060064315796,0.8634735345840454,0.861438512802124,0.5102297067642212,0.5259090065956116
21006,0.5730347633361816,0.5819978713989258,0.890935480594635,0.8954166173934937,0.8503803610801697,0.8616552948951721,0.28064030408859253,0.30206596851348877,0.8521747589111328,0.8585849404335022,0.5864510536193848,0.6124424934387207,0.15857380628585815,0.18314647674560547,0.8417253494262695,0.8468844890594482,0.48941707611083984,0.5166839361190796
21008,0.4102039933204651,0.4179033041000366,0.8620502948760986,0.8632076382637024,0.789807915687561,0.8041689395904541,0.06459438800811768,0.07955223321914673,0.8358389735221863,0.8405303955078125,0.4778926372528076,0.5081124901771545,-0.06760764122009277,-0.04859614372253418,0.8275735378265381,0.8333479762077332,0.4048451781272888,0.43447959423065186
21009,0.6201459765434265,0.6296610832214355,0.9225881695747375,0.9258492588996887,0.9098038673400879,0.9164219498634338,0.3263600468635559,0.337435245513916,0.8914927244186401,0.8933871388435364,0.6019773483276367,0.6195887327194214,0.18428856134414673,0.1973569393157959,0.8769314289093018,0.8765100836753845,0.5037030577659607,0.5227192044258118
21011,0.6053792238235474,0.6273579001426697,0.8633648157119751,0.8626445531845093,0.8038091659545898,0.8258528709411621,0.2527619004249573,0.3046833872795105,0.7994037866592407,0.8058558702468872,0.5416765213012695,0.5855551958084106,0.09301984310150146,0.15514349937438965,0.7726545333862305,0.7813191413879395,0.44615304470062256,0.4881511926651001
21012,0.332281231880188,0.33841633796691895,0.8603029251098633,0.8663153648376465,0.6774985194206238,0.7042495608329773,0.010507762432098389,0.03289198875427246,0.8482701778411865,0.858343780040741,0.42110806703567505,0.4502623677253723,-0.1017221212387085,-0.08045923709869385,0.8394069671630859,0.8472954034805298,0.328627347946167,0.357421875
21013,0.5669447183609009,0.5612925291061401,0.836959719657898,0.837401270866394,0.7803634405136108,0.7843809127807617,0.2862641215324402,0.2877187132835388,0.7835527062416077,0.7822158336639404,0.5594953298568726,0.5717372298240662,0.13463133573532104,0.13947975635528564,0.7612391710281372,0.7580057382583618,0.49883490800857544,0.5139850378036499
21015,0.39979857206344604,0.3849504590034485,0.8021608591079712,0.7995271682739258,0.6781383752822876,0.6717040538787842,0.08155828714370728,0.0656161904335022,0.7233133912086487,0.7198867201805115,0.44276440143585205,0.4413069486618042,-0.09394192695617676,-0.10880434513092041,0.6981135606765747,0.6939271688461304,0.40902113914489746,0.4114784598350525
21016,0.43980085849761963,0.4360347390174866,0.8374594449996948,0.8368142247200012,0.7122353315353394,0.7106802463531494,0.07494920492172241,0.06632363796234131,0.7896378040313721,0.7877414226531982,0.4594411849975586,0.4568665623664856,-0.12074172496795654,-0.1297919750213623,0.7842680215835571,0.7830165028572083,0.40800797939300537,0.40610170364379883
21017,0.045793771743774414,0.06688684225082397,0.8043540120124817,0.8131755590438843,0.46831172704696655,0.4998929500579834,-0.2889155149459839,-0.2576524019241333,0.7789351344108582,0.7886415123939514,0.22779375314712524,0.25403958559036255,-0.38096654415130615,-0.34372198581695557,0.7706891298294067,0.7795799970626831,0.17431581020355225,0.1991780400276184
21018,0.5675735473632812,0.5564032196998596,0.8640652894973755,0.8621056079864502,0.8301547169685364,0.8274490237236023,0.2435864806175232,0.228418231010437,0.8159416317939758,0.8124755024909973,0.5920426845550537,0.6026998162269592,0.10480540990829468,0.0900346040725708,0.8152031898498535,0.8114756345748901,0.4785725474357605,0.49031174182891846
21022,0.3320434093475342,0.3261770009994507,0.8148414492607117,0.812146782875061,0.7591181993484497,0.7569287419319153,-0.0421825647354126,-0.050386786460876465,0.7479238510131836,0.7439639568328857,0.4630000591278076,0.46476471424102783,-0.21849429607391357,-0.22574257850646973,0.7334582805633545,0.7287968397140503,0.4145354628562927,0.41773056983947754
21023,0.20731830596923828,0.2398817539215088,0.589586615562439,0.608008623123169,0.6083587408065796,0.634870171546936,-0.2698420286178589,-0.2424025535583496,0.5033635497093201,0.5218050479888916,0.3656396269798279,0.390569806098938,-0.40639710426330566,-0.37664794921875,0.4884348511695862,0.5069224238395691,0.3100837469100952,0.334170401096344
21024,0.1986514925956726,0.20128947496414185,0.8245562314987183,0.8298141956329346,0.6410797834396362,0.6668516993522644,-0.18572628498077393,-0.1664959192276001,0.8048086166381836,0.8121787905693054,0.3692217469215393,0.4001172184944153,-0.31335604190826416,-0.2897433042526245,0.7907273769378662,0.7970740795135498,0.29651445150375366,0.32341521978378296
22001,0.4172394871711731,0.4134688377380371,0.8730002641677856,0.8725691437721252,0.8142720460891724,0.8143638968467712,-0.013769268989562988,-0.02488398551940918,0.8226054310798645,0.8204464912414551,0.4703017473220825,0.47049033641815186,-0.20334136486053467,-0.21369588375091553,0.8159793615341187,0.8140041828155518,0.41458141803741455,0.4159734845161438
22006,0.43907350301742554,0.4362943172454834,0.8718326091766357,0.8716224431991577,0.8130151629447937,0.8118624091148376,0.002234160900115967,-0.004816412925720215,0.8372728228569031,0.8359617590904236,0.456661581993103,0.4546481966972351,-0.17532658576965332,-0.1835545301437378,0.8183385729789734,0.81691575050354,0.4146348237991333,0.4136444330215454
22007,0.3997657895088196,0.39661073684692383,0.8531262278556824,0.8528620004653931,0.743752121925354,0.7429267168045044,-0.06101727485656738,-0.07149052619934082,0.8150920271873474,0.8135122060775757,0.42237311601638794,0.4212649464607239,-0.27207398414611816,-0.2843106985092163,0.8073790073394775,0.8054090738296509,0.39200305938720703,0.3920023441314697
22009,0.35808080434799194,0.3585079312324524,0.8521330952644348,0.8533110618591309,0.7580912113189697,0.760872483253479,-0.07330739498138428,-0.07832098007202148,0.8012467622756958,0.8023016452789307,0.4291040301322937,0.43330925703048706,-0.2676433324813843,-0.27293384075164795,0.7949424982070923,0.7966846227645874,0.3874856233596802,0.39291447401046753
23001,0.3092314600944519,0.31169456243515015,0.8823338747024536,0.881966769695282,0.8032310009002686,0.8079013824462891,-0.07717978954315186,-0.08388304710388184,0.8525304198265076,0.8537335395812988,0.4445210099220276,0.4623674154281616,-0.23013639450073242,-0.23774731159210205,0.8498052954673767,0.8505445718765259,0.37861835956573486,0.3976667523384094
23004,0.1752774715423584,0.16252821683883667,0.8554830551147461,0.8556903600692749,0.7151204347610474,0.7254024744033813,-0.22922027111053467,-0.23877274990081787,0.8274437785148621,0.8278183341026306,0.400648295879364,0.41967636346817017,-0.3754509687423706,-0.38605785369873047,0.8237175941467285,0.8242535591125488,0.3018093705177307,0.31974512338638306
23006,0.11481386423110962,0.10271292924880981,0.842725932598114,0.8455877900123596,0.6490612030029297,0.6707288026809692,-0.29363977909088135,-0.29760241508483887,0.8116254806518555,0.8144693970680237,0.34346479177474976,0.3665282726287842,-0.43557608127593994,-0.43737828731536865,0.806939423084259,0.8090049028396606,0.2606794238090515,0.2816696763038635
23007,0.5041599869728088,0.4968487620353699,0.8612202405929565,0.8582932353019714,0.6500605344772339,0.6396315097808838,0.15648192167282104,0.15236389636993408,0.8331834673881531,0.8298614621162415,0.4151076674461365,0.4211265444755554,-0.04106748104095459,-0.04162108898162842,0.8092172145843506,0.8073583841323853,0.39034008979797363,0.4011058211326599
23008,0.2011520266532898,0.21893078088760376,0.8303709030151367,0.8353894948959351,0.6978272199630737,0.711853563785553,-0.23014962673187256,-0.22168564796447754,0.8040726184844971,0.8071454167366028,0.392753541469574,0.4147932529449463,-0.4043785333633423,-0.3969513177871704,0.7922661900520325,0.7967830300331116,0.3365657329559326,0.35786116123199463
23011,-0.03409397602081299,-0.024906635284423828,0.8079710006713867,0.8033028841018677,0.55155348777771,0.5795637965202332,-0.4075472354888916,-0.3790501356124878,0.7658169269561768,0.7652238011360168,0.2874210476875305,0.31788986921310425,-0.552147388458252,-0.5287024974822998,0.7621892690658569,0.7656082510948181,0.21104687452316284,0.23786389827728271
24001,0.3371913433074951,0.3422124981880188,0.8506736755371094,0.8481544256210327,0.7566004991531372,0.7613179087638855,-0.05103635787963867,-0.047602057456970215,0.8086247444152832,0.8051294088363647,0.4149549603462219,0.4316173195838928,-0.22281920909881592,-0.22032976150512695,0.8011795282363892,0.7976012825965881,0.37186843156814575,0.3911851644515991
24003,0.1527729034423828,0.14679473638534546,0.8121162056922913,0.8134934902191162,0.5868934392929077,0.6097516417503357,-0.27092063426971436,-0.264876127243042,0.7691906690597534,0.7729785442352295,0.33449339866638184,0.3618665933609009,-0.3810868263244629,-0.3774453401565552,0.7555161714553833,0.7567739486694336,0.28063297271728516,0.3074766993522644
24004,0.38772332668304443,0.38112545013427734,0.8341485261917114,0.8372020721435547,0.6833324432373047,0.6831992864608765,0.032608747482299805,0.02412337064743042,0.8157317638397217,0.8147115707397461,0.43652844429016113,0.4450730085372925,-0.14870595932006836,-0.15766775608062744,0.8052213191986084,0.8009933233261108,0.4107281565666199,0.42327189445495605
24005,0.3095024824142456,0.315579354763031,0.7900909781455994,0.7887115478515625,0.6093384027481079,0.6066656112670898,-0.1062767505645752,-0.10446429252624512,0.7653692960739136,0.7624300122261047,0.3100578784942627,0.3107876777648926,-0.3237036466598511,-0.32478833198547363,0.7542649507522583,0.7524508237838745,0.3389114737510681,0.3426418900489807
25001,0.2773897051811218,0.28093522787094116,0.846286952495575,0.8445059061050415,0.7165247201919556,0.7212474346160889,-0.09988057613372803,-0.09603369235992432,0.8141813278198242,0.8137750029563904,0.3752601742744446,0.3980046510696411,-0.2548222541809082,-0.252788782119751,0.8036924600601196,0.8059960603713989,0.3121572732925415,0.3368058204650879
25006,0.18161773681640625,0.1719157099723816,0.8007860779762268,0.799630880355835,0.6292148232460022,0.646503746509552,-0.26857686042785645,-0.2724963426589966,0.7704291343688965,0.7686207294464111,0.38290178775787354,0.4155716896057129,-0.40030181407928467,-0.40449750423431396,0.7649341225624084,0.7631335258483887,0.3226507902145386,0.3553274869918823
25012,0.05249166488647461,0.05664247274398804,0.8324408531188965,0.8349663615226746,0.5118619203567505,0.5362406969070435,-0.3081929683685303,-0.3099546432495117,0.7990920543670654,0.8012308478355408,0.2926568388938904,0.31848418712615967,-0.43687498569488525,-0.4342355728149414,0.7925193309783936,0.7940273284912109,0.2278355360031128,0.2512550950050354
25020,0.6874350309371948,0.6943178176879883,0.825851559638977,0.8274906873703003,0.654100239276886,0.6515240669250488,0.2989659905433655,0.30639082193374634,0.7670471668243408,0.7688636779785156,0.3614766597747803,0.36074209213256836,0.02796804904937744,0.03285527229309082,0.755139172077179,0.7593112587928772,0.3396756052970886,0.34207260608673096
26003,0.9875416159629822,0.9874743223190308,0.9594752192497253,0.959413468837738,0.9542462825775146,0.9526861310005188,0.9784488677978516,0.9782689809799194,0.9431971311569214,0.9412901401519775,0.9234572052955627,0.9207120537757874,0.9723032712936401,0.9718406796455383,0.9286964535713196,0.9277366995811462,0.8992201685905457,0.8986518979072571
27001,0.37870341539382935,0.3840543031692505,0.8820528984069824,0.8783843517303467,0.8312375545501709,0.8302749991416931,-0.031218767166137695,-0.031548142433166504,0.8452738523483276,0.8405148983001709,0.5015811920166016,0.5267381072044373,-0.2129840850830078,-0.20883870124816895,0.8356637954711914,0.8293105959892273,0.4343348741531372,0.46429306268692017
27003,0.7193080186843872,0.7087310552597046,0.9440544843673706,0.9428074359893799,0.9393565654754639,0.9365826845169067,0.4250938892364502,0.40213197469711304,0.9259854555130005,0.9279817938804626,0.6935687065124512,0.7043989300727844,0.2304975390434265,0.20041930675506592,0.9155988097190857,0.9142794013023376,0.5665624141693115,0.5913090705871582
27006,0.3460009694099426,0.32660865783691406,0.8378187417984009,0.8329938650131226,0.7349914312362671,0.737352728843689,0.032731056213378906,0.015658259391784668,0.8328651189804077,0.8262289762496948,0.5228175520896912,0.5405367612838745,-0.1330047845840454,-0.1543978452682495,0.819442629814148,0.8139119744300842,0.43791812658309937,0.46094363927841187
27007,0.41806310415267944,0.42606669664382935,0.8661819696426392,0.8678022027015686,0.8227653503417969,0.8302208185195923,0.001055896282196045,0.0023889541625976562,0.8313658833503723,0.8326084613800049,0.45709848403930664,0.4854154586791992,-0.1487586498260498,-0.14578473567962646,0.82867431640625,0.8308690786361694,0.38576042652130127,0.4225524663925171
27009,0.8177292346954346,0.8106907606124878,0.8754837512969971,0.878933846950531,0.8757022023200989,0.8736965656280518,0.5564835071563721,0.5403859615325928,0.8636156320571899,0.8649923801422119,0.7970631122589111,0.7980467081069946,0.3771435022354126,0.3556443452835083,0.8277106285095215,0.8280086517333984,0.6447205543518066,0.6627150774002075
27021,0.5996886491775513,0.6049774885177612,0.8992455005645752,0.9010794758796692,0.8873786330223083,0.8935707807540894,0.2270241379737854,0.22949200868606567,0.8728044033050537,0.8701121211051941,0.6371637582778931,0.6571130156517029,0.03585672378540039,0.026731669902801514,0.8559142351150513,0.8530828952789307,0.5306980609893799,0.5554366111755371
27023,0.26566213369369507,0.263521671295166,0.847348690032959,0.8465734124183655,0.7242003679275513,0.731110692024231,-0.05661916732788086,-0.05552530288696289,0.8491174578666687,0.8491832613945007,0.4900955557823181,0.5123765468597412,-0.21102988719940186,-0.21367263793945312,0.8264384269714355,0.8239680528640747,0.39359062910079956,0.4142700433731079
27025,0.45959776639938354,0.46777015924453735,0.8551397919654846,0.8578763008117676,0.8309910893440247,0.8402486443519592,0.06779974699020386,0.07999157905578613,0.8338428139686584,0.8357073068618774,0.5380914211273193,0.5583354830741882,-0.11555492877960205,-0.11572861671447754,0.8321965336799622,0.8306518197059631,0.4626495838165283,0.483852744102478
27026,0.3080902099609375,0.2988487482070923,0.8353924751281738,0.8334278464317322,0.7195932865142822,0.7254036664962769,-0.003570556640625,-0.008519649505615234,0.8085514903068542,0.8056309223175049,0.4754917025566101,0.48458242416381836,-0.15644240379333496,-0.1671658754348755,0.798652708530426,0.7930521368980408,0.44334596395492554,0.4544792175292969
27029,0.44256967306137085,0.4525032043457031,0.9032778143882751,0.9024537801742554,0.7788569927215576,0.7966006398200989,0.12632548809051514,0.13552433252334595,0.8913205862045288,0.8898355960845947,0.5136300325393677,0.547530472278595,-0.040277838706970215,-0.0417863130569458,0.8814164996147156,0.8780834674835205,0.42073750495910645,0.4568687677383423
27030,0.5155700445175171,0.5220850706100464,0.8744621872901917,0.877106249332428,0.8447402119636536,0.8538435697555542,0.15629935264587402,0.1626605987548828,0.8569318652153015,0.8558221459388733,0.5810074806213379,0.6029666662216187,-0.03409445285797119,-0.03566277027130127,0.8434704542160034,0.8406939506530762,0.4857286214828491,0.5100805759429932
27032,0.2604520916938782,0.2690621614456177,0.5191518068313599,0.5278304815292358,0.4913133978843689,0.5065179467201233,-0.1571718454360962,-0.15363264083862305,0.3916093707084656,0.38904327154159546,0.2279146909713745,0.2598729729652405,-0.2865288257598877,-0.2901339530944824,0.37122201919555664,0.37286269664764404,0.08540081977844238,0.12286168336868286
27034,0.33541810512542725,0.33352744579315186,0.8694405555725098,0.8686145544052124,0.754216194152832,0.7662824988365173,-0.040192604064941406,-0.04179525375366211,0.8383723497390747,0.8381822109222412,0.3872327208518982,0.4161068797111511,-0.19910717010498047,-0.20099937915802002,0.8359965085983276,0.837048351764679,0.3277575373649597,0.36049771308898926
27035,0.6300652027130127,0.6217877864837646,0.9094737768173218,0.9094932079315186,0.8698418140411377,0.871252179145813,0.2814221978187561,0.26722830533981323,0.8942718505859375,0.8919265866279602,0.6115841865539551,0.634208083152771,0.0765950083732605,0.0587695837020874,0.8870046138763428,0.8845856189727783,0.5175356864929199,0.549852192401886
27038,0.7674416303634644,0.7653564214706421,0.8495644330978394,0.8499199151992798,0.8253892660140991,0.8250094652175903,0.5654796361923218,0.5609073638916016,0.7646597623825073,0.7642384767532349,0.6825453042984009,0.6795538067817688,0.4781351089477539,0.47245872020721436,0.7466525435447693,0.7478294968605042,0.6016460657119751,0.5984975099563599
27042,0.4848363995552063,0.4905690550804138,0.8518129587173462,0.8552492260932922,0.7717288136482239,0.7765627503395081,0.17402637004852295,0.1772000789642334,0.8215469121932983,0.8249527215957642,0.5377407073974609,0.5484254360198975,-0.00968790054321289,-0.01053309440612793,0.8084911108016968,0.8076742887496948,0.4613751769065857,0.4730648398399353
27047,-0.029366254806518555,-0.026317358016967773,0.8457521200180054,0.8476555943489075,0.4673116207122803,0.5023187398910522,-0.3880566358566284,-0.37998294830322266,0.8372838497161865,0.8411494493484497,0.28003770112991333,0.31953752040863037,-0.4988909959793091,-0.4938051700592041,0.8359999656677246,0.8391817808151245,0.23347508907318115,0.2702569365501404
27051,0.18341171741485596,0.19462478160858154,0.868354082107544,0.8702095746994019,0.5978645086288452,0.6064752340316772,-0.18188142776489258,-0.1800767183303833,0.8502238392829895,0.8532813787460327,0.437408447265625,0.46182918548583984,-0.2965965270996094,-0.29864978790283203,0.8564296364784241,0.8614257574081421,0.3719725012779236,0.3935266137123108
27071,0.7398825883865356,0.7341176271438599,0.8532607555389404,0.852161169052124,0.8405423760414124,0.8357961773872375,0.40710383653640747,0.3966682553291321,0.8158373236656189,0.810341477394104,0.7139848470687866,0.7208554744720459,0.21387505531311035,0.1997414231300354,0.7896043062210083,0.7854762077331543,0.5826165080070496,0.607035756111145
28001,0.389350950717926,0.3659287691116333,0.7475683093070984,0.7373323440551758,0.6720395684242249,0.6672887206077576,0.03531026840209961,0.0231778621673584,0.6830904483795166,0.6710916757583618,0.4421566128730774,0.45046180486679077,-0.1380622386932373,-0.15169596672058105,0.6435198783874512,0.6291604042053223,0.3934158682823181,0.4077971577644348
28008,0.5520978569984436,0.5517624616622925,0.8766583204269409,0.8738876581192017,0.8110710978507996,0.8092423677444458,0.33063650131225586,0.3369138836860657,0.8710314035415649,0.8707708716392517,0.5884008407592773,0.6036498546600342,0.20048105716705322,0.19727247953414917,0.8598325252532959,0.8569464087486267,0.5409093499183655,0.5616797208786011
28009,0.9042214155197144,0.9046210646629333,0.9225466251373291,0.9242347478866577,0.8967124819755554,0.8927028775215149,0.7284571528434753,0.7289862632751465,0.9141889810562134,0.9158135056495667,0.8106389045715332,0.8076977133750916,0.5665807723999023,0.5647915005683899,0.893342137336731,0.8958393335342407,0.7379655241966248,0.7528955936431885
28012,0.847760796546936,0.8558628559112549,0.8768962621688843,0.8796652555465698,0.7935762405395508,0.7808712124824524,0.6083287000656128,0.6247106194496155,0.8299587965011597,0.829105019569397,0.6777515411376953,0.679744303226471,0.4302980303764343,0.4447266459465027,0.8134942650794983,0.8125551342964172,0.6113713383674622,0.6334256529808044
28018,0.6356500387191772,0.6414873600006104,0.9054799675941467,0.9048627018928528,0.8975676894187927,0.8927990794181824,0.3218897581100464,0.3286020755767822,0.8781365156173706,0.8821983933448792,0.6704941987991333,0.6855676174163818,0.18029886484146118,0.1762184500694275,0.8795626163482666,0.8792983293533325,0.5972213745117188,0.6198197603225708
28022,0.9201284050941467,0.9179616570472717,0.9015203714370728,0.9027535915374756,0.8783338069915771,0.8735476732254028,0.7701007723808289,0.7627338171005249,0.8821349143981934,0.883522629737854,0.7949260473251343,0.7878005504608154,0.6267492771148682,0.6143437623977661,0.8506236672401428,0.8548641204833984,0.6957413554191589,0.6974900960922241
28024,0.7503929138183594,0.7473609447479248,0.881921112537384,0.8827037811279297,0.8194963932037354,0.8135268092155457,0.4674394726753235,0.4573083519935608,0.8487662076950073,0.8472011089324951,0.6163173913955688,0.6129109859466553,0.27574652433395386,0.25754016637802124,0.8252079486846924,0.8206008672714233,0.5519556999206543,0.5535719990730286
28026,0.5648366212844849,0.6011624336242676,0.8780633211135864,0.8842036724090576,0.8650219440460205,0.8742408156394958,0.20939689874649048,0.2534124255180359,0.8320633172988892,0.8396260738372803,0.5662627220153809,0.5915368795394897,0.05229175090789795,0.08203279972076416,0.8184190988540649,0.8196501135826111,0.49193841218948364,0.5235272645950317
28031,0.33798229694366455,0.34332412481307983,0.8312375545501709,0.8340936899185181,0.7069683074951172,0.7228258848190308,0.052161455154418945,0.06630760431289673,0.826835572719574,0.8272581100463867,0.4651646018028259,0.48951661586761475,-0.08908188343048096,-0.08329617977142334,0.8127589225769043,0.8136017918586731,0.4103963375091553,0.43605101108551025
28039,-0.1433802843093872,-0.15474927425384521,0.7544164657592773,0.7507944703102112,0.3060556650161743,0.30523598194122314,-0.3851362466812134,-0.3834500312805176,0.7665295004844666,0.7601908445358276,0.18894821405410767,0.19446241855621338,-0.5193002223968506,-0.5230306386947632,0.7340764999389648,0.7274855375289917,0.07496726512908936,0.07557767629623413
28040,0.325852632522583,0.3293771743774414,0.8237060904502869,0.8226344585418701,0.6624729633331299,0.6666098833084106,-0.11333322525024414,-0.1066356897354126,0.823072612285614,0.8233558535575867,0.3727526068687439,0.38585060834884644,-0.28773677349090576,-0.29187893867492676,0.8392726182937622,0.8365007638931274,0.1510205864906311,0.1516398787498474
28043,0.5451428890228271,0.5341023206710815,0.8689579367637634,0.8649113178253174,0.8029189705848694,0.802773118019104,0.24416083097457886,0.24062788486480713,0.8644224405288696,0.8610671758651733,0.5768707394599915,0.591834545135498,0.07711035013198853,0.06987869739532471,0.8506721258163452,0.8454699516296387,0.5221330523490906,0.5432868003845215
28046,0.763090193271637,0.7608925104141235,0.8924453258514404,0.8931788206100464,0.8650979995727539,0.8619071245193481,0.6044216156005859,0.606161892414093,0.8962201476097107,0.8986428380012512,0.7140463590621948,0.7263108491897583,0.5161679983139038,0.5129837989807129,0.8718216419219971,0.8718729019165039,0.6642463207244873,0.6836607456207275
28048,0.24660438299179077,0.2508140206336975,0.7805031538009644,0.779771625995636,0.7317396402359009,0.7444264888763428,-0.07813072204589844,-0.053087592124938965,0.7860077023506165,0.7853316068649292,0.46185606718063354,0.4914740324020386,-0.2343076467514038,-0.22191143035888672,0.7837886810302734,0.7795807123184204,0.42197751998901367,0.4533601403236389
28050,0.8280602097511292,0.8398858904838562,0.8944624066352844,0.8983251452445984,0.8884096741676331,0.896312952041626,0.5732494592666626,0.5865502953529358,0.8430786728858948,0.8433040380477905,0.7638169527053833,0.7742172479629517,0.38838422298431396,0.39147549867630005,0.8015078902244568,0.7957164645195007,0.6431690454483032,0.6498537063598633
28052,0.7099905610084534,0.7152553200721741,0.8870136737823486,0.8848806619644165,0.8854418992996216,0.8827694654464722,0.3634503483772278,0.3697381019592285,0.8412988185882568,0.8389689922332764,0.6512215733528137,0.6606703400611877,0.18533623218536377,0.18523281812667847,0.825890064239502,0.8232417106628418,0.5626856088638306,0.5775526165962219
28067,0.7099829912185669,0.711662232875824,0.9110625386238098,0.9099159240722656,0.9144319295883179,0.9159713983535767,0.4340673089027405,0.4436674118041992,0.891412079334259,0.8910564184188843,0.7083353996276855,0.7276906967163086,0.2723045349121094,0.27614158391952515,0.8802002668380737,0.8786035776138306,0.6199336051940918,0.6500265002250671
28080,0.4236997365951538,0.45419013500213623,0.8248497247695923,0.8260687589645386,0.7730533480644226,0.7855268716812134,0.08309948444366455,0.11915075778961182,0.8229685425758362,0.8299264907836914,0.47979116439819336,0.5145745873451233,-0.09831857681274414,-0.07661747932434082,0.8114846348762512,0.8138377666473389,0.35441887378692627,0.3874267339706421
28082,0.5623310804367065,0.578855037689209,0.9071188569068909,0.9052751660346985,0.8895936012268066,0.8900464177131653,0.24331426620483398,0.26591676473617554,0.897301197052002,0.8972465991973877,0.5599403977394104,0.5749301910400391,0.09209567308425903,0.09681659936904907,0.8854211568832397,0.8812084197998047,0.4630988836288452,0.4754154682159424
28085,0.731951117515564,0.7354685068130493,0.9373869895935059,0.9347876310348511,0.924720048904419,0.9247129559516907,0.5069726705551147,0.5144561529159546,0.9222191572189331,0.9201563596725464,0.7245296239852905,0.7416198253631592,0.3806834816932678,0.3826574683189392,0.9194773435592651,0.9154607057571411,0.6634537577629089,0.6877794861793518
29002,0.7154614329338074,0.6998367309570312,0.8536396026611328,0.8470953702926636,0.8334922790527344,0.8284666538238525,0.5210103988647461,0.4915866255760193,0.8035302758216858,0.7907925844192505,0.6712297797203064,0.6528006792068481,0.4387003779411316,0.40089839696884155,0.7897220849990845,0.7766134738922119,0.5647917985916138,0.5391782522201538
29003,0.8007084131240845,0.7888040542602539,0.816554069519043,0.8027868270874023,0.8716262578964233,0.8652338981628418,0.7158982753753662,0.7005228996276855,0.8595455288887024,0.8513845801353455,0.7787477374076843,0.7684521079063416,0.6906961798667908,0.6732013821601868,0.8642967939376831,0.8579248785972595,0.7237352132797241,0.710370659828186
29005,0.6048684120178223,0.6079666614532471,0.7585170865058899,0.7584666013717651,0.7670753598213196,0.7694863080978394,0.36418086290359497,0.37052416801452637,0.689463198184967,0.6885563135147095,0.6025691032409668,0.6094058156013489,0.22614365816116333,0.22543251514434814,0.6340348124504089,0.6319838166236877,0.5244315266609192,0.5311537981033325
30001,0.7250864505767822,0.742760181427002,0.9322236776351929,0.9343884587287903,0.9123736619949341,0.9173561334609985,0.492201566696167,0.5073312520980835,0.9266534447669983,0.9247397780418396,0.6658071279525757,0.676292896270752,0.3932383060455322,0.39675140380859375,0.9150798320770264,0.911561131477356,0.587814211845398,0.5974946022033691
30004,0.3538603186607361,0.35954785346984863,0.7039583921432495,0.7026855945587158,0.7456486225128174,0.7562156915664673,0.08491212129592896,0.0909813642501831,0.7685559988021851,0.7671430110931396,0.4975545406341553,0.5080606937408447,-0.07268893718719482,-0.08384144306182861,0.7654823064804077,0.7605746388435364,0.4021371006965637,0.40673691034317017
30005,0.7674610614776611,0.7630699276924133,0.9152893424034119,0.9115749001502991,0.9006446599960327,0.8966312408447266,0.663192629814148,0.6549718379974365,0.9175126552581787,0.9156766533851624,0.7672364711761475,0.7628547549247742,0.6285766959190369,0.6149276494979858,0.9014554023742676,0.8984127640724182,0.6887341737747192,0.681625247001648
30011,0.6852188110351562,0.6830670833587646,0.8638813495635986,0.8628482818603516,0.8590825796127319,0.8594865798950195,0.4108883738517761,0.40707045793533325,0.8176233768463135,0.8170102834701538,0.590221107006073,0.5884599685668945,0.21772640943527222,0.20721018314361572,0.7801522016525269,0.7794016599655151,0.4700051546096802,0.4663381576538086
30012,0.35992997884750366,0.354280948638916,0.7893663644790649,0.7848318219184875,0.761713981628418,0.759550929069519,0.03394746780395508,0.028404653072357178,0.7717971801757812,0.7667758464813232,0.41319823265075684,0.4113836884498596,-0.16678190231323242,-0.18081235885620117,0.7658255696296692,0.76029372215271,0.34304535388946533,0.3403977155685425
30014,0.2021019458770752,0.19368219375610352,0.755781888961792,0.752324104309082,0.6854643821716309,0.6817016005516052,-0.06509733200073242,-0.07037472724914551,0.7633486986160278,0.7626269459724426,0.4204237461090088,0.422127902507782,-0.2633465528488159,-0.2797359228134155,0.7266098856925964,0.7217385768890381,0.3313497304916382,0.33152514696121216
31002,0.6794970035552979,0.6809227466583252,0.8966673612594604,0.8950816988945007,0.8913861513137817,0.890609085559845,0.4211248755455017,0.4205596446990967,0.8768250346183777,0.8743654489517212,0.6434173583984375,0.6409035921096802,0.3278248906135559,0.31847667694091797,0.8514872193336487,0.8442783355712891,0.5760241746902466,0.5711179375648499
31006,0.983066201210022,0.981922447681427,0.8622644543647766,0.8577241897583008,0.7953321933746338,0.7814829349517822,0.9623831510543823,0.9598578810691833,0.73370361328125,0.7282477617263794,0.5790845155715942,0.5421242713928223,0.9493252038955688,0.9459964036941528,0.6689844131469727,0.6679332256317139,0.49940842390060425,0.45728009939193726
31010,0.3914605975151062,0.3897594213485718,0.7882816791534424,0.7878484725952148,0.8102988600730896,0.8140791058540344,0.1684167981147766,0.16912078857421875,0.7931602001190186,0.792771577835083,0.5683939456939697,0.57308030128479,0.044671595096588135,0.03542393445968628,0.7699865102767944,0.7654873132705688,0.5130716562271118,0.5171621441841125
31021,0.57936030626297,0.5828179717063904,0.8338372111320496,0.8320412635803223,0.8111026287078857,0.8109257817268372,0.2666468620300293,0.26530539989471436,0.805269718170166,0.8039160966873169,0.5418837070465088,0.5455629825592041,0.1317766308784485,0.1185958981513977,0.7917977571487427,0.7876049280166626,0.4838641285896301,0.4929986596107483
31023,-0.06994128227233887,-0.08479952812194824,0.68120938539505,0.6739803552627563,0.4001677632331848,0.39677929878234863,-0.3704022169113159,-0.37644124031066895,0.6987387537956238,0.6941685676574707,0.18538624048233032,0.18381774425506592,-0.49697554111480713,-0.5091753005981445,0.6857132315635681,0.677375853061676,0.03511500358581543,0.02704542875289917
32003,0.016997039318084717,0.00833284854888916,0.7138727903366089,0.7090219259262085,0.7357277870178223,0.7406506538391113,-0.23969697952270508,-0.242423415184021,0.7256103157997131,0.7214622497558594,0.3905455470085144,0.3960426449775696,-0.33006155490875244,-0.3426741361618042,0.6720008254051208,0.6644851565361023,0.2876078486442566,0.2909424304962158
32004,0.6787090301513672,0.682025671005249,0.8701130151748657,0.8697891235351562,0.8548750877380371,0.8548755049705505,0.31694555282592773,0.3183043599128723,0.8206579685211182,0.8189424276351929,0.6818646192550659,0.689904510974884,0.16475003957748413,0.15815484523773193,0.8090915679931641,0.8065266013145447,0.5621854066848755,0.5703572034835815
32006,0.6931271553039551,0.68962162733078,0.9042935967445374,0.900706946849823,0.7762293219566345,0.7629849910736084,0.4514453411102295,0.44472169876098633,0.8961203098297119,0.8925761580467224,0.538506031036377,0.5304354429244995,0.3442702889442444,0.3294181823730469,0.8972231149673462,0.8924857378005981,0.4286895990371704,0.4220075011253357
32008,0.5694739818572998,0.565352201461792,0.8808440566062927,0.8783411383628845,0.8349402546882629,0.8324974179267883,0.32418519258499146,0.31916749477386475,0.9002732038497925,0.8984878063201904,0.5733928680419922,0.5758782029151917,0.19561243057250977,0.1793842315673828,0.8896089196205139,0.8858411312103271,0.43355435132980347,0.43318456411361694
33006,0.9607293009757996,0.9598960876464844,0.849931001663208,0.8523274660110474,0.832450807094574,0.8342388868331909,0.8908737897872925,0.8888492584228516,0.7895511388778687,0.7879430055618286,0.7609988451004028,0.7570721507072449,0.819771409034729,0.8167908191680908,0.7494709491729736,0.7527070045471191,0.6833702325820923,0.6803809404373169
33007,0.9590564966201782,0.9584007859230042,0.9158716797828674,0.9141942262649536,0.8788470029830933,0.8752644658088684,0.8968499302864075,0.8955435156822205,0.8745155334472656,0.8735858201980591,0.8589458465576172,0.8595308065414429,0.8538112640380859,0.8523356914520264,0.8699251413345337,0.8744165897369385,0.7659692764282227,0.7652914524078369
33012,0.3706549406051636,0.3732881546020508,0.7840527296066284,0.7816265821456909,0.8217010498046875,0.8231683969497681,-0.008107304573059082,-0.0056416988372802734,0.7755112051963806,0.7731641530990601,0.5299139022827148,0.5386852622032166,-0.16049182415008545,-0.16275513172149658,0.7559984922409058,0.7512631416320801,0.4344791769981384,0.44108492136001587
33013,0.9181848168373108,0.9163711071014404,0.7754719257354736,0.7690672278404236,0.7041292190551758,0.6926101446151733,0.749848484992981,0.744343638420105,0.5988799333572388,0.5903112292289734,0.3623414635658264,0.33527904748916626,0.5781040191650391,0.5685991048812866,0.5431252121925354,0.5301368236541748,0.05757802724838257,0.01778358221054077
33014,0.8388993144035339,0.8371604084968567,0.8860055804252625,0.8841697573661804,0.8769016861915588,0.8754791617393494,0.6206973195075989,0.6181420683860779,0.8349929451942444,0.8323737978935242,0.7137831449508667,0.7097601890563965,0.493627667427063,0.49115127325057983,0.8193640112876892,0.8192284107208252,0.6500709056854248,0.6490745544433594
33018,0.33274316787719727,0.3217204809188843,0.8376674652099609,0.833064615726471,0.8338068723678589,0.8363487720489502,0.046222984790802,0.0390278697013855,0.8416788578033447,0.8377546072006226,0.4915010929107666,0.4939090609550476,-0.07480883598327637,-0.08550143241882324,0.8174542188644409,0.8117715120315552,0.3887646794319153,0.3898956775665283
33019,0.9752619862556458,0.9743798971176147,0.8506494760513306,0.8467123508453369,0.8484340906143188,0.8441100716590881,0.9194842576980591,0.9166075587272644,0.7478867769241333,0.7417343258857727,0.7467066049575806,0.7375000715255737,0.8529766201972961,0.8478322625160217,0.6987076997756958,0.6932623386383057,0.6122012138366699,0.5979927182197571
33021,0.924263060092926,0.9256077408790588,0.9221269488334656,0.9230813384056091,0.9239588975906372,0.9250545501708984,0.7842442393302917,0.7886982560157776,0.8585286140441895,0.8610661029815674,0.8344104290008545,0.8371007442474365,0.6599686741828918,0.6676614284515381,0.797245979309082,0.801607608795166,0.747382640838623,0.7515881657600403
33022,0.7795149087905884,0.7805819511413574,0.9328804016113281,0.9317053556442261,0.9204663038253784,0.9194907546043396,0.5528733730316162,0.5544033050537109,0.9159452319145203,0.9149417281150818,0.638685941696167,0.6374726295471191,0.4136422276496887,0.4170590043067932,0.897883415222168,0.8963947892189026,0.5374729037284851,0.5368458032608032
33023,0.6865578889846802,0.6863811016082764,0.7083791494369507,0.7101461291313171,0.7038788795471191,0.7034622430801392,0.4598965644836426,0.46419620513916016,0.7007766962051392,0.7043578028678894,0.5123215913772583,0.511528491973877,0.3708106279373169,0.3784528374671936,0.6481491923332214,0.6556402444839478,0.43580710887908936,0.4371340870857239
33024,0.7089201211929321,0.7099667191505432,0.858563244342804,0.8595821261405945,0.860512912273407,0.8615454435348511,0.42690807580947876,0.43024522066116333,0.8149612545967102,0.8166525363922119,0.6418899893760681,0.6432913541793823,0.31041306257247925,0.31442099809646606,0.8044614195823669,0.8056780695915222,0.5529537200927734,0.5547573566436768
33026,0.8939432501792908,0.8932201862335205,0.9228397607803345,0.9223712086677551,0.8934242129325867,0.8913319110870361,0.7451421022415161,0.7437015771865845,0.8944029808044434,0.8944641351699829,0.7282033562660217,0.7224796414375305,0.588709831237793,0.5858396291732788,0.848220705986023,0.8481158018112183,0.6462841629981995,0.6428999304771423
33028,0.42894476652145386,0.4241824150085449,0.8337503671646118,0.8299247026443481,0.790339469909668,0.7843284606933594,0.14674615859985352,0.14211541414260864,0.8333465456962585,0.830141544342041,0.3224042057991028,0.31591343879699707,-0.02823817729949951,-0.030826926231384277,0.8004764318466187,0.7957621812820435,0.03910815715789795,0.026105821132659912
33029,0.9030064940452576,0.9007969498634338,0.9247843027114868,0.9239344596862793,0.9320615530014038,0.930800199508667,0.7866395115852356,0.781225323677063,0.8988118171691895,0.8956844210624695,0.8411797881126404,0.8382324576377869,0.7162323594093323,0.7083266377449036,0.8829959630966187,0.8791440725326538,0.7644932270050049,0.7601918578147888
33031,0.3392610549926758,0.34338200092315674,0.6728760004043579,0.6719855070114136,0.7107182741165161,0.7133469581604004,-0.1714695692062378,-0.16448962688446045,0.6156607866287231,0.6132138967514038,0.43611377477645874,0.44520843029022217,-0.3658965826034546,-0.35786867141723633,0.5742172002792358,0.5714617967605591,0.29201561212539673,0.29868096113204956
33032,0.9938904047012329,0.9935669302940369,0.8540982007980347,0.8451464176177979,0.7739637494087219,0.7555920481681824,0.989126443862915,0.9886108040809631,0.7631411552429199,0.7542248964309692,0.6404778361320496,0.6107110977172852,0.9843283891677856,0.9837151169776917,0.7232340574264526,0.7541422247886658,0.6024830341339111,0.5723516941070557
33033,0.6070342063903809,0.6121823191642761,0.832796573638916,0.8371639847755432,0.8250468969345093,0.8300889134407043,0.36991584300994873,0.37565791606903076,0.7902559638023376,0.7942332029342651,0.5968998670578003,0.6030784845352173,0.25117748975753784,0.260095477104187,0.7792880535125732,0.781910240650177,0.46292299032211304,0.4671499729156494
33034,0.9689774513244629,0.9677752256393433,0.8790988922119141,0.8751859664916992,0.8685399293899536,0.864225447177887,0.9011504054069519,0.8972972631454468,0.791782021522522,0.787733256816864,0.7015953063964844,0.6887010335922241,0.8255012035369873,0.8188729882240295,0.7273329496383667,0.7220159769058228,0.6290593147277832,0.6140837669372559
33035,0.8739432096481323,0.8715327382087708,0.8808363676071167,0.8780855536460876,0.8730476498603821,0.8695880174636841,0.795169472694397,0.7921035289764404,0.8580784201622009,0.8547534942626953,0.7411085963249207,0.7327289581298828,0.7353494167327881,0.7315570712089539,0.8510491847991943,0.8480945825576782,0.6987508535385132,0.691211462020874
33039,0.903796911239624,0.9030194878578186,0.8646799921989441,0.8658698797225952,0.8190072774887085,0.8160220980644226,0.7476196885108948,0.7465032339096069,0.7746511697769165,0.7769686579704285,0.6226547956466675,0.6113819479942322,0.5852711200714111,0.5830127000808716,0.7409980297088623,0.7406154870986938,0.5949186086654663,0.5883421897888184
33053,0.6170605421066284,0.6163881421089172,0.7100743055343628,0.7099901437759399,0.7211704254150391,0.7204700708389282,0.306458055973053,0.3087577223777771,0.6908159255981445,0.6948182582855225,0.569203794002533,0.5713692903518677,0.18320798873901367,0.18740904331207275,0.6300747394561768,0.6333755254745483,0.4661444425582886,0.46864932775497437
34002,0.7146271467208862,0.7103980779647827,0.852981686592102,0.8499072790145874,0.7771605253219604,0.7706506848335266,0.3632655739784241,0.35394465923309326,0.7713210582733154,0.7689857482910156,0.4688531160354614,0.4588320255279541,0.1803516149520874,0.16878485679626465,0.7951193451881409,0.8091459274291992,0.03750807046890259,0.015452861785888672
34003,0.7552193999290466,0.749971330165863,0.7083704471588135,0.6982479095458984,0.6410871148109436,0.6252701878547668,0.48203152418136597,0.4707642197608948,0.5935576558113098,0.5868486762046814,0.25205880403518677,0.2240278720855713,0.3494170308113098,0.3364863395690918,0.4988941550254822,0.5473749041557312,-0.0427173376083374,-0.0779111385345459
34004,0.9637694358825684,0.9625126123428345,0.6560171246528625,0.6459714770317078,0.5816654562950134,0.5640078783035278,0.8897432088851929,0.8858882784843445,0.43574535846710205,0.4269476532936096,0.41924411058425903,0.3915436267852783,0.8095059394836426,0.8031421899795532,0.42326200008392334,0.43087583780288696,0.28690028190612793,0.25429844856262207
34005,0.718744695186615,0.7131515741348267,0.768011748790741,0.76479172706604,0.7332709431648254,0.7256966829299927,0.38251763582229614,0.37029963731765747,0.6795543432235718,0.6788628101348877,0.4917958378791809,0.4808022975921631,0.21433550119400024,0.1986294388771057,0.65110182762146,0.6585697531700134,0.2264559268951416,0.2101227045059204
34006,0.7085212469100952,0.7032886743545532,0.878707766532898,0.8777122497558594,0.8427510261535645,0.8399528861045837,0.34335029125213623,0.33332711458206177,0.8156089782714844,0.8140464425086975,0.6584745049476624,0.6551215052604675,0.1293116807937622,0.1162182092666626,0.7957890033721924,0.7971311807632446,0.37016910314559937,0.36073601245880127
34007,0.5238226652145386,0.5181583166122437,0.8044864535331726,0.801674485206604,0.8093895316123962,0.807157576084137,0.030070483684539795,0.019889235496520996,0.7372506856918335,0.7338411808013916,0.5225163698196411,0.5202347040176392,-0.1789991855621338,-0.19035685062408447,0.7049365639686584,0.7020283341407776,0.2411952018737793,0.23517942428588867
34008,0.7804123163223267,0.7759063839912415,0.5454103946685791,0.5292284488677979,0.5953329801559448,0.5790035724639893,0.5581395626068115,0.5496665239334106,0.3508230447769165,0.3419657349586487,0.05819672346115112,0.022874057292938232,0.43680959939956665,0.4280220866203308,0.10145306587219238,0.3200324773788452,-0.5115286111831665,-0.5688339471817017
34010,0.6573430299758911,0.6524868011474609,0.8189502954483032,0.8198708295822144,0.7821930050849915,0.7814090251922607,0.2700555920600891,0.2597932815551758,0.682107150554657,0.6850064396858215,0.46556997299194336,0.45857441425323486,0.0907396674156189,0.07809919118881226,0.6547737121582031,0.6688061952590942,0.1577168107032776,0.14630115032196045
34011,0.9006831049919128,0.9003209471702576,0.6437631845474243,0.6400965452194214,0.5611767172813416,0.5528354048728943,0.7684356570243835,0.7667820453643799,0.37809503078460693,0.37585657835006714,0.3174283504486084,0.30021023750305176,0.6872799396514893,0.6837494969367981,0.28047531843185425,0.4106464385986328,-0.057125210762023926,-0.08179545402526855
34012,0.9916091561317444,0.9914101958274841,0.7094906568527222,0.7004721164703369,0.6250994801521301,0.6096881628036499,0.9863184690475464,0.9860678315162659,0.42525815963745117,0.4150303602218628,0.13625097274780273,0.09710448980331421,0.9825999736785889,0.9828345775604248,0.3588412404060364,0.4249323010444641,0.10841149091720581,0.07049399614334106
35003,0.1238100528717041,0.11870312690734863,0.5362105965614319,0.532812774181366,0.584237813949585,0.5816717147827148,-0.5077239274978638,-0.5149017572402954,0.4428088068962097,0.4386364817619324,0.3645535707473755,0.36291182041168213,-0.5953067541122437,-0.6020535230636597,0.44804686307907104,0.4443683624267578,0.19819879531860352,0.19559788703918457
35008,0.40856218338012695,0.4022405743598938,0.8319276571273804,0.8315145969390869,0.8490050435066223,0.8515691757202148,0.025770187377929688,0.019565224647521973,0.8273417949676514,0.8273034691810608,0.46389293670654297,0.4631842374801636,-0.0966024398803711,-0.10071885585784912,0.8211594820022583,0.8216322660446167,0.28984934091567993,0.2850807309150696
36003,0.4462665915489197,0.43950849771499634,0.8170282244682312,0.8158910870552063,0.8146623373031616,0.8151838183403015,0.13690185546875,0.129940927028656,0.8260849714279175,0.8244460225105286,0.3524037003517151,0.34560298919677734,0.010268747806549072,0.004796922206878662,0.8022626638412476,0.8006060123443604,0.0637519359588623,0.05110931396484375
36006,0.8338911533355713,0.8344840407371521,0.8254641890525818,0.8232372999191284,0.7343289256095886,0.7283981442451477,0.5702263712882996,0.5725317001342773,0.6785585880279541,0.6747471690177917,0.38660502433776855,0.37372887134552,0.3687271475791931,0.37185704708099365,0.6626404523849487,0.6591616868972778,0.21895092725753784,0.205815851688385
36009,0.3270065188407898,0.32158738374710083,0.7753967046737671,0.774263858795166,0.7788501977920532,0.7817437648773193,-0.02562427520751953,-0.028003573417663574,0.7512892484664917,0.7501763701438904,0.47008079290390015,0.47204017639160156,-0.1475849151611328,-0.1489187479019165,0.7390184998512268,0.7377667427062988,0.3286345601081848,0.3278127908706665
36010,0.14978790283203125,0.146126389503479,0.7125501036643982,0.713597297668457,0.6726516485214233,0.6766942739486694,-0.15896213054656982,-0.15806376934051514,0.7126036882400513,0.7134079933166504,0.39705854654312134,0.4013988971710205,-0.263849139213562,-0.26045405864715576,0.6993863582611084,0.7001880407333374,0.24589121341705322,0.24647945165634155
36011,0.2096177339553833,0.2086266279220581,0.7641562223434448,0.7693297266960144,0.6533597707748413,0.6594054102897644,-0.11110329627990723,-0.1126023530960083,0.7711596488952637,0.7729219198226929,0.33198094367980957,0.3351777195930481,-0.24100053310394287,-0.24105656147003174,0.7523417472839355,0.7536312341690063,0.1918172836303711,0.19052571058273315
36012,0.31353259086608887,0.31242549419403076,0.7149658799171448,0.7142686247825623,0.7207543849945068,0.7218588590621948,0.02462536096572876,0.025859415531158447,0.6874632835388184,0.6858682632446289,0.3990342617034912,0.4002096652984619,-0.1208808422088623,-0.11861872673034668,0.6381504535675049,0.6359699964523315,0.2107873558998108,0.20816302299499512
37001,0.8233028650283813,0.8237799406051636,0.8799169063568115,0.8780948519706726,0.8247196078300476,0.8207668662071228,0.5137407183647156,0.5151022672653198,0.8312093019485474,0.8288669586181641,0.6404837965965271,0.6388819813728333,0.2772642970085144,0.27630776166915894,0.7886857986450195,0.7849704027175903,0.480461061000824,0.47989749908447266
37003,0.7271246910095215,0.7295332551002502,0.8376335501670837,0.8385947346687317,0.8220569491386414,0.8244751691818237,0.3867354393005371,0.39600443840026855,0.7557932138442993,0.7571740746498108,0.6084249019622803,0.6148207187652588,0.1924627423286438,0.20433998107910156,0.7255146503448486,0.7269991636276245,0.5016370415687561,0.5080461502075195
37005,0.79944908618927,0.7990497350692749,0.8856970071792603,0.8845049738883972,0.8334776163101196,0.8315793871879578,0.4907793402671814,0.4912099838256836,0.8238861560821533,0.822725772857666,0.6215136051177979,0.6194795370101929,0.2920544147491455,0.2930525541305542,0.8040062785148621,0.8032770752906799,0.4422348141670227,0.4389891028404236
37008,0.7047266364097595,0.7050117254257202,0.8570372462272644,0.8554356694221497,0.798274040222168,0.7956410050392151,0.34591609239578247,0.34754663705825806,0.7877519726753235,0.786460816860199,0.5913747549057007,0.5913307666778564,0.14579659700393677,0.14681410789489746,0.7856995463371277,0.7838611006736755,0.43434542417526245,0.4332532286643982
37009,0.5612520575523376,0.5582751035690308,0.8260058164596558,0.8236808180809021,0.7939438819885254,0.7935633659362793,0.19394898414611816,0.1912621259689331,0.818069338798523,0.8163135051727295,0.4341750144958496,0.43212181329727173,0.011430323123931885,0.00771409273147583,0.8045387268066406,0.8020721673965454,0.2728608250617981,0.2688032388687134
37010,0.7669886350631714,0.7714356184005737,0.8575026988983154,0.8579416871070862,0.7825707197189331,0.7823817729949951,0.4307261109352112,0.44322919845581055,0.7771145105361938,0.779808521270752,0.5087102651596069,0.5112965106964111,0.20011329650878906,0.21496307849884033,0.7405312061309814,0.7442980408668518,0.3151065707206726,0.3178890347480774
37011,0.35749000310897827,0.3529329299926758,0.8038890361785889,0.8018313646316528,0.8441120386123657,0.8450919389724731,0.03397578001022339,0.03244364261627197,0.8207488059997559,0.8194824457168579,0.5225162506103516,0.5240405797958374,-0.12668681144714355,-0.12805843353271484,0.8090501427650452,0.8072221279144287,0.38542985916137695,0.38520348072052
37018,-0.022220492362976074,-0.020687460899353027,0.6721749305725098,0.6701052188873291,0.6163974404335022,0.6248322129249573,-0.31263041496276855,-0.31019461154937744,0.6965606808662415,0.6961275339126587,0.25398755073547363,0.2558630704879761,-0.4309120178222656,-0.43168699741363525,0.6975253820419312,0.6978238821029663,0.08306717872619629,0.07944440841674805
37019,0.02936500310897827,0.03946793079376221,0.7290925979614258,0.7321867942810059,0.5181556940078735,0.5305817127227783,-0.3363380432128906,-0.3243812322616577,0.7167479991912842,0.7212762832641602,0.08399999141693115,0.08240431547164917,-0.44565248489379883,-0.4366072416305542,0.774727463722229,0.7800775766372681,-0.057652831077575684,-0.06524968147277832
37020,0.5110012888908386,0.5112004280090332,0.8076578974723816,0.807731032371521,0.8254996538162231,0.8271836638450623,0.08217322826385498,0.08600670099258423,0.7672690153121948,0.7677279710769653,0.5477948188781738,0.5519208908081055,-0.11883676052093506,-0.11482596397399902,0.7383495569229126,0.7379410266876221,0.43636322021484375,0.4396207928657532
38001,0.6617254018783569,0.6656771898269653,0.8851206302642822,0.88651442527771,0.8765699863433838,0.8789010047912598,0.33956581354141235,0.3485240340232849,0.8699929714202881,0.870968759059906,0.48760032653808594,0.48784154653549194,0.17796587944030762,0.1881592869758606,0.8492377400398254,0.849730908870697,0.26368463039398193,0.260730504989624
38003,0.879846453666687,0.880917489528656,0.5620355606079102,0.5562523603439331,0.5298353433609009,0.5247714519500732,0.8388183116912842,0.8432716131210327,0.5344076156616211,0.5349702835083008,0.3700418472290039,0.36856502294540405,0.8186110258102417,0.8244971036911011,0.35083508491516113,0.35531091690063477,0.1550658941268921,0.15126824378967285
38007,-0.009074568748474121,-0.015039324760437012,0.7910299301147461,0.7939578294754028,0.4124634265899658,0.41345393657684326,-0.3115668296813965,-0.3100625276565552,0.7905553579330444,0.793960452079773,0.17342209815979004,0.17732971906661987,-0.4640042781829834,-0.4658900499343872,0.7654374837875366,0.7673070430755615,-0.017146825790405273,-0.02127063274383545
38014,0.17111998796463013,0.16747772693634033,0.7899954915046692,0.7865868806838989,0.5542023777961731,0.5530669093132019,-0.13456010818481445,-0.13167798519134521,0.775534987449646,0.7714927196502686,0.31131255626678467,0.31464844942092896,-0.29147887229919434,-0.2963438034057617,0.7839974164962769,0.7798780798912048,0.13158535957336426,0.12659108638763428
38017,0.9906419515609741,0.9908289909362793,0.5521374940872192,0.5603727698326111,0.48086607456207275,0.4844534993171692,0.9859259128570557,0.9862353205680847,0.20855927467346191,0.22823822498321533,0.2536759376525879,0.2626423239707947,0.9828031063079834,0.9832471013069153,0.16083335876464844,0.18241703510284424,0.051808714866638184,0.06475359201431274
38018,0.8263198137283325,0.8295288681983948,0.9147907495498657,0.9161286354064941,0.885047435760498,0.8875083327293396,0.6506266593933105,0.657225489616394,0.865634560585022,0.8658639788627625,0.6528617739677429,0.658376157283783,0.552614688873291,0.5608658790588379,0.8586708307266235,0.8587304353713989,0.5719295144081116,0.5805890560150146
38021,0.2516694664955139,0.253645122051239,0.7827585935592651,0.7789865732192993,0.7120977640151978,0.7162178754806519,-0.0415571928024292,-0.03513479232788086,0.7888302803039551,0.7855120301246643,0.41265690326690674,0.42069578170776367,-0.2152930498123169,-0.21945106983184814,0.7895527482032776,0.7850893139839172,0.23894870281219482,0.23933106660842896
39001,0.9628231525421143,0.9614229798316956,0.91643887758255,0.9144637584686279,0.9110989570617676,0.9058377146720886,0.9005644917488098,0.8972762227058411,0.8900831937789917,0.8874274492263794,0.8487529158592224,0.8390023708343506,0.8399604558944702,0.8349107503890991,0.8697957396507263,0.8678575754165649,0.8076076507568359,0.8047311305999756
39006,0.9866905212402344,0.9862882494926453,0.949776291847229,0.9475185871124268,0.93543541431427,0.9313068389892578,0.9580768346786499,0.9569798707962036,0.9050755500793457,0.9038735032081604,0.9125253558158875,0.9081178903579712,0.9233059883117676,0.921454906463623,0.8846179246902466,0.8833961486816406,0.8909489512443542,0.8884053826332092
39007,0.7017863392829895,0.690824568271637,0.8646839261054993,0.8586449027061462,0.8682388663291931,0.8605579137802124,0.39279186725616455,0.37149733304977417,0.8408775925636292,0.8361562490463257,0.6619395017623901,0.6643116474151611,0.23894649744033813,0.21370911598205566,0.823805570602417,0.8162466287612915,0.5473754405975342,0.5562036037445068
39010,0.9557607769966125,0.9557141661643982,0.6193603277206421,0.6201277375221252,0.5226940512657166,0.5088644027709961,0.8977344036102295,0.897434413433075,0.39250802993774414,0.39023005962371826,0.18457114696502686,0.155345618724823,0.8499084115028381,0.8499658703804016,0.3134959936141968,0.3182782530784607,0.11268091201782227,0.08684474229812622
39011,0.6226019859313965,0.6035211086273193,0.8597002625465393,0.8524786233901978,0.8912180662155151,0.8867325782775879,0.3304452896118164,0.30530625581741333,0.8035136461257935,0.814521849155426,0.6605803966522217,0.6770784258842468,0.21022725105285645,0.17730176448822021,0.8071415424346924,0.8180558085441589,0.5666896104812622,0.5948472619056702
39012,0.20774781703948975,0.2180078625679016,0.7983945608139038,0.8005310297012329,0.5859595537185669,0.5959482789039612,-0.12269985675811768,-0.11247420310974121,0.8063675761222839,0.8096259236335754,0.37160950899124146,0.39198046922683716,-0.2512328624725342,-0.2528568506240845,0.803277850151062,0.8030438423156738,0.1933775544166565,0.21159982681274414
39014,0.9742110371589661,0.9751008749008179,0.5507794618606567,0.5642234086990356,0.5228416919708252,0.52335524559021,0.9488235116004944,0.9511700868606567,0.19022828340530396,0.22568142414093018,0.3201422095298767,0.3191717267036438,0.9271995425224304,0.930868923664093,-0.457805871963501,-0.3727602958679199,-0.157820463180542,-0.15936815738677979
39016,0.9528198838233948,0.9543781280517578,0.8928401470184326,0.8913497924804688,0.8734179139137268,0.8696223497390747,0.9041505455970764,0.9088016748428345,0.8682400584220886,0.8685442209243774,0.801909327507019,0.8001536726951599,0.8697260618209839,0.8776921033859253,0.8275147676467896,0.8308121562004089,0.7588971853256226,0.765401303768158
39020,0.9962755441665649,0.9962108135223389,0.9449748992919922,0.9436967968940735,0.927829921245575,0.9221502542495728,0.9877904057502747,0.9876443147659302,0.9190062880516052,0.9202768206596375,0.9397470951080322,0.9359581470489502,0.975538432598114,0.9752917885780334,0.8867249488830566,0.8862700462341309,0.9119806289672852,0.9083827137947083
39021,0.9190974831581116,0.9167539477348328,0.7201883792877197,0.7186311483383179,0.46497392654418945,0.44695210456848145,0.7980291843414307,0.7928887605667114,0.6234543323516846,0.628238320350647,0.5149741172790527,0.49798619747161865,0.7097314596176147,0.7033847570419312,0.5648941397666931,0.5653769373893738,0.39345037937164307,0.3749910593032837
39022,0.7068106532096863,0.7081952691078186,0.9168108701705933,0.9138103127479553,0.8990694284439087,0.897081732749939,0.45332765579223633,0.4559822678565979,0.8862722516059875,0.8818193674087524,0.6835454702377319,0.7042648792266846,0.3258611559867859,0.32943588495254517,0.8694416880607605,0.8661659955978394,0.5727440118789673,0.6022567749023438
39023,0.9138242602348328,0.9066905975341797,0.3150053024291992,0.25167882442474365,0.24810028076171875,0.1539410948753357,0.8794297575950623,0.8697512745857239,-0.12301266193389893,-0.22385811805725098,-0.11132800579071045,-0.2474309206008911,0.8590745329856873,0.8490008115768433,-0.5411235094070435,-0.6894737482070923,-0.4678163528442383,-0.6378551721572876
39025,0.6286489963531494,0.6237044334411621,0.908402681350708,0.9036390781402588,0.8690982460975647,0.8665417432785034,0.3826664686203003,0.37280404567718506,0.9035156965255737,0.8990551829338074,0.6599987745285034,0.6787272095680237,0.26202237606048584,0.2542051076889038,0.9041378498077393,0.9004384279251099,0.5585311055183411,0.5789122581481934
39027,0.9614561796188354,0.9592095017433167,0.80662602186203,0.797638475894928,0.7883502244949341,0.7721133828163147,0.9045027494430542,0.8985927104949951,0.7048219442367554,0.6895918846130371,0.5934587717056274,0.5551275014877319,0.845477283000946,0.8351502418518066,0.4160221219062805,0.3911043405532837,0.38637977838516235,0.3300851583480835
39028,0.9856326580047607,0.9855169057846069,0.825554370880127,0.8125483989715576,0.8413383364677429,0.8205267190933228,0.9722779393196106,0.971671998500824,0.804848849773407,0.7946808934211731,0.8348019123077393,0.8192017078399658,0.961302638053894,0.9597532749176025,0.6906269788742065,0.6740117073059082,0.7206629514694214,0.6958507299423218
39029,0.7535253763198853,0.7476117610931396,0.6958836317062378,0.6919631958007812,0.8021975159645081,0.7919634580612183,0.5381990075111389,0.5302194356918335,0.5184645652770996,0.5121148824691772,0.4103447198867798,0.38329213857650757,0.4334715008735657,0.4235527515411377,0.6013292074203491,0.5968400835990906,0.4772721529006958,0.48258018493652344
39034,0.9456379413604736,0.9447436332702637,0.8979247808456421,0.8940491080284119,0.817219078540802,0.8056687712669373,0.8634811639785767,0.8623491525650024,0.8758441209793091,0.8724172115325928,0.8688555955886841,0.8660403490066528,0.7927365303039551,0.7909291982650757,0.8726704120635986,0.8686232566833496,0.8289785981178284,0.8308822512626648
39035,0.9874222874641418,0.9864171743392944,0.9313388466835022,0.9274253249168396,0.9348208904266357,0.9276731014251709,0.9735713601112366,0.9717497229576111,0.8635268211364746,0.8574783205986023,0.9029906392097473,0.8951050639152527,0.9607556462287903,0.9581413269042969,0.8122202754020691,0.8024803400039673,0.8535170555114746,0.841317355632782
39036,0.6572487354278564,0.6825739741325378,0.11583083868026733,0.027438342571258545,0.30729103088378906,0.26622074842453003,0.4453830122947693,0.48988598585128784,-0.5593709945678711,-0.6827659606933594,0.002575099468231201,-0.01898801326751709,0.3426525592803955,0.38338595628738403,-1.2621781826019287,-1.4358677864074707,-0.3799976110458374,-0.40910518169403076
39037,0.9828230142593384,0.9847310781478882,0.9695963859558105,0.9684016108512878,0.9604299068450928,0.9569764733314514,0.9644598960876465,0.9677608609199524,0.9569686055183411,0.9546205401420593,0.9348567724227905,0.9320064187049866,0.9483501315116882,0.950977623462677,0.9267009496688843,0.9244943857192993,0.9091005921363831,0.9107033014297485
39042,0.986809253692627,0.9865731596946716,0.9250473976135254,0.9221118092536926,0.9148362874984741,0.9083688855171204,0.9667419791221619,0.9663159251213074,0.8453004360198975,0.8426937460899353,0.8524340987205505,0.8403142094612122,0.9435005187988281,0.9425790905952454,0.8100546002388,0.8083866834640503,0.8181635141372681,0.8056764602661133
39052,0.40538835525512695,0.4041656255722046,0.8206818103790283,0.8160907030105591,0.5540825128555298,0.5433592200279236,0.06521403789520264,0.061633408069610596,0.8582745790481567,0.8550715446472168,0.26811009645462036,0.263766884803772,-0.09976804256439209,-0.10837388038635254,0.8583942651748657,0.8541860580444336,0.11910414695739746,0.11019271612167358
39061,0.9971676468849182,0.9968001842498779,0.9704023599624634,0.9680629372596741,0.9610666036605835,0.9558561444282532,0.991937518119812,0.9909836053848267,0.9598314166069031,0.9559030532836914,0.956657886505127,0.9499505162239075,0.9853970408439636,0.9837630987167358,0.9330359101295471,0.9263937473297119,0.939302384853363,0.9306539297103882
39081,0.9126065373420715,0.9113767743110657,0.8632262945175171,0.8677024245262146,0.717197060585022,0.7037159204483032,0.7559131383895874,0.748938798904419,0.8059352040290833,0.8085236549377441,0.5710983872413635,0.5464636087417603,0.6190063953399658,0.6036270260810852,0.7919239401817322,0.789080023765564,0.5301916599273682,0.5113587379455566
40003,0.726449191570282,0.7287021279335022,0.9073956608772278,0.9055119156837463,0.8977250456809998,0.8928501605987549,0.40791743993759155,0.41776156425476074,0.8898761868476868,0.8882036209106445,0.7234529256820679,0.7454960346221924,0.23795545101165771,0.24234437942504883,0.874351978302002,0.8703793883323669,0.5787081718444824,0.6076869964599609
40004,0.5026538372039795,0.5185682773590088,0.8599214553833008,0.8590683937072754,0.8610401153564453,0.8749961256980896,0.15703421831130981,0.18680185079574585,0.8451734185218811,0.8457068204879761,0.5810444355010986,0.6131820678710938,0.034220755100250244,0.04439276456832886,0.8392930626869202,0.8372069001197815,0.4630177617073059,0.49004673957824707
40005,0.5869765877723694,0.607226550579071,0.8834105730056763,0.8818447589874268,0.869367778301239,0.8698458671569824,0.15498238801956177,0.18715167045593262,0.8506960272789001,0.8495556116104126,0.6837649345397949,0.7177063226699829,-0.023810505867004395,-0.005544424057006836,0.8372818231582642,0.8368436098098755,0.5123169422149658,0.5436316728591919
40007,0.43554121255874634,0.44706737995147705,0.8493199348449707,0.8433738946914673,0.8306900858879089,0.8387386202812195,0.16444379091262817,0.18595612049102783,0.8465785980224609,0.8451306819915771,0.5510058999061584,0.5813730359077454,0.08122050762176514,0.07582247257232666,0.8556703329086304,0.8490447998046875,0.46914541721343994,0.4965498447418213
40009,0.30889320373535156,0.3588658571243286,0.8280274868011475,0.8189660906791687,0.7233778834342957,0.7443011999130249,0.0381200909614563,0.08715194463729858,0.8072500228881836,0.7981043457984924,0.46671003103256226,0.5086778402328491,-0.02540445327758789,-0.009399056434631348,0.7871464490890503,0.7726963758468628,0.3774031400680542,0.4123908281326294
40010,0.512066125869751,0.5291748046875,0.8862801790237427,0.8824486136436462,0.8883175253868103,0.893878161907196,0.1389968991279602,0.16134345531463623,0.853765070438385,0.8478552103042603,0.6195175647735596,0.6580528020858765,-0.02939784526824951,-0.019642353057861328,0.8482808470726013,0.841006338596344,0.5017170906066895,0.5377146005630493
40011,0.8771879076957703,0.8767712116241455,0.9090845584869385,0.907291829586029,0.8886770009994507,0.8838990926742554,0.7032952308654785,0.7022454142570496,0.8502330183982849,0.8451951146125793,0.7960965037345886,0.8021227717399597,0.5789779424667358,0.5741788148880005,0.8439914584159851,0.8392277956008911,0.6491223573684692,0.6592426300048828
40012,0.9415315389633179,0.9449113011360168,0.8826475143432617,0.8773157000541687,0.9054002165794373,0.9015952348709106,0.8438714742660522,0.8506451845169067,0.8386774063110352,0.8339816927909851,0.8270875811576843,0.8323493003845215,0.7658686637878418,0.7718802690505981,0.8310893774032593,0.8238012790679932,0.7650213241577148,0.7781707048416138
40013,0.692190945148468,0.69989013671875,0.857297420501709,0.8550857305526733,0.8316365480422974,0.8360313773155212,0.33817237615585327,0.3510599732398987,0.8154786825180054,0.8131846189498901,0.6270791888237,0.6369990110397339,0.11428529024124146,0.1232757568359375,0.7818179726600647,0.7783199548721313,0.5265244245529175,0.5371518135070801
40016,0.18794363737106323,0.20469892024993896,0.601784884929657,0.6104151010513306,0.41981130838394165,0.4315011501312256,-0.12327194213867188,-0.11437356472015381,0.6140124797821045,0.6185333728790283,0.27465516328811646,0.27918487787246704,-0.21076273918151855,-0.20716166496276855,0.6101216077804565,0.6086108684539795,0.26335710287094116,0.26799869537353516
40018,0.852372407913208,0.8547765612602234,0.8894118070602417,0.882874608039856,0.9087203145027161,0.9078034162521362,0.6653693914413452,0.670828104019165,0.8739903569221497,0.8679149150848389,0.7883932590484619,0.8046506643295288,0.5401378870010376,0.5411520600318909,0.8721298575401306,0.8663495779037476,0.7112445831298828,0.7344676852226257
41001,0.24581867456436157,0.27504849433898926,0.6480720043182373,0.6504396796226501,0.5786190032958984,0.5989879369735718,0.027184128761291504,0.05905282497406006,0.6660151481628418,0.668354868888855,0.4096444249153137,0.4332764744758606,-0.1203925609588623,-0.11319983005523682,0.6461993455886841,0.6465371251106262,0.3520263433456421,0.3718554377555847
41003,0.418575644493103,0.4272390604019165,0.8151876926422119,0.812360405921936,0.8104668259620667,0.8156232833862305,-0.0038001537322998047,0.011368751525878906,0.7975547313690186,0.7950722575187683,0.5383845567703247,0.559226393699646,-0.1363239288330078,-0.13700354099273682,0.7871602773666382,0.7839927673339844,0.4640657305717468,0.4838499426841736
41005,0.440518856048584,0.475277841091156,0.8945878148078918,0.8944225907325745,0.8877485394477844,0.9005138278007507,0.1667642593383789,0.2093561291694641,0.8777427077293396,0.8818334937095642,0.5893841981887817,0.6329119205474854,0.09739714860916138,0.09989666938781738,0.875008225440979,0.8718918561935425,0.5043932199478149,0.544037938117981
41006,-0.033738136291503906,0.007751584053039551,0.7090203762054443,0.7160610556602478,0.6598938703536987,0.6960645914077759,-0.1870187520980835,-0.14056873321533203,0.6959946751594543,0.7057609558105469,0.3930656313896179,0.4311501383781433,-0.2573202848434448,-0.26338720321655273,0.7009226679801941,0.7080217599868774,0.34535902738571167,0.37641239166259766
41011,0.37613701820373535,0.3945509195327759,0.8419829607009888,0.8368226289749146,0.7867460250854492,0.7930245399475098,0.11102354526519775,0.13321048021316528,0.8262240886688232,0.8231139183044434,0.5487194657325745,0.576829195022583,0.028393685817718506,0.031609952449798584,0.8190516233444214,0.8090871572494507,0.5178128480911255,0.5491113662719727
41012,0.35209566354751587,0.35705995559692383,0.7899049520492554,0.7858408689498901,0.7966921329498291,0.806179404258728,-0.009010076522827148,-0.002853870391845703,0.774176836013794,0.7728769779205322,0.4970570206642151,0.5207732915878296,-0.11479854583740234,-0.12548363208770752,0.7775456309318542,0.7745680809020996,0.42841577529907227,0.4495217800140381
41013,0.0983538031578064,0.13836777210235596,0.7903797030448914,0.7897835969924927,0.6035577058792114,0.6255455017089844,-0.06502234935760498,-0.020128965377807617,0.8036597967147827,0.8014161586761475,0.41099321842193604,0.4403924345970154,-0.21120131015777588,-0.20474731922149658,0.7905738353729248,0.7869357466697693,0.33986592292785645,0.36346691846847534
41014,0.6456212997436523,0.6437695622444153,0.8935413360595703,0.8977598547935486,0.8780094981193542,0.8802037239074707,0.26894527673721313,0.26427292823791504,0.8675156235694885,0.8701737523078918,0.6835938096046448,0.6827859878540039,0.07631087303161621,0.07031130790710449,0.8615816235542297,0.862459123134613,0.5826895833015442,0.5845503211021423
41016,0.21894532442092896,0.2688935399055481,0.8004374504089355,0.802485466003418,0.6606159806251526,0.6911128759384155,0.053869664669036865,0.1054028868675232,0.7951706647872925,0.7978304028511047,0.4599097967147827,0.4913654923439026,-0.0732722282409668,-0.0547257661819458,0.7864256501197815,0.7908812165260315,0.4103795886039734,0.43679165840148926
41019,0.34409964084625244,0.35645735263824463,0.8670293688774109,0.8618603348731995,0.8646206855773926,0.8702066540718079,0.056010901927948,0.07389682531356812,0.8542932868003845,0.8515428304672241,0.5408542156219482,0.5631584525108337,-0.04268801212310791,-0.04447126388549805,0.8480589389801025,0.8420275449752808,0.49361175298690796,0.5171657800674438
41020,0.17422211170196533,0.20247763395309448,0.8158189058303833,0.8155327439308167,0.737255334854126,0.7549951076507568,-0.013632655143737793,0.01728767156600952,0.8025360703468323,0.8035483360290527,0.46111589670181274,0.48797154426574707,-0.10474765300750732,-0.11110305786132812,0.8008930087089539,0.8017815947532654,0.4150981307029724,0.43980109691619873
41022,0.2638867497444153,0.30545574426651,0.8459240198135376,0.8484110832214355,0.764342188835144,0.793514609336853,-0.03059101104736328,0.02436089515686035,0.8352254033088684,0.8369489908218384,0.5000131130218506,0.5508520603179932,-0.1274433135986328,-0.10647666454315186,0.8389918804168701,0.8344919681549072,0.46395599842071533,0.5158311724662781
41023,0.9930081367492676,0.9928697347640991,0.9193688035011292,0.9100784063339233,0.9365841150283813,0.9304618835449219,0.9842488169670105,0.9837378859519958,0.8851494789123535,0.8767378926277161,0.9284944534301758,0.9248720407485962,0.9719768762588501,0.9706515669822693,0.8628984093666077,0.8497750759124756,0.9206311702728271,0.9185618758201599
41025,0.3002236485481262,0.3164405822753906,0.8607121109962463,0.856602132320404,0.8620959520339966,0.8659276366233826,-0.09225964546203613,-0.061492204666137695,0.8458278179168701,0.843176007270813,0.4821862578392029,0.5198479294776917,-0.2162008285522461,-0.21685874462127686,0.8408262133598328,0.8342311382293701,0.42141103744506836,0.45654672384262085
41027,0.07162940502166748,0.06795817613601685,0.6893098950386047,0.683293879032135,0.5469972491264343,0.5601866245269775,-0.1448681354522705,-0.11699855327606201,0.7048271894454956,0.6960006952285767,0.391051709651947,0.42193472385406494,-0.24327456951141357,-0.23796916007995605,0.6806998252868652,0.6695268154144287,0.3537663221359253,0.38200169801712036
41028,0.13487422466278076,0.15358585119247437,0.7768673896789551,0.7710878252983093,0.7303863763809204,0.7429145574569702,-0.11380934715270996,-0.09895098209381104,0.7619588375091553,0.7581973075866699,0.4464147686958313,0.4669182300567627,-0.21061217784881592,-0.23772859573364258,0.763010561466217,0.757235050201416,0.40830886363983154,0.4277755618095398
42001,0.3022283911705017,0.3005838990211487,0.7110065221786499,0.7042791843414307,0.7024286985397339,0.7038247585296631,0.12719374895095825,0.12924909591674805,0.770923376083374,0.7712419033050537,0.4938238263130188,0.49684977531433105,0.05044114589691162,0.038306355476379395,0.7707095146179199,0.7622039318084717,0.4639204144477844,0.46776455640792847
42003,0.29462409019470215,0.2969335913658142,0.8145348429679871,0.8099661469459534,0.8018560409545898,0.8113848567008972,-0.010717511177062988,0.0047411322593688965,0.8021727800369263,0.8009414076805115,0.511419951915741,0.5385556817054749,-0.12388134002685547,-0.11541581153869629,0.8217248916625977,0.8136888742446899,0.45879775285720825,0.4866224527359009
42004,0.9664727449417114,0.9632718563079834,0.9207533597946167,0.916917622089386,0.916172981262207,0.9105357527732849,0.9327675104141235,0.9280683398246765,0.8668815493583679,0.8744860887527466,0.8179080486297607,0.8025815486907959,0.9090679287910461,0.9048312306404114,0.8240897059440613,0.81451416015625,0.7818210124969482,0.7695087194442749
42006,0.9851812124252319,0.9851639866828918,0.9633543491363525,0.9604051113128662,0.9574111700057983,0.9536643028259277,0.970673143863678,0.9708174467086792,0.9304426312446594,0.9290096163749695,0.9337962865829468,0.9329515695571899,0.9585518836975098,0.9581437110900879,0.9220994710922241,0.9227131605148315,0.9206461310386658,0.9230895042419434
42008,0.9921537637710571,0.992222011089325,0.9453437328338623,0.9488760232925415,0.9430968761444092,0.9380045533180237,0.9843131899833679,0.9848036170005798,0.8814277052879333,0.8849033117294312,0.8887871503829956,0.8810825943946838,0.9757526516914368,0.9765100479125977,0.8027269840240479,0.7989100217819214,0.8765256404876709,0.8758536577224731
42010,0.9897454380989075,0.9889216423034668,0.9110414981842041,0.9020087122917175,0.9095360040664673,0.8991602063179016,0.9781898260116577,0.9766687750816345,0.820138692855835,0.8144348859786987,0.8506985306739807,0.8372825980186462,0.9694542288780212,0.9676403403282166,0.7585926055908203,0.7592523694038391,0.8157607913017273,0.8080464601516724
42011,0.3516232371330261,0.32167643308639526,0.7478889226913452,0.7296603918075562,0.6128618121147156,0.5962027311325073,0.19154345989227295,0.16507917642593384,0.7533052563667297,0.7393966317176819,0.5241066217422485,0.5211654901504517,0.12986934185028076,0.09186369180679321,0.7425374984741211,0.7282847166061401,0.4999788999557495,0.5014004707336426
43005,0.9833703637123108,0.9824607968330383,0.9628065228462219,0.9598126411437988,0.9515764117240906,0.9466070532798767,0.9589628577232361,0.9569827914237976,0.9556272625923157,0.9527032375335693,0.9270449876785278,0.9218517541885376,0.9353513121604919,0.9319666028022766,0.940619707107544,0.937014102935791,0.9068705439567566,0.9030132293701172
43006,0.8599659204483032,0.8495855927467346,0.9414961934089661,0.9375172853469849,0.9332345724105835,0.9281770586967468,0.765408992767334,0.7500784397125244,0.921807050704956,0.9185854196548462,0.8644854426383972,0.8644794225692749,0.7217524647712708,0.7038633823394775,0.9087438583374023,0.903748095035553,0.8106474280357361,0.8167412281036377
43007,0.8749053478240967,0.8702630996704102,0.871217668056488,0.8675639033317566,0.8488537669181824,0.8397698402404785,0.6935064792633057,0.681492805480957,0.840410053730011,0.8360280990600586,0.811050295829773,0.8102749586105347,0.5688281059265137,0.5531145334243774,0.8456414937973022,0.8422055244445801,0.7778724431991577,0.7917828559875488
43008,0.9920367002487183,0.9915883541107178,0.9619954824447632,0.9587639570236206,0.9509633779525757,0.9445523023605347,0.9784570336341858,0.9775305390357971,0.9303242564201355,0.9273985028266907,0.9108561873435974,0.90032559633255,0.9634875059127808,0.9622241258621216,0.908852219581604,0.9061646461486816,0.8943428993225098,0.8858455419540405
43009,0.6080512404441833,0.604849100112915,0.9090610146522522,0.9059418439865112,0.9032200574874878,0.9028636813163757,0.2106400728225708,0.20485830307006836,0.8862908482551575,0.8825777769088745,0.7073215842247009,0.7241232395172119,0.03238719701766968,0.02599436044692993,0.8831332325935364,0.879551351070404,0.577238917350769,0.5956931114196777
43014,0.8293023705482483,0.8295966982841492,0.8625810146331787,0.854792594909668,0.8557031750679016,0.8505101799964905,0.730756402015686,0.7300589680671692,0.8973905444145203,0.8938037157058716,0.7664792537689209,0.7695831656455994,0.662452220916748,0.6605981588363647,0.8831398487091064,0.8824781179428101,0.701148509979248,0.7096157073974609
43017,0.8676894903182983,0.8662741780281067,0.9305006265640259,0.9285027384757996,0.9276736378669739,0.9270263314247131,0.7556084394454956,0.7553654909133911,0.9134710431098938,0.914535403251648,0.8772663474082947,0.8840878009796143,0.6645311117172241,0.6612420678138733,0.9106841683387756,0.9096538424491882,0.8310560584068298,0.8413298726081848
44001,0.9503262042999268,0.946622908115387,0.8376206159591675,0.8268131017684937,0.858544111251831,0.8483963012695312,0.8904660940170288,0.8823000192642212,0.6984862089157104,0.6809900403022766,0.8067922592163086,0.8021827936172485,0.8546744585037231,0.8441975712776184,0.7206553220748901,0.7131857872009277,0.7745743989944458,0.7802027463912964
44002,0.976370096206665,0.9735314249992371,0.9277939200401306,0.9253534078598022,0.91701340675354,0.9120730757713318,0.9512969851493835,0.9459885358810425,0.8934183716773987,0.8896455764770508,0.9104856252670288,0.904577910900116,0.9361404180526733,0.9298229813575745,0.8964333534240723,0.8951230049133301,0.8892468214035034,0.8867377638816833
44006,0.9723917841911316,0.9705332517623901,0.8429176211357117,0.8341982960700989,0.8684946298599243,0.8589141964912415,0.9556999802589417,0.9530841708183289,0.7541957497596741,0.7408619523048401,0.8511815071105957,0.8476210832595825,0.9329608082771301,0.9291146993637085,0.7725626230239868,0.7648404240608215,0.8205571174621582,0.8218110799789429
45001,0.7659327983856201,0.7621413469314575,0.9411369562149048,0.9391747713088989,0.9064720273017883,0.9051458835601807,0.5672042369842529,0.5617700815200806,0.9346937537193298,0.932441771030426,0.7320493459701538,0.73563551902771,0.41161400079727173,0.4030068516731262,0.9268999695777893,0.9249300360679626,0.6286029815673828,0.6332949995994568
45003,0.34300321340560913,0.3344338536262512,0.8321234583854675,0.8292657136917114,0.7925227284431458,0.7906707525253296,0.03773552179336548,0.023256957530975342,0.8218899369239807,0.8190852403640747,0.5386913418769836,0.5428694486618042,-0.07579934597015381,-0.08880412578582764,0.8207302689552307,0.818623960018158,0.4167141914367676,0.42079460620880127
45004,0.09724998474121094,0.0843808650970459,0.8097634315490723,0.8062467575073242,0.7324647903442383,0.7378193140029907,-0.21540617942810059,-0.22870051860809326,0.7993344664573669,0.7946957349777222,0.4245920181274414,0.44128960371017456,-0.31249988079071045,-0.3208351135253906,0.7817846536636353,0.7777301669120789,0.32560187578201294,0.3392953872680664
45005,0.17007923126220703,0.15591198205947876,0.7940490245819092,0.7889456152915955,0.7230696678161621,0.7215404510498047,-0.1100548505783081,-0.126548171043396,0.7751901149749756,0.7702264785766602,0.46876585483551025,0.47391581535339355,-0.20614969730377197,-0.21891093254089355,0.7727829813957214,0.7676652669906616,0.3497992157936096,0.3542444109916687
45009,0.8304135799407959,0.8278899192810059,0.9394885301589966,0.9372585415840149,0.8996776342391968,0.8999185562133789,0.6167702078819275,0.6116130352020264,0.9309597015380859,0.9287455677986145,0.7450801134109497,0.7531594038009644,0.4401979446411133,0.4301298260688782,0.9172508716583252,0.9142779111862183,0.6311038732528687,0.6411442756652832
45012,0.4755125045776367,0.4655899405479431,0.8252147436141968,0.8200522065162659,0.8055670857429504,0.8055907487869263,0.26994413137435913,0.25747108459472656,0.8365207314491272,0.8319543600082397,0.6195522546768188,0.6245576739311218,0.14535903930664062,0.1302294135093689,0.8096957802772522,0.8033771514892578,0.524205207824707,0.5281727313995361
46003,0.4030604362487793,0.3990132212638855,0.8686437606811523,0.8631970882415771,0.7101219892501831,0.7228503227233887,0.23607224225997925,0.24102896451950073,0.8659127354621887,0.861947774887085,0.46501314640045166,0.48339349031448364,0.1270430088043213,0.13494181632995605,0.8551689386367798,0.8550881743431091,0.39761441946029663,0.4169480800628662
46005,-0.03201889991760254,-0.03974592685699463,0.7914210557937622,0.7882217764854431,0.45416057109832764,0.47258543968200684,-0.2430793046951294,-0.24815058708190918,0.7793834209442139,0.7767807841300964,0.23257118463516235,0.24720770120620728,-0.3026186227798462,-0.3056896924972534,0.767056941986084,0.7673008441925049,0.18402385711669922,0.19887375831604004
47001,0.6490371227264404,0.6446294188499451,0.939905047416687,0.9380926489830017,0.9213690161705017,0.923827588558197,0.4634239673614502,0.45853710174560547,0.9372408390045166,0.9357249140739441,0.7173265814781189,0.7318134307861328,0.3327198624610901,0.3255276083946228,0.9330649971961975,0.9311848878860474,0.6505310535430908,0.6678243279457092
47004,0.7615086436271667,0.7557321786880493,0.9292505383491516,0.9263613820075989,0.893282413482666,0.8951526880264282,0.6222723722457886,0.6197455525398254,0.9309810400009155,0.927823543548584,0.7600094079971313,0.7678858637809753,0.5116275548934937,0.5087966918945312,0.9193810820579529,0.9171395897865295,0.703184962272644,0.7150394916534424
47008,0.462582528591156,0.4628245234489441,0.8681687116622925,0.869892418384552,0.7469608187675476,0.7519401907920837,0.2849445343017578,0.28513139486312866,0.8505882024765015,0.8559812903404236,0.5540184378623962,0.568616509437561,0.14584702253341675,0.1422709822654724,0.8571445345878601,0.8609791398048401,0.5531919002532959,0.5751265287399292
47009,0.8936194777488708,0.8932381272315979,0.9623727798461914,0.9610087275505066,0.9379301071166992,0.9387732744216919,0.7461415529251099,0.7474995851516724,0.9519293308258057,0.9507349133491516,0.8533656597137451,0.8619149923324585,0.6152322292327881,0.6183477640151978,0.9338025450706482,0.9333345293998718,0.783084511756897,0.7972815036773682
48004,0.6951816082000732,0.6881328821182251,0.9156639575958252,0.9155901670455933,0.8351348638534546,0.8345360159873962,0.5772149562835693,0.5700362324714661,0.9178319573402405,0.9178135991096497,0.7115997076034546,0.7139885425567627,0.5055044293403625,0.4993045926094055,0.9054505825042725,0.9050891399383545,0.672594428062439,0.677713930606842
48005,0.8589184284210205,0.8577184081077576,0.9590514302253723,0.9580528736114502,0.9009807109832764,0.902118444442749,0.7876322865486145,0.7871472835540771,0.9544192552566528,0.9538003206253052,0.8379833698272705,0.8409023284912109,0.7029050588607788,0.7026314735412598,0.9508426785469055,0.9503648281097412,0.8010163307189941,0.806623637676239
48011,0.7619381546974182,0.7562464475631714,0.9289660453796387,0.9271834492683411,0.8996291160583496,0.8986221551895142,0.6317887902259827,0.6272251605987549,0.922490119934082,0.9211394190788269,0.7611412405967712,0.7650629878044128,0.5212175846099854,0.51753830909729,0.9190902709960938,0.9179691672325134,0.7276369333267212,0.7352198362350464
49002,0.9444124102592468,0.9435408115386963,0.9461382031440735,0.9455734491348267,0.9300592541694641,0.9287663698196411,0.9033555388450623,0.9013903737068176,0.9264293313026428,0.9259614944458008,0.8984971046447754,0.897668719291687,0.8605793714523315,0.8578510284423828,0.9181030988693237,0.9182705879211426,0.8612670302391052,0.8615201711654663
49004,0.6906441450119019,0.6843652725219727,0.8986823558807373,0.89487624168396,0.8232005834579468,0.8229068517684937,0.6371563076972961,0.6316027045249939,0.9060561060905457,0.9025136828422546,0.7348088622093201,0.7354859113693237,0.5725264549255371,0.5668089389801025,0.9117391705513,0.9086940288543701,0.7355281114578247,0.7404415011405945
50001,0.6898261308670044,0.6854272484779358,0.9358997344970703,0.9334524869918823,0.9223403930664062,0.922738254070282,0.4887896180152893,0.4838564991950989,0.9325872659683228,0.9302294850349426,0.7421125173568726,0.7531905174255371,0.3477019667625427,0.3391926884651184,0.9255564212799072,0.9232921600341797,0.6727059483528137,0.687873363494873
50002,0.4873057007789612,0.48566269874572754,0.9034900069236755,0.9018877148628235,0.8849003314971924,0.8906455039978027,0.23862558603286743,0.23830252885818481,0.8965301513671875,0.8944457769393921,0.6378332376480103,0.6588808298110962,0.10181283950805664,0.09782719612121582,0.8932327032089233,0.891531765460968,0.5824319124221802,0.6060582399368286
50006,0.7419250011444092,0.7386470437049866,0.9426380395889282,0.9415065050125122,0.8992950320243835,0.8996862173080444,0.5284770727157593,0.5267751216888428,0.938994288444519,0.9375642538070679,0.742094874382019,0.7522082328796387,0.3622118830680847,0.3582955598831177,0.9282207489013672,0.9260542988777161,0.6536853909492493,0.6674767732620239
51001,0.7905033230781555,0.7838836908340454,0.930804967880249,0.9281793236732483,0.865810215473175,0.8641805648803711,0.6882404685020447,0.6803321838378906,0.9257659912109375,0.9225409030914307,0.7497739791870117,0.7542818784713745,0.6114094853401184,0.6006581783294678,0.9080184698104858,0.9038635492324829,0.6749606132507324,0.6813009977340698
52004,0.30313533544540405,0.2880236506462097,0.8557719588279724,0.8509502410888672,0.7408530712127686,0.7394979000091553,0.057142555713653564,0.03693366050720215,0.8449425101280212,0.8405994176864624,0.5048367381095886,0.5133873224258423,-0.050780653953552246,-0.07184708118438721,0.8333257436752319,0.8294633030891418,0.3955265283584595,0.4031723141670227
52005,0.6346443891525269,0.629626989364624,0.89702969789505,0.8968163728713989,0.8692647814750671,0.8690327405929565,0.45049870014190674,0.4386579990386963,0.8985207676887512,0.8977209329605103,0.6839792132377625,0.6908260583877563,0.32298535108566284,0.30869221687316895,0.8895097970962524,0.8874459266662598,0.5755976438522339,0.5819639563560486
52006,0.3864445090293884,0.37702035903930664,0.8572546243667603,0.8540956974029541,0.7971357703208923,0.8014844059944153,0.09744685888290405,0.0906897783279419,0.857138991355896,0.8519541025161743,0.5568901300430298,0.5722927451133728,-0.020577669143676758,-0.024091362953186035,0.8397310972213745,0.8338515758514404,0.4502914547920227,0.4641602635383606
52007,0.38491272926330566,0.3728988766670227,0.857588529586792,0.8533269762992859,0.7563151121139526,0.7609868049621582,0.0936174988746643,0.0775572657585144,0.845862090587616,0.8410929441452026,0.5280047655105591,0.5475153923034668,-0.011018991470336914,-0.024007558822631836,0.8340426087379456,0.8303170800209045,0.41904908418655396,0.4361841678619385
52009,0.8287917375564575,0.8244442939758301,0.9412012100219727,0.9396936297416687,0.903897225856781,0.902123212814331,0.6800715327262878,0.6728238463401794,0.9345520734786987,0.9325726628303528,0.751384973526001,0.7505841851234436,0.5537905693054199,0.5437110662460327,0.9207018613815308,0.9185417294502258,0.7074676156044006,0.7088495492935181
52010,0.44089919328689575,0.4290744662284851,0.8305196166038513,0.8263477683067322,0.8321340084075928,0.8321669101715088,0.20986449718475342,0.19506150484085083,0.827762246131897,0.8236225843429565,0.6425212621688843,0.6484830379486084,0.07597756385803223,0.06020951271057129,0.8203555345535278,0.8168192505836487,0.5170586109161377,0.521223783493042
52011,0.7496346235275269,0.7500549554824829,0.9093366861343384,0.9088278412818909,0.8692973852157593,0.8673020601272583,0.4513230323791504,0.4449414014816284,0.8900966048240662,0.8886268138885498,0.6987607479095459,0.7064141035079956,0.25528937578201294,0.2488396167755127,0.8588707447052002,0.8570590615272522,0.5918174982070923,0.6013644933700562
52016,0.7983015775680542,0.7946621179580688,0.92415452003479,0.9211180806159973,0.7927822470664978,0.7860362529754639,0.6638253927230835,0.6573230624198914,0.8993303179740906,0.8937544822692871,0.7123607397079468,0.7103145718574524,0.5677530169487,0.5573059916496277,0.8847358226776123,0.8781485557556152,0.6765289306640625,0.6776371598243713
53005,0.7071245908737183,0.7008733153343201,0.924872100353241,0.922224223613739,0.8855044841766357,0.8847293257713318,0.5549168586730957,0.5507131814956665,0.9210581183433533,0.919583797454834,0.7569981217384338,0.7667163014411926,0.4341873526573181,0.4258742928504944,0.9154650568962097,0.9130557775497437,0.6713627576828003,0.680800199508667
53006,0.619490385055542,0.6187124252319336,0.9160069227218628,0.9153710603713989,0.8733107447624207,0.8786417841911316,0.3059840798377991,0.30971843004226685,0.912490963935852,0.9106113314628601,0.6126506328582764,0.6261827349662781,0.07304060459136963,0.0726519227027893,0.8974107503890991,0.8948679566383362,0.5086917877197266,0.5234507918357849
53007,0.5315653681755066,0.5182266235351562,0.8937771916389465,0.8899152278900146,0.8582717776298523,0.8571492433547974,0.3479877710342407,0.3366284966468811,0.8971541523933411,0.8935398459434509,0.6752179265022278,0.6833665370941162,0.20624440908432007,0.19226610660552979,0.890444278717041,0.8866174817085266,0.5633867979049683,0.572347104549408
53008,0.735758364200592,0.7371231913566589,0.9281111359596252,0.9274708032608032,0.9351165890693665,0.9395163059234619,0.5792326331138611,0.5897105932235718,0.9270921349525452,0.9265802502632141,0.7786306142807007,0.7944811582565308,0.4737934470176697,0.4836450219154358,0.9124812483787537,0.9105003476142883,0.6940420866012573,0.712335467338562
53009,0.7984616756439209,0.7935609817504883,0.9460304379463196,0.9439547061920166,0.9022486209869385,0.9023947715759277,0.6597586870193481,0.6557413935661316,0.9426266551017761,0.941139280796051,0.7924081087112427,0.8008792400360107,0.5287507772445679,0.5210287570953369,0.9334295988082886,0.9306674003601074,0.698183000087738,0.7068339586257935
53013,0.5740883350372314,0.5695892572402954,0.8791711926460266,0.8755239248275757,0.842666745185852,0.8467332124710083,0.3560335636138916,0.36199498176574707,0.8769097328186035,0.8734347224235535,0.6563067436218262,0.6737624406814575,0.23618340492248535,0.24271273612976074,0.8678483366966248,0.8634799718856812,0.5353081226348877,0.5497012138366699
53018,0.8252565264701843,0.8255307674407959,0.9579704999923706,0.956646203994751,0.9536983966827393,0.9531188607215881,0.6142449975013733,0.6167176365852356,0.9410977959632874,0.9395753741264343,0.8277737498283386,0.8368871212005615,0.4722190499305725,0.4759135842323303,0.9394328594207764,0.9381130933761597,0.7471867203712463,0.7640507817268372
54001,0.9336086511611938,0.9320381283760071,0.8802621364593506,0.8894228339195251,0.8686259984970093,0.8675010204315186,0.8052389025688171,0.8001987934112549,0.8623036742210388,0.8667209148406982,0.8120328187942505,0.8103273510932922,0.6708767414093018,0.6604921817779541,0.8276263475418091,0.833520233631134,0.7437795400619507,0.7524358630180359
54002,0.7900176048278809,0.7903165817260742,0.9433532953262329,0.9423850178718567,0.9307907223701477,0.9290351867675781,0.485140860080719,0.48403894901275635,0.9166994690895081,0.9155874848365784,0.724254846572876,0.7271634340286255,0.2527175545692444,0.2477569580078125,0.8857027292251587,0.883862316608429,0.5930644273757935,0.6011947393417358
54003,0.43671494722366333,0.4405679702758789,0.760644257068634,0.7710882425308228,0.6947002410888672,0.7130008935928345,0.07546120882034302,0.08425617218017578,0.661422073841095,0.6631896495819092,0.4101025462150574,0.43789374828338623,-0.10497021675109863,-0.09576594829559326,0.6520500183105469,0.6445457935333252,0.334869384765625,0.3634331226348877
54004,0.47516489028930664,0.48601943254470825,0.8543108701705933,0.8585879802703857,0.7783104777336121,0.7828432321548462,0.09592932462692261,0.10809510946273804,0.8355215787887573,0.8442355990409851,0.40230536460876465,0.41568320989608765,-0.02702963352203369,-0.028202414512634277,0.8292223215103149,0.8362603783607483,0.2948119640350342,0.30825483798980713
54005,0.9006190299987793,0.8970735669136047,0.9022751450538635,0.9081310033798218,0.9065984487533569,0.9031270742416382,0.7430546283721924,0.7341466546058655,0.8908716440200806,0.8929306268692017,0.824774980545044,0.8217938542366028,0.6005946397781372,0.5849722027778625,0.8808355927467346,0.8801788687705994,0.6987565755844116,0.7071915864944458
54007,0.056635141372680664,0.0671890377998352,0.6619417667388916,0.6592376232147217,0.7144627571105957,0.7209386825561523,-0.2371997833251953,-0.22928762435913086,0.6691061854362488,0.6684280037879944,0.4040353298187256,0.4192032814025879,-0.3573702573776245,-0.36754870414733887,0.6645698547363281,0.6613311767578125,0.32223957777023315,0.33351701498031616
54008,0.8038070201873779,0.8070310950279236,0.956030547618866,0.9544709324836731,0.9379094243049622,0.9397767186164856,0.5845643281936646,0.5968482494354248,0.9367486238479614,0.9350334405899048,0.7665920853614807,0.7867764830589294,0.44777148962020874,0.45923906564712524,0.9237415790557861,0.9221795201301575,0.6988505721092224,0.7274190187454224
54012,0.9071884751319885,0.906369686126709,0.9122289419174194,0.9133933782577515,0.8642944097518921,0.8564882874488831,0.7386086583137512,0.7360822558403015,0.8521522283554077,0.855981707572937,0.6261172294616699,0.6089413166046143,0.5905375480651855,0.5842531323432922,0.8491642475128174,0.8517858386039734,0.618731677532196,0.620832622051239
54015,0.34257829189300537,0.347805380821228,0.7084643244743347,0.7018015384674072,0.7320396304130554,0.7280929684638977,-0.004427552223205566,-0.006620168685913086,0.6328309774398804,0.6244392991065979,0.5076806545257568,0.5175905227661133,-0.16838014125823975,-0.18094086647033691,0.6081526875495911,0.6001846790313721,0.384854793548584,0.3924102187156677
54017,0.59686279296875,0.6030803322792053,0.8609473705291748,0.855965256690979,0.8570212125778198,0.8556947708129883,0.23386722803115845,0.23925703763961792,0.8091580867767334,0.8050096035003662,0.6216700673103333,0.6454273462295532,0.06915169954299927,0.06940704584121704,0.7937853932380676,0.7884789109230042,0.49442529678344727,0.519293487071991
54018,0.6580946445465088,0.6571179628372192,0.9131447672843933,0.908738374710083,0.8891656994819641,0.8905808329582214,0.3778393864631653,0.38475990295410156,0.8820327520370483,0.8768817782402039,0.6434708833694458,0.661388635635376,0.21236884593963623,0.21472877264022827,0.8701842427253723,0.861351728439331,0.5490179061889648,0.568433403968811
54019,0.6982836723327637,0.695476770401001,0.8076692819595337,0.8058164119720459,0.7311289310455322,0.7222988605499268,0.3590337038040161,0.35474562644958496,0.7449600696563721,0.7408151626586914,0.6446338295936584,0.6425567865371704,0.17444056272506714,0.16537803411483765,0.731009840965271,0.7243599891662598,0.5396546125411987,0.5457546710968018
54020,0.8854888677597046,0.8859718441963196,0.9145342111587524,0.9178967475891113,0.8481305837631226,0.8354710936546326,0.7267634272575378,0.7327929735183716,0.8693883419036865,0.8665955066680908,0.653852641582489,0.6447171568870544,0.6097687482833862,0.616493821144104,0.8696104884147644,0.8705345988273621,0.6375056505203247,0.6497325897216797
54024,0.7720903754234314,0.8019282817840576,0.8550217747688293,0.8634689450263977,0.8265417218208313,0.8130183219909668,0.4965190887451172,0.5434997081756592,0.7764195203781128,0.7813298106193542,0.516074001789093,0.5071108937263489,0.34470683336257935,0.3988140821456909,0.792691707611084,0.7847614884376526,0.42031437158584595,0.4317035675048828
54025,0.6026716232299805,0.6007875204086304,0.9202896952629089,0.9163681864738464,0.822134256362915,0.8321601152420044,0.30811142921447754,0.3070242404937744,0.9160637855529785,0.9118868708610535,0.6418495774269104,0.6619143486022949,0.13087385892868042,0.1249462366104126,0.915064811706543,0.9115616679191589,0.540249228477478,0.5613058805465698
54027,0.9615451097488403,0.9616143703460693,0.931071400642395,0.9287988543510437,0.910300612449646,0.9057249426841736,0.9285139441490173,0.9289532899856567,0.9357564449310303,0.9338716864585876,0.9056321978569031,0.9073045253753662,0.8865525126457214,0.8871859312057495,0.9251938462257385,0.924238920211792,0.8597790002822876,0.8645386695861816
54028,0.5666403770446777,0.578821063041687,0.9202895164489746,0.9199226498603821,0.8741955757141113,0.8830687999725342,0.27366262674331665,0.29744696617126465,0.904358446598053,0.9062678217887878,0.5423263311386108,0.5754095315933228,0.08704346418380737,0.10882526636123657,0.9009604454040527,0.9027746319770813,0.45654135942459106,0.49607014656066895
54029,0.7993751764297485,0.799199104309082,0.9540914297103882,0.9549775719642639,0.9404723644256592,0.938540518283844,0.5968883037567139,0.6014009714126587,0.9352311491966248,0.9338875412940979,0.7953425645828247,0.8029919862747192,0.4676724076271057,0.47053074836730957,0.9237828850746155,0.9219058752059937,0.7347990274429321,0.7530699968338013
54032,0.9493993520736694,0.9477739334106445,0.9052994847297668,0.9143420457839966,0.9030081033706665,0.9032710790634155,0.8492445945739746,0.8438360095024109,0.8764364719390869,0.8852236866950989,0.8617281913757324,0.8595477342605591,0.743489682674408,0.7335604429244995,0.8440112471580505,0.8544366359710693,0.7931849360466003,0.797662079334259
54034,0.2515416741371155,0.37805843353271484,0.6393953561782837,0.8243493437767029,0.4486621022224426,0.6584567427635193,-0.33172059059143066,0.05257755517959595,0.6111420392990112,0.7952228784561157,0.26145124435424805,0.4528452754020691,-0.42627155780792236,-0.08137321472167969,0.6176763772964478,0.8047753572463989,0.23020607233047485,0.40307027101516724
54036,0.360164999961853,0.34966880083084106,0.8361559510231018,0.8286319971084595,0.8031042218208313,0.807567298412323,0.10267096757888794,0.0961347222328186,0.8486509919166565,0.8434016108512878,0.5286701917648315,0.5381163358688354,-0.02277684211730957,-0.034067511558532715,0.8244515657424927,0.8154206275939941,0.38413721323013306,0.3895297646522522
54044,0.4398864507675171,0.4605230689048767,0.8161722421646118,0.8142842054367065,0.8016974329948425,0.8046647906303406,-0.06718838214874268,-0.06591856479644775,0.7484424114227295,0.7432477474212646,0.5679861307144165,0.599923312664032,-0.2631192207336426,-0.28011059761047363,0.7711200714111328,0.7658185362815857,0.37135452032089233,0.39122992753982544
54052,0.6003190279006958,0.6076598763465881,0.908635139465332,0.905657172203064,0.8802900314331055,0.8856802582740784,0.23569875955581665,0.24046921730041504,0.8558747172355652,0.8521158695220947,0.6682079434394836,0.690403401851654,0.08771771192550659,0.08666223287582397,0.8556715250015259,0.8513047695159912,0.49386733770370483,0.508072018623352
54057,0.9547750949859619,0.9529553055763245,0.90717613697052,0.9128031730651855,0.8932772874832153,0.8928139805793762,0.8601046800613403,0.8546901345252991,0.8675775527954102,0.8735717535018921,0.8256397843360901,0.8233084678649902,0.7577335834503174,0.7483969926834106,0.8265538811683655,0.8306440114974976,0.7554918527603149,0.7614550590515137
55002,0.731332540512085,0.7352789640426636,0.9277855753898621,0.9293798208236694,0.922161877155304,0.9238206148147583,0.47321760654449463,0.486905038356781,0.9102739095687866,0.9130793809890747,0.72364342212677,0.7414031028747559,0.3238798975944519,0.3314759135246277,0.90605229139328,0.9096601009368896,0.6000860333442688,0.6256669759750366
55007,0.5909062623977661,0.5966763496398926,0.9138543009757996,0.9141673445701599,0.8693744540214539,0.8802276849746704,0.3131599426269531,0.3358422517776489,0.8988367915153503,0.9003933668136597,0.6232308149337769,0.6509578824043274,0.15719425678253174,0.17389553785324097,0.8932196497917175,0.8942180275917053,0.5363600254058838,0.5659747123718262
55008,0.14258873462677002,0.14234411716461182,0.813273549079895,0.8121740818023682,0.5051220655441284,0.5245882272720337,-0.17761898040771484,-0.17323577404022217,0.7951683402061462,0.7940628528594971,0.27907514572143555,0.300693154335022,-0.32005178928375244,-0.3177424669265747,0.7997239828109741,0.7977083921432495,0.1920720934867859,0.21255165338516235
55013,0.7857521772384644,0.7871536016464233,0.9397935271263123,0.9368569254875183,0.895362377166748,0.8993269205093384,0.6213752627372742,0.629015326499939,0.9326343536376953,0.9290259480476379,0.7455139756202698,0.759807288646698,0.487746000289917,0.49319976568222046,0.9285658597946167,0.9247243404388428,0.6780334115028381,0.6938502788543701
55014,0.8351530432701111,0.8527047038078308,0.9238584041595459,0.9284524321556091,0.898774266242981,0.9081481099128723,0.6382575035095215,0.673272967338562,0.9089154005050659,0.9144473671913147,0.7715166807174683,0.8077012300491333,0.516760528087616,0.5541440844535828,0.8991361856460571,0.9048240184783936,0.6935584545135498,0.7339028120040894
55016,0.5632127523422241,0.5662274956703186,0.8879162073135376,0.8852740526199341,0.8609136343002319,0.874445915222168,0.28359150886535645,0.30207234621047974,0.8707790374755859,0.8700078725814819,0.6587040424346924,0.6875170469284058,0.1363316774368286,0.14991974830627441,0.8658232092857361,0.8638593554496765,0.5870488286018372,0.6184234023094177
55018,0.32712990045547485,0.32908403873443604,0.8290444016456604,0.8228579163551331,0.8077315092086792,0.8100503087043762,0.056719422340393066,0.061971426010131836,0.8237751722335815,0.8212682008743286,0.5251580476760864,0.543670654296875,-0.05604732036590576,-0.06754601001739502,0.8155629634857178,0.8090416193008423,0.4095434546470642,0.42031097412109375
55021,0.8870078921318054,0.8901165723800659,0.9557459354400635,0.9565840363502502,0.9318622946739197,0.9308418035507202,0.7418071627616882,0.7515721321105957,0.9409475326538086,0.9403783082962036,0.815097451210022,0.8313249945640564,0.6352605819702148,0.644469141960144,0.9377472400665283,0.9362921714782715,0.7544205188751221,0.781373918056488
55023,0.8792558312416077,0.8798177242279053,0.914104700088501,0.9165405631065369,0.9073622226715088,0.907321035861969,0.7063280344009399,0.7109407186508179,0.9144469499588013,0.9182034134864807,0.865806519985199,0.8765555620193481,0.5521014928817749,0.5577480792999268,0.9049482345581055,0.9077368378639221,0.764173686504364,0.7886583805084229
55025,0.5417604446411133,0.6058480739593506,0.8649591207504272,0.8894582390785217,0.8068209290504456,0.8666438460350037,0.40654414892196655,0.47726207971572876,0.8629482388496399,0.8839964270591736,0.6710833311080933,0.7281304597854614,0.3247363567352295,0.38335609436035156,0.8515381813049316,0.8722068667411804,0.6190511584281921,0.6696176528930664
55026,0.45472848415374756,0.44998741149902344,0.8898486495018005,0.8890101909637451,0.7561585307121277,0.7670161128044128,0.12815183401107788,0.12709516286849976,0.8731887340545654,0.8705251216888428,0.5002017617225647,0.5179347991943359,-0.03433525562286377,-0.03829848766326904,0.8733789920806885,0.8726369142532349,0.4121887683868408,0.43180733919143677
55029,0.3654536008834839,0.37327271699905396,0.8249666690826416,0.824108362197876,0.7582032680511475,0.7862992882728577,0.1580418348312378,0.18183857202529907,0.8151611685752869,0.8132520914077759,0.5375427007675171,0.5759319067001343,0.032022058963775635,0.04613208770751953,0.8036082983016968,0.8034622669219971,0.46216893196105957,0.49393004179000854
55032,0.4454084038734436,0.4468501806259155,0.8033800721168518,0.7997691035270691,0.7421240210533142,0.7537646293640137,0.11653405427932739,0.1380864977836609,0.7398465871810913,0.7336832284927368,0.47845250368118286,0.50459223985672,-0.034050583839416504,-0.01580977439880371,0.735493540763855,0.7307854890823364,0.37968242168426514,0.4030912518501282
56001,0.5767762660980225,0.5883170962333679,0.9019016623497009,0.9074555039405823,0.8583886623382568,0.8764264583587646,0.3494723439216614,0.3780837655067444,0.8824889063835144,0.8894931077957153,0.6042842864990234,0.6370753645896912,0.21838337182998657,0.2398129105567932,0.8792344331741333,0.8884974718093872,0.5262810587882996,0.5596734285354614
56007,0.22061997652053833,0.23727506399154663,0.859351396560669,0.8625785112380981,0.6043189764022827,0.6315717697143555,-0.04217565059661865,-0.027500510215759277,0.8504331707954407,0.8528679609298706,0.3688948154449463,0.3954353332519531,-0.13827073574066162,-0.13793396949768066,0.8457779884338379,0.848183810710907,0.29664987325668335,0.32273125648498535
56013,0.5360355377197266,0.5458419322967529,0.9042576551437378,0.9040166735649109,0.8120946288108826,0.8325466513633728,0.30348795652389526,0.3143252730369568,0.8948467969894409,0.8941252827644348,0.6389931440353394,0.6684918403625488,0.18076956272125244,0.1856898069381714,0.890505313873291,0.8896554112434387,0.5620359182357788,0.5928330421447754
57004,0.36388278007507324,0.38636302947998047,0.8433919548988342,0.8551213145256042,0.6508100628852844,0.6826956868171692,0.057381510734558105,0.0997357964515686,0.8385544419288635,0.8531430959701538,0.4003148078918457,0.4334881901741028,-0.06409716606140137,-0.03176534175872803,0.8373874425888062,0.8534256219863892,0.3259795308113098,0.35729825496673584
57005,0.4385846257209778,0.46078091859817505,0.8555471301078796,0.8723685145378113,0.6633576154708862,0.694596529006958,0.1500222086906433,0.18688440322875977,0.8479995131492615,0.8660104274749756,0.3830565810203552,0.4131905436515808,0.01068878173828125,0.04119277000427246,0.8463215827941895,0.8658406734466553,0.3070213794708252,0.3368125557899475
57006,0.33239591121673584,0.35477763414382935,0.8358560800552368,0.8507816791534424,0.565518856048584,0.5909394025802612,0.014069020748138428,0.0477105975151062,0.824446976184845,0.8404684066772461,0.283725380897522,0.3059808611869812,-0.12792468070983887,-0.10201168060302734,0.8195929527282715,0.8395459651947021,0.20162075757980347,0.2223173975944519
57007,0.3325750231742859,0.3781753182411194,0.8254879713058472,0.8542137742042542,0.6511867046356201,0.7077338695526123,0.05002039670944214,0.11517608165740967,0.8095731735229492,0.8414074182510376,0.400437593460083,0.4509478211402893,-0.06821441650390625,-0.007274985313415527,0.8001272678375244,0.8341895937919617,0.3343336582183838,0.3825939893722534
57008,0.5724620819091797,0.5826661586761475,0.9117008447647095,0.9156295657157898,0.7684022188186646,0.7916334867477417,0.35517436265945435,0.38632476329803467,0.9036203622817993,0.9106512069702148,0.543032169342041,0.5742473006248474,0.21866804361343384,0.243178129196167,0.8953887224197388,0.9047003984451294,0.46885257959365845,0.5007597804069519
58001,0.4905824661254883,0.5024492740631104,0.8781496286392212,0.8839098811149597,0.699556291103363,0.7220707535743713,0.2041327953338623,0.23020166158676147,0.8610460758209229,0.8682005405426025,0.4602354168891907,0.48820799589157104,0.01708078384399414,0.03753805160522461,0.8540380597114563,0.8648805618286133,0.367061972618103,0.3965158462524414
58006,0.21290886402130127,0.2508419156074524,0.8272867798805237,0.8446628451347351,0.596869945526123,0.6383387446403503,-0.04270923137664795,-0.0065233707427978516,0.812442421913147,0.8285630941390991,0.3677713871002197,0.4057539701461792,-0.14943289756774902,-0.11980569362640381,0.8063827753067017,0.8254340887069702,0.2943100929260254,0.33178555965423584
58008,0.15518200397491455,0.18181049823760986,0.840616762638092,0.8503000736236572,0.5822880268096924,0.6167507171630859,-0.12194442749023438,-0.09149003028869629,0.8281640410423279,0.8390777707099915,0.387371301651001,0.4231206178665161,-0.2527550458908081,-0.2358912229537964,0.8240735530853271,0.8349460363388062,0.3253548741340637,0.36025673151016235
58009,0.43270063400268555,0.4607664942741394,0.894399106502533,0.8976171016693115,0.7093995809555054,0.7491821050643921,0.22411149740219116,0.2689278721809387,0.8915961980819702,0.8929054141044617,0.5516677498817444,0.5960344672203064,0.08608424663543701,0.1258394718170166,0.883903980255127,0.8871440291404724,0.4786737561225891,0.5226383209228516
59001,0.09594696760177612,0.11713200807571411,0.7985016107559204,0.8056316375732422,0.599882960319519,0.6297786235809326,-0.17882239818572998,-0.15523099899291992,0.7916228175163269,0.7994001507759094,0.3703789710998535,0.40083760023117065,-0.29688549041748047,-0.2825416326522827,0.7903261780738831,0.7964781522750854,0.32470422983169556,0.35551315546035767
60002,0.47695112228393555,0.4822409152984619,0.8245480060577393,0.8236633539199829,0.7602280378341675,0.7733559012413025,0.1365373134613037,0.1497216820716858,0.8024889230728149,0.8043330907821655,0.5553209781646729,0.579515814781189,-0.008987784385681152,-0.0022219419479370117,0.7940868735313416,0.796507716178894,0.48173338174819946,0.507627546787262
60003,0.5843746662139893,0.5891484618186951,0.8882924914360046,0.8883413672447205,0.8383902311325073,0.8436294198036194,0.3861542344093323,0.39552271366119385,0.8835277557373047,0.8839535713195801,0.6721957921981812,0.6881940960884094,0.2813318967819214,0.28853750228881836,0.8789739012718201,0.8788467645645142,0.6237682700157166,0.6398290991783142
60005,0.5326231718063354,0.5396111011505127,0.8901792168617249,0.8886458873748779,0.8169676065444946,0.8357219099998474,0.2555801272392273,0.27003180980682373,0.8713431358337402,0.8704339265823364,0.6331837177276611,0.6621107459068298,0.09777599573135376,0.1072189211845398,0.8660219311714172,0.8660651445388794,0.5462645888328552,0.5776546597480774
60006,0.5960183143615723,0.6010792851448059,0.8890542984008789,0.8901211023330688,0.7940185070037842,0.8080884218215942,0.32736414670944214,0.33449649810791016,0.8707277178764343,0.8732569217681885,0.6191515922546387,0.6401017308235168,0.19380700588226318,0.19446814060211182,0.8513699769973755,0.8531023263931274,0.5624549388885498,0.5893688797950745
60010,0.6252090930938721,0.6378999948501587,0.8963713645935059,0.9004707932472229,0.8735508918762207,0.8844786882400513,0.2887871265411377,0.31060779094696045,0.8607205152511597,0.8673889636993408,0.6513600945472717,0.6810433268547058,0.12956887483596802,0.14408808946609497,0.8568979501724243,0.863486647605896,0.5889230966567993,0.623797595500946
61002,0.4761236906051636,0.4750347137451172,0.8699292540550232,0.86783367395401,0.764467179775238,0.7688521146774292,0.27916771173477173,0.284329354763031,0.8671758770942688,0.8655826449394226,0.591681957244873,0.6032524108886719,0.1728387475013733,0.17375034093856812,0.8615040183067322,0.8597732186317444,0.536776065826416,0.5481486320495605
62001,0.7584614157676697,0.7593367099761963,0.9208375215530396,0.9195214509963989,0.9082298278808594,0.9097423553466797,0.48828214406967163,0.491763710975647,0.8940008878707886,0.8919561505317688,0.7578015923500061,0.7712347507476807,0.3209233283996582,0.3223534822463989,0.8886911869049072,0.8875342607498169,0.6786347031593323,0.696995198726654
63001,0.44285905361175537,0.43910396099090576,0.8653788566589355,0.8634342551231384,0.794012725353241,0.7995171546936035,0.09879434108734131,0.09859275817871094,0.8509817719459534,0.8484416007995605,0.5741640329360962,0.5887733101844788,-0.07191729545593262,-0.07434499263763428,0.8389258980751038,0.8364512920379639,0.4888436198234558,0.5054076910018921
64002,0.4322550892829895,0.43872570991516113,0.7942456007003784,0.8028630614280701,0.7096338272094727,0.7218225002288818,0.04875302314758301,0.06648355722427368,0.7637869119644165,0.7767881155014038,0.4815340042114258,0.5080004334449768,-0.12125229835510254,-0.1097029447555542,0.7548502087593079,0.7631841897964478,0.39781755208969116,0.42624950408935547
65001,0.09001076221466064,0.11754763126373291,0.7805376052856445,0.7940782308578491,0.5507378578186035,0.5793219208717346,-0.3126791715621948,-0.2831176519393921,0.7506313920021057,0.7623951435089111,0.208451509475708,0.24063336849212646,-0.44389450550079346,-0.41830337047576904,0.7453685998916626,0.758507251739502,0.13913774490356445,0.16919374465942383
65005,0.15237033367156982,0.15981298685073853,0.7949846982955933,0.7943190932273865,0.6390155553817749,0.648867130279541,-0.07870268821716309,-0.07095491886138916,0.7986338138580322,0.7959705591201782,0.45537489652633667,0.4778496026992798,-0.16128921508789062,-0.1542956829071045,0.7939535975456238,0.7914286255836487,0.3990454077720642,0.42080050706863403
65008,-0.13332772254943848,-0.10276281833648682,0.6695661544799805,0.6812721490859985,0.3136305809020996,0.33603477478027344,-0.4693734645843506,-0.4476158618927002,0.6502797603607178,0.6613428592681885,0.0978400707244873,0.11674559116363525,-0.5196371078491211,-0.49448060989379883,0.6462942957878113,0.6534008383750916,0.05120682716369629,0.06721341609954834
66001,0.8526248931884766,0.8570274114608765,0.9322881698608398,0.9327288269996643,0.9245516657829285,0.9230047464370728,0.6525262594223022,0.6597870588302612,0.9154021739959717,0.9171612858772278,0.8023175001144409,0.8155986070632935,0.4969719648361206,0.5027979612350464,0.9016178846359253,0.8995058536529541,0.7015145421028137,0.7208666801452637
66004,0.9199979305267334,0.9198879599571228,0.8468919992446899,0.8474088311195374,0.8131954073905945,0.8076752424240112,0.8036452531814575,0.8023272752761841,0.7384010553359985,0.7396026849746704,0.6581143140792847,0.6516463756561279,0.702887773513794,0.6996195316314697,0.6767638325691223,0.677049994468689,0.5475171804428101,0.5397127866744995
66011,0.08404642343521118,0.09868729114532471,0.8110705614089966,0.8204614520072937,0.5436222553253174,0.5736855268478394,-0.2613333463668823,-0.24666035175323486,0.7891143560409546,0.7996090650558472,0.28097230195999146,0.3141345977783203,-0.35069334506988525,-0.34060120582580566,0.7896267771720886,0.8035635948181152,0.2253285050392151,0.26028114557266235
67001,0.803441047668457,0.8051905035972595,0.9337588548660278,0.9322614669799805,0.9397580623626709,0.9385449290275574,0.5246737003326416,0.5269129872322083,0.909856915473938,0.9095038175582886,0.7407455444335938,0.7542209029197693,0.32031577825546265,0.31789451837539673,0.896155059337616,0.8976576328277588,0.5502822399139404,0.5783514976501465
67006,0.5157572627067566,0.518303394317627,0.8857612609863281,0.8823736310005188,0.7905797958374023,0.8002644181251526,0.23381179571151733,0.237626314163208,0.8817545175552368,0.8814298510551453,0.5880986452102661,0.6204062104225159,0.09498155117034912,0.09470373392105103,0.8745567798614502,0.8747093677520752,0.5015409588813782,0.535946249961853
67008,0.7495559453964233,0.7512418031692505,0.8903586864471436,0.8901455402374268,0.8484951257705688,0.8458073735237122,0.5053147077560425,0.5092440843582153,0.8765003085136414,0.8783344030380249,0.6946542859077454,0.7029447555541992,0.34685182571411133,0.3462327718734741,0.8515352606773376,0.8474361896514893,0.5662341117858887,0.5739917755126953
67015,0.8039268851280212,0.814668595790863,0.9364839792251587,0.938880205154419,0.9236647486686707,0.9248243570327759,0.5607506036758423,0.5752577185630798,0.9223235845565796,0.9239810109138489,0.6876504421234131,0.7104763984680176,0.38131779432296753,0.3941230773925781,0.9182882308959961,0.9204615354537964,0.5658345818519592,0.5979113578796387
67018,0.08284205198287964,0.0908096432685852,0.84222811460495,0.8491527438163757,0.5114885568618774,0.5409768223762512,-0.24211931228637695,-0.22882521152496338,0.8249211311340332,0.8328640460968018,0.3246096968650818,0.3599538207054138,-0.34705305099487305,-0.3402820825576782,0.8287196159362793,0.8359841704368591,0.2618553042411804,0.2964169383049011
68001,0.7731918096542358,0.7784842848777771,0.9309880137443542,0.9306800365447998,0.8922342658042908,0.8887835144996643,0.46522921323776245,0.47458600997924805,0.9209375977516174,0.9209632277488708,0.6512852311134338,0.6606603860855103,0.26987791061401367,0.2750774621963501,0.9039950370788574,0.9023971557617188,0.5581878423690796,0.5748212337493896
68003,0.5879898071289062,0.589937686920166,0.9034858345985413,0.9038164019584656,0.9109363555908203,0.9134006500244141,0.26416003704071045,0.2684744596481323,0.8783570528030396,0.8806091547012329,0.6864222288131714,0.7095303535461426,0.0784827470779419,0.07731884717941284,0.8663896322250366,0.8681685924530029,0.575019359588623,0.6014933586120605
68004,0.5678392648696899,0.5817415714263916,0.861031711101532,0.8712851405143738,0.7598086595535278,0.7802687287330627,0.1257838010787964,0.15519648790359497,0.8287936449050903,0.841829776763916,0.5152863264083862,0.5541104078292847,-0.11787235736846924,-0.09464502334594727,0.8033393621444702,0.8178713917732239,0.3692368268966675,0.4011532664299011
68005,0.7862874865531921,0.7844727039337158,0.933218777179718,0.933527946472168,0.9013118743896484,0.9015119075775146,0.5741344094276428,0.5728020668029785,0.9095919132232666,0.9084659814834595,0.7298260927200317,0.7399249076843262,0.44816291332244873,0.4447370767593384,0.8905966281890869,0.8885735273361206,0.6418764591217041,0.654888391494751
69002,0.23389047384262085,0.2509203553199768,0.874082624912262,0.8757314682006836,0.7464839220046997,0.7611251473426819,-0.10339021682739258,-0.08950293064117432,0.8471035957336426,0.845125138759613,0.43763625621795654,0.4691978693008423,-0.27537429332733154,-0.2726266384124756,0.8431540727615356,0.8410593271255493,0.36268919706344604,0.3972907066345215
69015,0.5260522961616516,0.5109199285507202,0.8576340675354004,0.8585588335990906,0.7664327621459961,0.7647649049758911,0.23064345121383667,0.20647668838500977,0.8381421566009521,0.8399616479873657,0.5390732288360596,0.5448163151741028,0.06642425060272217,0.03698122501373291,0.8290552496910095,0.8288020491600037,0.45095235109329224,0.4616435170173645
69027,0.31624048948287964,0.31038784980773926,0.8687088489532471,0.8678005337715149,0.7453269958496094,0.7523360848426819,-0.025876164436340332,-0.03246486186981201,0.869515597820282,0.8685182332992554,0.4827823042869568,0.5044582486152649,-0.20857703685760498,-0.22068560123443604,0.8601344227790833,0.8583920001983643,0.39338451623916626,0.41830092668533325
71001,0.2654397487640381,0.2798824906349182,0.8869929909706116,0.8876923322677612,0.7594154477119446,0.7775713801383972,-0.11587119102478027,-0.10225701332092285,0.8699657917022705,0.8704323768615723,0.4352618455886841,0.47767573595046997,-0.26105034351348877,-0.25774550437927246,0.8683426976203918,0.870265781879425,0.38715481758117676,0.43543440103530884
71004,0.24694061279296875,0.2574155330657959,0.8801937699317932,0.8789461851119995,0.6841843128204346,0.7029995918273926,-0.11929035186767578,-0.10899829864501953,0.86967933177948,0.8667981624603271,0.4242449998855591,0.4668409824371338,-0.272188663482666,-0.2749086618423462,0.8620502948760986,0.8594341278076172,0.3683779239654541,0.41315460205078125
71006,0.3213331699371338,0.3274296522140503,0.8945488929748535,0.892309308052063,0.7334601283073425,0.745102047920227,-0.05853879451751709,-0.05143320560455322,0.8804367184638977,0.8782855868339539,0.43696129322052,0.4729069471359253,-0.21040654182434082,-0.20950233936309814,0.876848042011261,0.8750453591346741,0.39789271354675293,0.4393736720085144
72002,0.2602401375770569,0.2643958330154419,0.8383055925369263,0.8361009955406189,0.7333083152770996,0.7370516657829285,-0.13290011882781982,-0.11954629421234131,0.8301957845687866,0.8297078013420105,0.4161229729652405,0.4400399923324585,-0.2839735746383667,-0.2768402099609375,0.8333200216293335,0.8311526775360107,0.37538427114486694,0.4038868546485901
72004,0.14085125923156738,0.13359487056732178,0.8278337121009827,0.8236121535301208,0.6871484518051147,0.6978532075881958,-0.21862757205963135,-0.21459436416625977,0.8117446303367615,0.8124585151672363,0.3741724491119385,0.408496618270874,-0.34595251083374023,-0.34234917163848877,0.8139237761497498,0.8132374882698059,0.34169286489486694,0.3829675316810608
72005,0.12075197696685791,0.10655134916305542,0.8143407106399536,0.8088216781616211,0.6051366329193115,0.6243951320648193,-0.2243748903274536,-0.23016750812530518,0.8021702766418457,0.8006691932678223,0.3528771996498108,0.3833252787590027,-0.3607211112976074,-0.36426734924316406,0.8059226274490356,0.8046331405639648,0.28830093145370483,0.3209332227706909
73005,0.23469120264053345,0.22263193130493164,0.8375800251960754,0.8351695537567139,0.6875341534614563,0.7001488208770752,-0.07967627048492432,-0.0833200216293335,0.8296513557434082,0.8319969773292542,0.4240853786468506,0.4448029398918152,-0.22134745121002197,-0.22725319862365723,0.824341356754303,0.8267086744308472,0.3582181930541992,0.38238149881362915
73010,0.9032206535339355,0.9027971625328064,0.9517996907234192,0.9500847458839417,0.9513257741928101,0.950777530670166,0.7239629030227661,0.7208523154258728,0.9335817694664001,0.9330500364303589,0.8589533567428589,0.8637692928314209,0.5471855401992798,0.5398789048194885,0.9257546663284302,0.9261547923088074,0.7353464961051941,0.7510873079299927
73011,0.22575664520263672,0.216280996799469,0.8563271760940552,0.855006217956543,0.6550540924072266,0.673809289932251,-0.09144234657287598,-0.09300768375396729,0.853565514087677,0.8549965620040894,0.4211815595626831,0.45293039083480835,-0.23961865901947021,-0.24265289306640625,0.8490703105926514,0.8504658341407776,0.3636900782585144,0.4002288579940796
74001,0.029587149620056152,0.03575962781906128,0.8108851313591003,0.8068517446517944,0.5420962572097778,0.5573954582214355,-0.3199503421783447,-0.3094754219055176,0.7975109219551086,0.7957508563995361,0.2591168284416199,0.28158634901046753,-0.4479203224182129,-0.4406181573867798,0.7980412244796753,0.7945716977119446,0.19716185331344604,0.22095590829849243
74006,-0.03882646560668945,-0.03688359260559082,0.7887110114097595,0.7878506183624268,0.522030234336853,0.5377134084701538,-0.38025665283203125,-0.3754037618637085,0.7774176001548767,0.7790026068687439,0.2815209627151489,0.3030549883842468,-0.4869459867477417,-0.4817953109741211,0.7789348363876343,0.7790544033050537,0.22724097967147827,0.25040704011917114
75003,0.8686836361885071,0.8663071393966675,0.932104229927063,0.9301166534423828,0.9293226599693298,0.926284670829773,0.6402581334114075,0.6339460611343384,0.9059635400772095,0.9042417407035828,0.8399187326431274,0.8423088788986206,0.45223551988601685,0.44298088550567627,0.8917067646980286,0.8922919034957886,0.7084497213363647,0.7242054343223572
75004,0.5901063680648804,0.5884602069854736,0.8985729813575745,0.897056519985199,0.8532184958457947,0.853152334690094,0.19051283597946167,0.19151508808135986,0.858059287071228,0.8608828186988831,0.5782586336135864,0.5952306389808655,-0.03201878070831299,-0.03054022789001465,0.8433057069778442,0.8461446762084961,0.4333750009536743,0.45550966262817383
76005,0.16049838066101074,0.1575871706008911,0.8099528551101685,0.8077436685562134,0.7370537519454956,0.7475250959396362,-0.212601900100708,-0.2106614112854004,0.7823646068572998,0.7868086099624634,0.435339093208313,0.4660033583641052,-0.33832621574401855,-0.3372659683227539,0.7798708081245422,0.7866581678390503,0.34451645612716675,0.3745275139808655
76007,0.4949612021446228,0.5102771520614624,0.9177120327949524,0.9200198650360107,0.8982254266738892,0.907603919506073,0.14289766550064087,0.14866125583648682,0.9021796584129333,0.9073116183280945,0.6192819476127625,0.6608668565750122,-0.004849553108215332,0.002624690532684326,0.898237943649292,0.903472363948822,0.530980110168457,0.5787609815597534
76008,0.04145658016204834,0.0544968843460083,0.7751498222351074,0.7843508124351501,0.7085673809051514,0.7280428409576416,-0.39569032192230225,-0.397629976272583,0.7617330551147461,0.7717623114585876,0.3887408375740051,0.4223906397819519,-0.540780782699585,-0.5426328182220459,0.7648792862892151,0.7745674848556519,0.29836946725845337,0.32952624559402466
76011,0.02669370174407959,0.03144890069961548,0.797334611415863,0.7951502203941345,0.6177815794944763,0.6419289112091064,-0.38717734813690186,-0.37547385692596436,0.7892913818359375,0.7894747853279114,0.3222973942756653,0.35383278131484985,-0.552953839302063,-0.5426408052444458,0.7837414145469666,0.7851199507713318,0.23265844583511353,0.2605783939361572
77002,0.303635835647583,0.31898802518844604,0.8716402053833008,0.874350368976593,0.730029284954071,0.751549482345581,-0.052375078201293945,-0.030017733573913574,0.8467539548873901,0.8557528853416443,0.4302482604980469,0.46318066120147705,-0.20451867580413818,-0.18054938316345215,0.8387614488601685,0.8452804088592529,0.34338152408599854,0.3777919411659241
78003,0.538733184337616,0.5471731424331665,0.9113779664039612,0.9127910733222961,0.8853532671928406,0.8935866355895996,0.21510475873947144,0.2246570587158203,0.8965733051300049,0.8986454606056213,0.6028540134429932,0.62947678565979,0.053864359855651855,0.06367748975753784,0.8918453454971313,0.8939411640167236,0.5011720657348633,0.5299092531204224
78004,0.20360541343688965,0.20972704887390137,0.8031367063522339,0.8081367611885071,0.6676775813102722,0.7007086873054504,-0.1333761215209961,-0.11903202533721924,0.7974467277526855,0.8022499680519104,0.422014057636261,0.45975905656814575,-0.2601851224899292,-0.24579370021820068,0.7969542145729065,0.8006567358970642,0.3413807153701782,0.37844324111938477
79002,0.44758397340774536,0.451052725315094,0.884903073310852,0.8905186653137207,0.8311768770217896,0.8499213457107544,0.1220657229423523,0.13146716356277466,0.8634220361709595,0.8693441152572632,0.5627180337905884,0.5917314291000366,0.008607625961303711,0.019656002521514893,0.8563918471336365,0.8611735701560974,0.47113680839538574,0.5011986494064331
79003,0.4376729726791382,0.4388522505760193,0.8358797430992126,0.8373160362243652,0.7960569858551025,0.8107795715332031,0.06290072202682495,0.06714695692062378,0.808437705039978,0.8094211220741272,0.513903021812439,0.5448523759841919,-0.05607330799102783,-0.04767584800720215,0.8037896752357483,0.8048719167709351,0.42576462030410767,0.4578602910041809
79004,0.25874531269073486,0.2696722745895386,0.8626753687858582,0.8698729872703552,0.6806817054748535,0.7069385647773743,-0.06120193004608154,-0.04324746131896973,0.8454421162605286,0.8532567024230957,0.4506680369377136,0.48329299688339233,-0.16329264640808105,-0.1429358720779419,0.8385359048843384,0.8464727401733398,0.3688623309135437,0.39899545907974243
79005,0.3781932592391968,0.37952136993408203,0.8738646507263184,0.8755558729171753,0.8299218416213989,0.8453118205070496,0.06670880317687988,0.06919854879379272,0.8599432706832886,0.8608941435813904,0.5390887260437012,0.5650079250335693,-0.05696535110473633,-0.05257892608642578,0.8545811772346497,0.8557049036026001,0.46146178245544434,0.48994457721710205
79006,0.36801135540008545,0.37361180782318115,0.855459988117218,0.8618988990783691,0.7714889049530029,0.7926625609397888,0.00012606382369995117,0.010530650615692139,0.831012487411499,0.8390961289405823,0.49590426683425903,0.5239453315734863,-0.09969127178192139,-0.08689939975738525,0.826479434967041,0.8335419297218323,0.4107530117034912,0.4395332932472229
80001,0.3305627107620239,0.32840287685394287,0.8753609657287598,0.8750156164169312,0.82942134141922,0.8374718427658081,0.03131288290023804,0.02973949909210205,0.8540849089622498,0.8535298705101013,0.5524858236312866,0.5719209909439087,-0.08297717571258545,-0.08156347274780273,0.8521926999092102,0.8524309396743774,0.46948903799057007,0.4903362989425659
81003,0.05854833126068115,0.05991506576538086,0.8282232284545898,0.8300641179084778,0.6671770215034485,0.6730668544769287,-0.3192455768585205,-0.3205091953277588,0.8099783658981323,0.8110775947570801,0.41881418228149414,0.4355044960975647,-0.4032193422317505,-0.40141475200653076,0.796028733253479,0.7970628142356873,0.30602967739105225,0.3208933472633362
82001,0.5373165011405945,0.5385259985923767,0.8731018900871277,0.8745850324630737,0.823923647403717,0.8340584635734558,0.20831388235092163,0.21326518058776855,0.864342212677002,0.864307701587677,0.6145286560058594,0.6424939632415771,0.08883333206176758,0.09819728136062622,0.8629034757614136,0.8621240854263306,0.5351771116256714,0.5655381679534912
82003,0.2892776131629944,0.2882213592529297,0.8374929428100586,0.8386906385421753,0.7473561763763428,0.7563266754150391,-0.09531009197235107,-0.09526729583740234,0.8241609334945679,0.8242027163505554,0.46856266260147095,0.48760074377059937,-0.1831892728805542,-0.17830383777618408,0.8202198147773743,0.8200020790100098,0.3930776119232178,0.41370129585266113
83003,0.17094147205352783,0.16971343755722046,0.7892355918884277,0.7873603701591492,0.6371833086013794,0.6568927764892578,-0.2055957317352295,-0.20499610900878906,0.784557044506073,0.781374990940094,0.403009831905365,0.4431536793708801,-0.34309709072113037,-0.33374977111816406,0.777242124080658,0.77582186460495,0.32830703258514404,0.36824268102645874
83004,0.24629557132720947,0.23987197875976562,0.8052279353141785,0.8036627769470215,0.6794489622116089,0.6895644664764404,-0.13366854190826416,-0.13774144649505615,0.8058401346206665,0.8044443130493164,0.4672181010246277,0.49443668127059937,-0.2591007947921753,-0.25786805152893066,0.796862006187439,0.7961309552192688,0.3980291485786438,0.4254480004310608
84001,0.5635501146316528,0.563258707523346,0.8983812928199768,0.8975958824157715,0.842597246170044,0.8605456948280334,0.220863938331604,0.23037153482437134,0.8802030682563782,0.877727210521698,0.5941647887229919,0.6415632367134094,0.03537720441818237,0.05210179090499878,0.8796302080154419,0.8768924474716187,0.4860442876815796,0.5385533571243286
84004,0.5167627334594727,0.5184931755065918,0.9004669785499573,0.901950478553772,0.904484212398529,0.9124428629875183,0.2044534683227539,0.21348804235458374,0.8654619455337524,0.8663024306297302,0.6246013641357422,0.6515493392944336,0.08683174848556519,0.09963512420654297,0.8696020245552063,0.8709380626678467,0.5182915925979614,0.5463407039642334
84005,0.5943527221679688,0.5898799896240234,0.9145212173461914,0.9146693348884583,0.8828615546226501,0.8906443119049072,0.22750771045684814,0.22919362783432007,0.8950425386428833,0.8937912583351135,0.6356809139251709,0.6723178029060364,0.07734793424606323,0.08478200435638428,0.8892228007316589,0.8886755704879761,0.5281492471694946,0.5707924962043762
84008,0.2810695767402649,0.2797483801841736,0.848885178565979,0.8475457429885864,0.6648665070533752,0.6859949827194214,-0.04442000389099121,-0.04586625099182129,0.8374883532524109,0.8344961404800415,0.4626483917236328,0.496645450592041,-0.18247997760772705,-0.17330288887023926,0.8332020044326782,0.8299993276596069,0.37905991077423096,0.4125210642814636
84012,0.3606671690940857,0.3604770302772522,0.8556675910949707,0.8576240539550781,0.7600396871566772,0.7743271589279175,0.014790534973144531,0.018099725246429443,0.8466407060623169,0.8478943705558777,0.5295484066009521,0.5677070617675781,-0.1375868320465088,-0.12778091430664062,0.8388229012489319,0.8416340947151184,0.442341148853302,0.4852029085159302
84013,0.5887804627418518,0.5855951309204102,0.9176168441772461,0.9178361892700195,0.8792828321456909,0.885368824005127,0.21271473169326782,0.21658968925476074,0.9026544094085693,0.9016724824905396,0.6342079639434814,0.6713636517524719,0.0616338849067688,0.07162654399871826,0.8959203958511353,0.8948609232902527,0.5278700590133667,0.5712088346481323
84014,0.28085076808929443,0.27308470010757446,0.8507745862007141,0.8522806167602539,0.6927807927131653,0.7165251970291138,-0.10303223133087158,-0.10343194007873535,0.8432793021202087,0.8414981961250305,0.44637352228164673,0.48804378509521484,-0.24032509326934814,-0.2303224802017212,0.8357398509979248,0.8344705104827881,0.36409980058670044,0.40650278329849243
84016,0.30787408351898193,0.3172681927680969,0.844430685043335,0.843214213848114,0.5510905981063843,0.5596681833267212,-0.03480052947998047,-0.02124333381652832,0.8248941898345947,0.8237286806106567,0.35183602571487427,0.37808501720428467,-0.1805119514465332,-0.1580430269241333,0.8368033170700073,0.8358461260795593,0.301249623298645,0.33149564266204834
84017,0.755944013595581,0.7588955163955688,0.9189164042472839,0.9188037514686584,0.8907259106636047,0.9009277820587158,0.45351022481918335,0.46366626024246216,0.8878737688064575,0.8891560435295105,0.6737940907478333,0.7104681730270386,0.23860770463943481,0.25410228967666626,0.8798745274543762,0.8798567056655884,0.5450437068939209,0.5983636379241943
84018,0.5303733944892883,0.5281790494918823,0.9018502831459045,0.9016003012657166,0.9050899744033813,0.9119763970375061,0.20518100261688232,0.21046799421310425,0.8748611211776733,0.8739654421806335,0.6270777583122253,0.6541996598243713,0.07866513729095459,0.08858197927474976,0.8748685121536255,0.8749968409538269,0.5194146633148193,0.5497481822967529
84019,0.3041694760322571,0.31030458211898804,0.8481666445732117,0.850714385509491,0.6341589093208313,0.6444187164306641,-0.07336997985839844,-0.06353366374969482,0.8388478755950928,0.8404050469398499,0.37768620252609253,0.4026373028755188,-0.21961665153503418,-0.2028026580810547,0.8341740369796753,0.8349918127059937,0.28261977434158325,0.30774885416030884
84020,0.0716126561164856,0.1308165192604065,0.7930944561958313,0.8029254674911499,0.5568594336509705,0.621540904045105,-0.2443140745162964,-0.201623797416687,0.7824808955192566,0.7839861512184143,0.3525426983833313,0.41808801889419556,-0.39611542224884033,-0.34312713146209717,0.7784070372581482,0.7827231884002686,0.27832674980163574,0.3399606943130493
84022,0.29751819372177124,0.29701948165893555,0.8046629428863525,0.8104126453399658,0.7114224433898926,0.7359757423400879,-0.07254624366760254,-0.06589090824127197,0.7958238124847412,0.8011151552200317,0.46089231967926025,0.4935431480407715,-0.17322075366973877,-0.16223156452178955,0.7910892963409424,0.7956907153129578,0.3700478672981262,0.4007202982902527
85001,0.9687668681144714,0.967420756816864,0.9440786242485046,0.9422237277030945,0.9477399587631226,0.9459723830223083,0.9231473803520203,0.9203863739967346,0.9123253226280212,0.9086358547210693,0.913439154624939,0.9106382131576538,0.8726643919944763,0.8684431314468384,0.8935146331787109,0.8894318342208862,0.8796555995941162,0.8804049491882324
85002,0.217026948928833,0.23542457818984985,0.8127099275588989,0.8138469457626343,0.7160937190055847,0.7455856204032898,-0.1087653636932373,-0.0914086103439331,0.7982640862464905,0.7962679266929626,0.4686816930770874,0.5031977891921997,-0.24403345584869385,-0.22659015655517578,0.799034059047699,0.7973020672798157,0.401825487613678,0.4371907711029053
85003,-0.09253156185150146,-0.07853901386260986,0.7603856921195984,0.763860821723938,0.4367843270301819,0.47041410207748413,-0.47027671337127686,-0.46232569217681885,0.7394005060195923,0.7401459813117981,0.24749493598937988,0.2844221591949463,-0.5716249942779541,-0.5600405931472778,0.7354134321212769,0.7354059219360352,0.20168757438659668,0.23746347427368164
94001,0.9433541893959045,0.943069338798523,0.9666423797607422,0.9669359922409058,0.9672564268112183,0.9681857824325562,0.8309868574142456,0.8297516703605652,0.9496557712554932,0.951066792011261,0.9078227877616882,0.9108484983444214,0.7108802199363708,0.7083213329315186,0.9376227259635925,0.9389815330505371,0.8420003652572632,0.851952075958252
97002,0.4037437438964844,0.39697426557540894,0.8244788646697998,0.8224527835845947,0.8312444686889648,0.8293676376342773,-0.041615843772888184,-0.05554938316345215,0.7370890378952026,0.73358154296875,0.5083174109458923,0.5056513547897339,-0.21997487545013428,-0.23741984367370605,0.7218630313873291,0.7184336185455322,0.4086058735847473,0.40548890829086304
101002,0.440199613571167,0.44711536169052124,0.8343192934989929,0.8294556736946106,0.6916770935058594,0.6888352632522583,0.23819184303283691,0.24828004837036133,0.8181840181350708,0.8143019080162048,0.5470659136772156,0.5558974146842957,0.16084420680999756,0.15809422731399536,0.8166302442550659,0.8119364380836487,0.4849753975868225,0.49537038803100586
